[
  {
    "ts": "2026-04-28T15:06:43.942747+00:00",
    "source": "trello",
    "action": "run_started",
    "data": {
      "last_seen_at": null,
      "wiki_v2_active": true
    }
  },
  {
    "ts": "2026-04-28T15:07:48.550575+00:00",
    "source": "trello",
    "action": "wiki_v2_claim_written",
    "data": {
      "claim_id": "4f891142-e81a-4f92-ab15-f4ce314a666e",
      "blob_path": "memory/vault/claims/4f891142-e81a-4f92-ab15-f4ce314a666e.md",
      "entity_id": "68de8d12135a83b6b828f0d7",
      "claim_type": "status"
    }
  },
  {
    "ts": "2026-04-28T15:07:48.556475+00:00",
    "source": "trello",
    "action": "wiki_v2_event_processed",
    "data": {
      "event_key": "trello:68de8d12135a83b6b828f0fb",
      "claims_written": 1,
      "claims_superseded": 0,
      "decision_keys_persisted": 0,
      "linkage_keys_persisted": 0
    }
  },
  {
    "ts": "2026-04-28T15:07:48.563342+00:00",
    "source": "trello",
    "action": "event_processed",
    "data": {
      "event_key": "trello:68de8d12135a83b6b828f0fb",
      "content_key": "trello:68de8d12135a83b6b828f0d7:dcbfee271e0ebf04773aad6b5f2deb0cf006098a66f5f4998ffed34b43e30042"
    }
  },
  {
    "ts": "2026-04-28T15:07:49.064809+00:00",
    "source": "trello",
    "action": "wiki_v2_claim_written",
    "data": {
      "claim_id": "a8d5dafe-79ef-4f81-a92b-046eaf384d58",
      "blob_path": "memory/vault/claims/a8d5dafe-79ef-4f81-a92b-046eaf384d58.md",
      "entity_id": "6756e29cb18b521938600fd0",
      "claim_type": "status"
    }
  },
  {
    "ts": "2026-04-28T15:07:49.068807+00:00",
    "source": "trello",
    "action": "wiki_v2_event_processed",
    "data": {
      "event_key": "trello:68d52da01fd74239179f6478",
      "claims_written": 1,
      "claims_superseded": 0,
      "decision_keys_persisted": 0,
      "linkage_keys_persisted": 0
    }
  },
  {
    "ts": "2026-04-28T15:07:49.073445+00:00",
    "source": "trello",
    "action": "event_processed",
    "data": {
      "event_key": "trello:68d52da01fd74239179f6478",
      "content_key": "trello:6756e29cb18b521938600fd0:615f06a84a7118b128670e015274926e1316afa974a3fdbd559ebc3c7802657c"
    }
  },
  {
    "ts": "2026-04-28T15:07:49.617190+00:00",
    "source": "trello",
    "action": "wiki_v2_claim_written",
    "data": {
      "claim_id": "4575ac21-564f-40d6-b0f2-e389e902c54a",
      "blob_path": "memory/vault/claims/4575ac21-564f-40d6-b0f2-e389e902c54a.md",
      "entity_id": "6756e29cb18b521938600fd0",
      "claim_type": "status"
    }
  },
  {
    "ts": "2026-04-28T15:07:49.619062+00:00",
    "source": "trello",
    "action": "wiki_v2_event_processed",
    "data": {
      "event_key": "trello:68d52cda967d8dcff4ef6d16",
      "claims_written": 1,
      "claims_superseded": 0,
      "decision_keys_persisted": 0,
      "linkage_keys_persisted": 0
    }
  },
  {
    "ts": "2026-04-28T15:07:49.624735+00:00",
    "source": "trello",
    "action": "event_processed",
    "data": {
      "event_key": "trello:68d52cda967d8dcff4ef6d16",
      "content_key": "trello:6756e29cb18b521938600fd0:f7f3150a83a6901f579a36e381022e679f670c94ad9290d0d6502c6e0834557f"
    }
  },
  {
    "ts": "2026-04-28T15:07:50.114217+00:00",
    "source": "trello",
    "action": "wiki_v2_claim_written",
    "data": {
      "claim_id": "2aa8df6f-7a58-4278-b95f-bce958254d79",
      "blob_path": "memory/vault/claims/2aa8df6f-7a58-4278-b95f-bce958254d79.md",
      "entity_id": "6756e29cb18b521938600fd0",
      "claim_type": "status"
    }
  },
  {
    "ts": "2026-04-28T15:07:50.116136+00:00",
    "source": "trello",
    "action": "wiki_v2_event_processed",
    "data": {
      "event_key": "trello:68d52cda967d8dcff4ef6cf5",
      "claims_written": 1,
      "claims_superseded": 0,
      "decision_keys_persisted": 0,
      "linkage_keys_persisted": 0
    }
  },
  {
    "ts": "2026-04-28T15:07:50.120929+00:00",
    "source": "trello",
    "action": "event_processed",
    "data": {
      "event_key": "trello:68d52cda967d8dcff4ef6cf5",
      "content_key": "trello:6756e29cb18b521938600fd0:603a1978d05cec368a55b7e310bd357237f4e9275af1e7a62df0edd33a9f9fc4"
    }
  },
  {
    "ts": "2026-04-28T15:07:50.641649+00:00",
    "source": "trello",
    "action": "wiki_v2_claim_written",
    "data": {
      "claim_id": "55e38a72-5dc2-4c38-8c3a-5e30dc7fdc39",
      "blob_path": "memory/vault/claims/55e38a72-5dc2-4c38-8c3a-5e30dc7fdc39.md",
      "entity_id": "68b0554607b03cde402627ba",
      "claim_type": "status"
    }
  },
  {
    "ts": "2026-04-28T15:07:50.643975+00:00",
    "source": "trello",
    "action": "wiki_v2_event_processed",
    "data": {
      "event_key": "trello:68b0555a4b09b5f4428b334a",
      "claims_written": 1,
      "claims_superseded": 0,
      "decision_keys_persisted": 0,
      "linkage_keys_persisted": 0
    }
  },
  {
    "ts": "2026-04-28T15:07:50.656237+00:00",
    "source": "trello",
    "action": "event_processed",
    "data": {
      "event_key": "trello:68b0555a4b09b5f4428b334a",
      "content_key": "trello:68b0554607b03cde402627ba:7bbd75817707c35ef554609473eb5b434f56359c204f731ec29934f2bd92a18a"
    }
  },
  {
    "ts": "2026-04-28T15:07:51.232315+00:00",
    "source": "trello",
    "action": "wiki_v2_claim_written",
    "data": {
      "claim_id": "fb8ad4d8-585d-4351-b5da-215983b7daad",
      "blob_path": "memory/vault/claims/fb8ad4d8-585d-4351-b5da-215983b7daad.md",
      "entity_id": "68b0554607b03cde402627ba",
      "claim_type": "status"
    }
  },
  {
    "ts": "2026-04-28T15:07:51.244485+00:00",
    "source": "trello",
    "action": "wiki_v2_event_processed",
    "data": {
      "event_key": "trello:68b05556c331f96e57358300",
      "claims_written": 1,
      "claims_superseded": 0,
      "decision_keys_persisted": 0,
      "linkage_keys_persisted": 0
    }
  },
  {
    "ts": "2026-04-28T15:07:51.266596+00:00",
    "source": "trello",
    "action": "event_processed",
    "data": {
      "event_key": "trello:68b05556c331f96e57358300",
      "content_key": "trello:68b0554607b03cde402627ba:7b297b2df9465352b4e73876a2530b8552f4ab1218d0f65fb869551c8593b82a"
    }
  },
  {
    "ts": "2026-04-28T15:07:51.941946+00:00",
    "source": "trello",
    "action": "wiki_v2_claim_written",
    "data": {
      "claim_id": "de9b6fb3-95c7-48b3-87db-bfd5e07865b2",
      "blob_path": "memory/vault/claims/de9b6fb3-95c7-48b3-87db-bfd5e07865b2.md",
      "entity_id": "68b0554607b03cde402627ba",
      "claim_type": "status"
    }
  },
  {
    "ts": "2026-04-28T15:07:51.954638+00:00",
    "source": "trello",
    "action": "wiki_v2_event_processed",
    "data": {
      "event_key": "trello:68b05554276e14455759a353",
      "claims_written": 1,
      "claims_superseded": 0,
      "decision_keys_persisted": 0,
      "linkage_keys_persisted": 0
    }
  },
  {
    "ts": "2026-04-28T15:07:51.966291+00:00",
    "source": "trello",
    "action": "event_processed",
    "data": {
      "event_key": "trello:68b05554276e14455759a353",
      "content_key": "trello:68b0554607b03cde402627ba:a38973fcd356c29276fec3135bd813ac668cfcce94e750b8a8d5076d2d05a27e"
    }
  },
  {
    "ts": "2026-04-28T15:07:52.595546+00:00",
    "source": "trello",
    "action": "wiki_v2_claim_written",
    "data": {
      "claim_id": "1e7339ac-09c6-4063-8e86-1d3c3c4a58cc",
      "blob_path": "memory/vault/claims/1e7339ac-09c6-4063-8e86-1d3c3c4a58cc.md",
      "entity_id": "68b0554607b03cde402627ba",
      "claim_type": "status"
    }
  },
  {
    "ts": "2026-04-28T15:07:52.598571+00:00",
    "source": "trello",
    "action": "wiki_v2_event_processed",
    "data": {
      "event_key": "trello:68b0555475274e1945eee931",
      "claims_written": 1,
      "claims_superseded": 0,
      "decision_keys_persisted": 0,
      "linkage_keys_persisted": 0
    }
  },
  {
    "ts": "2026-04-28T15:07:52.602444+00:00",
    "source": "trello",
    "action": "event_processed",
    "data": {
      "event_key": "trello:68b0555475274e1945eee931",
      "content_key": "trello:68b0554607b03cde402627ba:afd0344ed9851b5ce65fab8a3eb85a6abf99e7a50628cbf9fccd4a38dbf5f55e"
    }
  },
  {
    "ts": "2026-04-28T15:07:53.104017+00:00",
    "source": "trello",
    "action": "wiki_v2_claim_written",
    "data": {
      "claim_id": "43db8512-975d-4b4f-a6e7-308178875e3e",
      "blob_path": "memory/vault/claims/43db8512-975d-4b4f-a6e7-308178875e3e.md",
      "entity_id": "68b0554607b03cde402627ba",
      "claim_type": "status"
    }
  },
  {
    "ts": "2026-04-28T15:07:53.107127+00:00",
    "source": "trello",
    "action": "wiki_v2_event_processed",
    "data": {
      "event_key": "trello:68b05553eeb6019a72b29c40",
      "claims_written": 1,
      "claims_superseded": 0,
      "decision_keys_persisted": 0,
      "linkage_keys_persisted": 0
    }
  },
  {
    "ts": "2026-04-28T15:07:53.113051+00:00",
    "source": "trello",
    "action": "event_processed",
    "data": {
      "event_key": "trello:68b05553eeb6019a72b29c40",
      "content_key": "trello:68b0554607b03cde402627ba:0415db3958bcf638539398cbfdbb737f22e090e5a16200c4211e9b18e4bb6a52"
    }
  },
  {
    "ts": "2026-04-28T15:07:53.560258+00:00",
    "source": "trello",
    "action": "wiki_v2_claim_written",
    "data": {
      "claim_id": "ef5e726e-8649-47f6-934d-c49d0bfc92ff",
      "blob_path": "memory/vault/claims/ef5e726e-8649-47f6-934d-c49d0bfc92ff.md",
      "entity_id": "68b0554607b03cde402627ba",
      "claim_type": "status"
    }
  },
  {
    "ts": "2026-04-28T15:07:53.562814+00:00",
    "source": "trello",
    "action": "wiki_v2_event_processed",
    "data": {
      "event_key": "trello:68b0554607b03cde402627dd",
      "claims_written": 1,
      "claims_superseded": 0,
      "decision_keys_persisted": 0,
      "linkage_keys_persisted": 0
    }
  },
  {
    "ts": "2026-04-28T15:07:53.566724+00:00",
    "source": "trello",
    "action": "event_processed",
    "data": {
      "event_key": "trello:68b0554607b03cde402627dd",
      "content_key": "trello:68b0554607b03cde402627ba:bec539a42c23e441f1f43f13be1f8bb1598c34302659219aea396147dd38c918"
    }
  },
  {
    "ts": "2026-04-28T15:07:54.042508+00:00",
    "source": "trello",
    "action": "wiki_v2_claim_written",
    "data": {
      "claim_id": "ac91614d-e1bd-4749-a230-0c5af796a1b7",
      "blob_path": "memory/vault/claims/ac91614d-e1bd-4749-a230-0c5af796a1b7.md",
      "entity_id": "689c9c88d7aa70ce57329994",
      "claim_type": "status"
    }
  },
  {
    "ts": "2026-04-28T15:07:54.043561+00:00",
    "source": "trello",
    "action": "wiki_v2_claim_written",
    "data": {
      "claim_id": "5c80fb26-6dbe-4c51-8316-f228f49fbbe5",
      "blob_path": "memory/vault/claims/5c80fb26-6dbe-4c51-8316-f228f49fbbe5.md",
      "entity_id": "689c9c88d7aa70ce57329994",
      "claim_type": "decision"
    }
  },
  {
    "ts": "2026-04-28T15:07:54.047981+00:00",
    "source": "trello",
    "action": "wiki_v2_claim_written",
    "data": {
      "claim_id": "849f5afe-3f46-40b8-b1c8-a15a4575238d",
      "blob_path": "memory/vault/claims/849f5afe-3f46-40b8-b1c8-a15a4575238d.md",
      "entity_id": "689c9c88d7aa70ce57329994",
      "claim_type": "linkage"
    }
  },
  {
    "ts": "2026-04-28T15:07:54.050842+00:00",
    "source": "trello",
    "action": "wiki_v2_event_processed",
    "data": {
      "event_key": "trello:68a86fe3d4ecf56a9103f778",
      "claims_written": 3,
      "claims_superseded": 0,
      "decision_keys_persisted": 0,
      "linkage_keys_persisted": 1
    }
  },
  {
    "ts": "2026-04-28T15:07:54.056128+00:00",
    "source": "trello",
    "action": "event_processed",
    "data": {
      "event_key": "trello:68a86fe3d4ecf56a9103f778",
      "content_key": "trello:689c9c88d7aa70ce57329994:43d7f7ff276240ada60b8b67e0260cfad3ac34b92feb772b766fd3e739d224f1"
    }
  },
  {
    "ts": "2026-04-28T15:07:54.585068+00:00",
    "source": "trello",
    "action": "wiki_v2_claim_written",
    "data": {
      "claim_id": "7a6fa215-892e-4496-89fc-c9a455f043d8",
      "blob_path": "memory/vault/claims/7a6fa215-892e-4496-89fc-c9a455f043d8.md",
      "entity_id": "689c9c88d7aa70ce57329994",
      "claim_type": "status"
    }
  },
  {
    "ts": "2026-04-28T15:07:54.589526+00:00",
    "source": "trello",
    "action": "wiki_v2_event_processed",
    "data": {
      "event_key": "trello:68a86fe3d4ecf56a9103f752",
      "claims_written": 1,
      "claims_superseded": 0,
      "decision_keys_persisted": 0,
      "linkage_keys_persisted": 0
    }
  },
  {
    "ts": "2026-04-28T15:07:54.596713+00:00",
    "source": "trello",
    "action": "event_processed",
    "data": {
      "event_key": "trello:68a86fe3d4ecf56a9103f752",
      "content_key": "trello:689c9c88d7aa70ce57329994:efc0a48d34226e39989bb26170b2695009523b37e760c178535dd20ce3719754"
    }
  },
  {
    "ts": "2026-04-28T15:07:55.073195+00:00",
    "source": "trello",
    "action": "wiki_v2_claim_written",
    "data": {
      "claim_id": "2022b08b-3438-4d44-9ad8-d134645354f0",
      "blob_path": "memory/vault/claims/2022b08b-3438-4d44-9ad8-d134645354f0.md",
      "entity_id": "67cae47745048e4b418a2b96",
      "claim_type": "status"
    }
  },
  {
    "ts": "2026-04-28T15:07:55.074124+00:00",
    "source": "trello",
    "action": "wiki_v2_claim_written",
    "data": {
      "claim_id": "ab40f47a-6fe3-402d-93eb-ac89c8f3c5bc",
      "blob_path": "memory/vault/claims/ab40f47a-6fe3-402d-93eb-ac89c8f3c5bc.md",
      "entity_id": "67cae47745048e4b418a2b96",
      "claim_type": "decision"
    }
  },
  {
    "ts": "2026-04-28T15:07:55.077643+00:00",
    "source": "trello",
    "action": "wiki_v2_claim_written",
    "data": {
      "claim_id": "15cf8fea-7ff2-4a76-89c8-a6071bbad0a9",
      "blob_path": "memory/vault/claims/15cf8fea-7ff2-4a76-89c8-a6071bbad0a9.md",
      "entity_id": "67cae47745048e4b418a2b96",
      "claim_type": "linkage"
    }
  },
  {
    "ts": "2026-04-28T15:07:55.081706+00:00",
    "source": "trello",
    "action": "wiki_v2_event_processed",
    "data": {
      "event_key": "trello:689f81fc460c104343d81d21",
      "claims_written": 3,
      "claims_superseded": 0,
      "decision_keys_persisted": 0,
      "linkage_keys_persisted": 1
    }
  },
  {
    "ts": "2026-04-28T15:07:55.094294+00:00",
    "source": "trello",
    "action": "event_processed",
    "data": {
      "event_key": "trello:689f81fc460c104343d81d21",
      "content_key": "trello:67cae47745048e4b418a2b96:cd14d0ec5d66bf77816f20b08fc917c1ad17f32366c18f4927651fd5990069c4"
    }
  },
  {
    "ts": "2026-04-28T15:07:55.576447+00:00",
    "source": "trello",
    "action": "wiki_v2_claim_written",
    "data": {
      "claim_id": "dfcacce1-3ffc-4d7b-b495-0f92db9b8149",
      "blob_path": "memory/vault/claims/dfcacce1-3ffc-4d7b-b495-0f92db9b8149.md",
      "entity_id": "67cae47745048e4b418a2b96",
      "claim_type": "status"
    }
  },
  {
    "ts": "2026-04-28T15:07:55.581900+00:00",
    "source": "trello",
    "action": "wiki_v2_event_processed",
    "data": {
      "event_key": "trello:689f81fc460c104343d81cfd",
      "claims_written": 1,
      "claims_superseded": 0,
      "decision_keys_persisted": 0,
      "linkage_keys_persisted": 0
    }
  },
  {
    "ts": "2026-04-28T15:07:55.594791+00:00",
    "source": "trello",
    "action": "event_processed",
    "data": {
      "event_key": "trello:689f81fc460c104343d81cfd",
      "content_key": "trello:67cae47745048e4b418a2b96:0e90b4b2a607460a6006b285508f5c686ed91de087150882790b169cbe82eda0"
    }
  },
  {
    "ts": "2026-04-28T15:07:56.081289+00:00",
    "source": "trello",
    "action": "wiki_v2_claim_written",
    "data": {
      "claim_id": "81ff55e5-948a-48d6-b327-ce0dd129f53d",
      "blob_path": "memory/vault/claims/81ff55e5-948a-48d6-b327-ce0dd129f53d.md",
      "entity_id": "67cae47745048e4b418a2b96",
      "claim_type": "status"
    }
  },
  {
    "ts": "2026-04-28T15:07:56.085698+00:00",
    "source": "trello",
    "action": "wiki_v2_event_processed",
    "data": {
      "event_key": "trello:689f81f95fdaa5974e9afc42",
      "claims_written": 1,
      "claims_superseded": 0,
      "decision_keys_persisted": 0,
      "linkage_keys_persisted": 0
    }
  },
  {
    "ts": "2026-04-28T15:07:56.096086+00:00",
    "source": "trello",
    "action": "event_processed",
    "data": {
      "event_key": "trello:689f81f95fdaa5974e9afc42",
      "content_key": "trello:67cae47745048e4b418a2b96:01115b7ec80aba127cf0c6736b2eb9ded9e8e66f13ee0b5807fd5d8999b29ab6"
    }
  },
  {
    "ts": "2026-04-28T15:07:56.719347+00:00",
    "source": "trello",
    "action": "wiki_v2_claim_written",
    "data": {
      "claim_id": "19d106d8-33ba-46ef-bdc5-aeeff8d0e20f",
      "blob_path": "memory/vault/claims/19d106d8-33ba-46ef-bdc5-aeeff8d0e20f.md",
      "entity_id": "67d33ff301f13dcec5cb23c1",
      "claim_type": "status"
    }
  },
  {
    "ts": "2026-04-28T15:07:56.720579+00:00",
    "source": "trello",
    "action": "wiki_v2_claim_written",
    "data": {
      "claim_id": "b52b194f-8df4-4fce-b8f2-aa729b927096",
      "blob_path": "memory/vault/claims/b52b194f-8df4-4fce-b8f2-aa729b927096.md",
      "entity_id": "67d33ff301f13dcec5cb23c1",
      "claim_type": "decision"
    }
  },
  {
    "ts": "2026-04-28T15:07:56.725121+00:00",
    "source": "trello",
    "action": "wiki_v2_claim_written",
    "data": {
      "claim_id": "efae21eb-620a-4781-9250-686a32a09022",
      "blob_path": "memory/vault/claims/efae21eb-620a-4781-9250-686a32a09022.md",
      "entity_id": "67d33ff301f13dcec5cb23c1",
      "claim_type": "linkage"
    }
  },
  {
    "ts": "2026-04-28T15:07:56.731701+00:00",
    "source": "trello",
    "action": "wiki_v2_event_processed",
    "data": {
      "event_key": "trello:689f81bc460a0c3a04c576aa",
      "claims_written": 3,
      "claims_superseded": 0,
      "decision_keys_persisted": 0,
      "linkage_keys_persisted": 1
    }
  },
  {
    "ts": "2026-04-28T15:07:56.739526+00:00",
    "source": "trello",
    "action": "event_processed",
    "data": {
      "event_key": "trello:689f81bc460a0c3a04c576aa",
      "content_key": "trello:67d33ff301f13dcec5cb23c1:244c798b95391b68c85f8f87c593c3b95f6ffbe7269d319690b98aa0c972b501"
    }
  },
  {
    "ts": "2026-04-28T15:07:57.237084+00:00",
    "source": "trello",
    "action": "wiki_v2_claim_written",
    "data": {
      "claim_id": "dff7ed6b-8fe5-4f6b-a2f6-11ea955d178c",
      "blob_path": "memory/vault/claims/dff7ed6b-8fe5-4f6b-a2f6-11ea955d178c.md",
      "entity_id": "67d33ff301f13dcec5cb23c1",
      "claim_type": "status"
    }
  },
  {
    "ts": "2026-04-28T15:07:57.240316+00:00",
    "source": "trello",
    "action": "wiki_v2_event_processed",
    "data": {
      "event_key": "trello:689f81bc460a0c3a04c57682",
      "claims_written": 1,
      "claims_superseded": 0,
      "decision_keys_persisted": 0,
      "linkage_keys_persisted": 0
    }
  },
  {
    "ts": "2026-04-28T15:07:57.248727+00:00",
    "source": "trello",
    "action": "event_processed",
    "data": {
      "event_key": "trello:689f81bc460a0c3a04c57682",
      "content_key": "trello:67d33ff301f13dcec5cb23c1:15928f67b93bcd4b5258ac33c15b9a72036e19bbafc89c00a4d58441a60e12ab"
    }
  },
  {
    "ts": "2026-04-28T15:07:57.762182+00:00",
    "source": "trello",
    "action": "wiki_v2_claim_written",
    "data": {
      "claim_id": "aae2486c-4793-43ee-ba94-e0a20c0c0e55",
      "blob_path": "memory/vault/claims/aae2486c-4793-43ee-ba94-e0a20c0c0e55.md",
      "entity_id": "67d33ff301f13dcec5cb23c1",
      "claim_type": "status"
    }
  },
  {
    "ts": "2026-04-28T15:07:57.767951+00:00",
    "source": "trello",
    "action": "wiki_v2_event_processed",
    "data": {
      "event_key": "trello:689f81b90cb4c3c28467034b",
      "claims_written": 1,
      "claims_superseded": 0,
      "decision_keys_persisted": 0,
      "linkage_keys_persisted": 0
    }
  },
  {
    "ts": "2026-04-28T15:07:57.776730+00:00",
    "source": "trello",
    "action": "event_processed",
    "data": {
      "event_key": "trello:689f81b90cb4c3c28467034b",
      "content_key": "trello:67d33ff301f13dcec5cb23c1:4c74eac49580bfddd7a91df6a047f9dc28fba5374b9a09cc92b9867acd37ebab"
    }
  },
  {
    "ts": "2026-04-28T15:07:58.280206+00:00",
    "source": "trello",
    "action": "wiki_v2_claim_written",
    "data": {
      "claim_id": "fc50800f-cc43-4f61-a0a8-de87200a4c2d",
      "blob_path": "memory/vault/claims/fc50800f-cc43-4f61-a0a8-de87200a4c2d.md",
      "entity_id": "67a5fa21e87f160303bcf598",
      "claim_type": "status"
    }
  },
  {
    "ts": "2026-04-28T15:07:58.281423+00:00",
    "source": "trello",
    "action": "wiki_v2_claim_written",
    "data": {
      "claim_id": "da3d946b-e46b-4de7-8b36-33cbc468b4d1",
      "blob_path": "memory/vault/claims/da3d946b-e46b-4de7-8b36-33cbc468b4d1.md",
      "entity_id": "67a5fa21e87f160303bcf598",
      "claim_type": "decision"
    }
  },
  {
    "ts": "2026-04-28T15:07:58.285504+00:00",
    "source": "trello",
    "action": "wiki_v2_claim_written",
    "data": {
      "claim_id": "1a3761b6-a056-466f-867a-03bb1725fc93",
      "blob_path": "memory/vault/claims/1a3761b6-a056-466f-867a-03bb1725fc93.md",
      "entity_id": "67a5fa21e87f160303bcf598",
      "claim_type": "linkage"
    }
  },
  {
    "ts": "2026-04-28T15:07:58.288825+00:00",
    "source": "trello",
    "action": "wiki_v2_event_processed",
    "data": {
      "event_key": "trello:689f7eb62ab0a94d985b4b10",
      "claims_written": 3,
      "claims_superseded": 0,
      "decision_keys_persisted": 0,
      "linkage_keys_persisted": 1
    }
  },
  {
    "ts": "2026-04-28T15:07:58.297793+00:00",
    "source": "trello",
    "action": "event_processed",
    "data": {
      "event_key": "trello:689f7eb62ab0a94d985b4b10",
      "content_key": "trello:67a5fa21e87f160303bcf598:271cc4f28573f072b39f237ec0674216d291bc5f559bd323527d27fee0f54bbd"
    }
  },
  {
    "ts": "2026-04-28T15:07:58.852949+00:00",
    "source": "trello",
    "action": "wiki_v2_claim_written",
    "data": {
      "claim_id": "9191d60d-d0c6-438c-89df-0e33c43d7f39",
      "blob_path": "memory/vault/claims/9191d60d-d0c6-438c-89df-0e33c43d7f39.md",
      "entity_id": "67a5fa21e87f160303bcf598",
      "claim_type": "status"
    }
  },
  {
    "ts": "2026-04-28T15:07:58.854706+00:00",
    "source": "trello",
    "action": "wiki_v2_claim_written",
    "data": {
      "claim_id": "62f3ebe3-424f-4d2a-853b-4e84927d17e8",
      "blob_path": "memory/vault/claims/62f3ebe3-424f-4d2a-853b-4e84927d17e8.md",
      "entity_id": "67a5fa21e87f160303bcf598",
      "claim_type": "decision"
    }
  },
  {
    "ts": "2026-04-28T15:07:58.856848+00:00",
    "source": "trello",
    "action": "wiki_v2_claim_written",
    "data": {
      "claim_id": "7de035ca-2c3e-46b2-95ef-caffc29d748b",
      "blob_path": "memory/vault/claims/7de035ca-2c3e-46b2-95ef-caffc29d748b.md",
      "entity_id": "67a5fa21e87f160303bcf598",
      "claim_type": "linkage"
    }
  },
  {
    "ts": "2026-04-28T15:07:58.863027+00:00",
    "source": "trello",
    "action": "wiki_v2_event_processed",
    "data": {
      "event_key": "trello:689f7eb5dbed0b155638bea0",
      "claims_written": 3,
      "claims_superseded": 0,
      "decision_keys_persisted": 0,
      "linkage_keys_persisted": 0
    }
  },
  {
    "ts": "2026-04-28T15:07:58.889214+00:00",
    "source": "trello",
    "action": "event_processed",
    "data": {
      "event_key": "trello:689f7eb5dbed0b155638bea0",
      "content_key": "trello:67a5fa21e87f160303bcf598:b742fbfcf578b3885f8b52d76d46d8b4ccc3f2550c9b90c6be028c7764923935"
    }
  },
  {
    "ts": "2026-04-28T15:07:59.434796+00:00",
    "source": "trello",
    "action": "wiki_v2_claim_written",
    "data": {
      "claim_id": "3dfd3060-2dc8-461f-9ef4-653fe65d19f0",
      "blob_path": "memory/vault/claims/3dfd3060-2dc8-461f-9ef4-653fe65d19f0.md",
      "entity_id": "67a5fa21e87f160303bcf598",
      "claim_type": "status"
    }
  },
  {
    "ts": "2026-04-28T15:07:59.438230+00:00",
    "source": "trello",
    "action": "wiki_v2_event_processed",
    "data": {
      "event_key": "trello:689f7eb5dbed0b155638be78",
      "claims_written": 1,
      "claims_superseded": 0,
      "decision_keys_persisted": 0,
      "linkage_keys_persisted": 0
    }
  },
  {
    "ts": "2026-04-28T15:07:59.444513+00:00",
    "source": "trello",
    "action": "event_processed",
    "data": {
      "event_key": "trello:689f7eb5dbed0b155638be78",
      "content_key": "trello:67a5fa21e87f160303bcf598:e46ff0815061cc34eb1860ea473f46309fc061bda3c33ca7e7149376f3ea53e5"
    }
  },
  {
    "ts": "2026-04-28T15:07:59.919999+00:00",
    "source": "trello",
    "action": "wiki_v2_claim_written",
    "data": {
      "claim_id": "1bac1f98-ffdb-425f-9335-a92b1c15db2e",
      "blob_path": "memory/vault/claims/1bac1f98-ffdb-425f-9335-a92b1c15db2e.md",
      "entity_id": "689c9c88d7aa70ce57329994",
      "claim_type": "status"
    }
  },
  {
    "ts": "2026-04-28T15:07:59.923831+00:00",
    "source": "trello",
    "action": "wiki_v2_event_processed",
    "data": {
      "event_key": "trello:689cf6b4acc0ee34b37c023c",
      "claims_written": 1,
      "claims_superseded": 0,
      "decision_keys_persisted": 0,
      "linkage_keys_persisted": 0
    }
  },
  {
    "ts": "2026-04-28T15:07:59.929644+00:00",
    "source": "trello",
    "action": "event_processed",
    "data": {
      "event_key": "trello:689cf6b4acc0ee34b37c023c",
      "content_key": "trello:689c9c88d7aa70ce57329994:6932bf39476f1fc5e774e287c724fb07e666846d1fcbca4d096fdbad6e128d1c"
    }
  },
  {
    "ts": "2026-04-28T15:08:00.592488+00:00",
    "source": "trello",
    "action": "wiki_v2_claim_written",
    "data": {
      "claim_id": "2130da84-6662-44e5-a842-3b05e34e470a",
      "blob_path": "memory/vault/claims/2130da84-6662-44e5-a842-3b05e34e470a.md",
      "entity_id": "689c9c88d7aa70ce57329994",
      "claim_type": "status"
    }
  },
  {
    "ts": "2026-04-28T15:08:00.598411+00:00",
    "source": "trello",
    "action": "wiki_v2_event_processed",
    "data": {
      "event_key": "trello:689cf6b2ab157b25924934b1",
      "claims_written": 1,
      "claims_superseded": 0,
      "decision_keys_persisted": 0,
      "linkage_keys_persisted": 0
    }
  },
  {
    "ts": "2026-04-28T15:08:00.615736+00:00",
    "source": "trello",
    "action": "event_processed",
    "data": {
      "event_key": "trello:689cf6b2ab157b25924934b1",
      "content_key": "trello:689c9c88d7aa70ce57329994:25675bee2d7ae4bc92b7a5f7c69cd60b786411ee6da1a8912fb4fd4cd0d0c45b"
    }
  },
  {
    "ts": "2026-04-28T15:08:01.138800+00:00",
    "source": "trello",
    "action": "wiki_v2_claim_written",
    "data": {
      "claim_id": "8f5649ff-0b46-47ed-b0da-ce4069416a2e",
      "blob_path": "memory/vault/claims/8f5649ff-0b46-47ed-b0da-ce4069416a2e.md",
      "entity_id": "689c9c88d7aa70ce57329994",
      "claim_type": "status"
    }
  },
  {
    "ts": "2026-04-28T15:08:01.142272+00:00",
    "source": "trello",
    "action": "wiki_v2_event_processed",
    "data": {
      "event_key": "trello:689cf6a7cf1790e994c00269",
      "claims_written": 1,
      "claims_superseded": 0,
      "decision_keys_persisted": 0,
      "linkage_keys_persisted": 0
    }
  },
  {
    "ts": "2026-04-28T15:08:01.152813+00:00",
    "source": "trello",
    "action": "event_processed",
    "data": {
      "event_key": "trello:689cf6a7cf1790e994c00269",
      "content_key": "trello:689c9c88d7aa70ce57329994:80ae31eef894dff116f4c612f162ec54e1ebf390734ce7293f242f2e3a2a0b07"
    }
  },
  {
    "ts": "2026-04-28T15:08:01.668063+00:00",
    "source": "trello",
    "action": "wiki_v2_claim_written",
    "data": {
      "claim_id": "c58dc63c-52fc-4ce9-bcfa-8282eb7337b6",
      "blob_path": "memory/vault/claims/c58dc63c-52fc-4ce9-bcfa-8282eb7337b6.md",
      "entity_id": "689c9c88d7aa70ce57329994",
      "claim_type": "status"
    }
  },
  {
    "ts": "2026-04-28T15:08:01.672257+00:00",
    "source": "trello",
    "action": "wiki_v2_event_processed",
    "data": {
      "event_key": "trello:689c9cd2c6e8a2773bb886bd",
      "claims_written": 1,
      "claims_superseded": 0,
      "decision_keys_persisted": 0,
      "linkage_keys_persisted": 0
    }
  },
  {
    "ts": "2026-04-28T15:08:01.687927+00:00",
    "source": "trello",
    "action": "event_processed",
    "data": {
      "event_key": "trello:689c9cd2c6e8a2773bb886bd",
      "content_key": "trello:689c9c88d7aa70ce57329994:e8250fc2afd28deffd7a1d05f6f38b39a8ad599b0fb6a969a18a494f9a337443"
    }
  },
  {
    "ts": "2026-04-28T15:08:02.247796+00:00",
    "source": "trello",
    "action": "wiki_v2_claim_written",
    "data": {
      "claim_id": "d984ad1a-e58e-4f11-bba2-0cdba85ba24a",
      "blob_path": "memory/vault/claims/d984ad1a-e58e-4f11-bba2-0cdba85ba24a.md",
      "entity_id": "689c9c88d7aa70ce57329994",
      "claim_type": "status"
    }
  },
  {
    "ts": "2026-04-28T15:08:02.258812+00:00",
    "source": "trello",
    "action": "wiki_v2_event_processed",
    "data": {
      "event_key": "trello:689c9cca92ccef29726b5375",
      "claims_written": 1,
      "claims_superseded": 0,
      "decision_keys_persisted": 0,
      "linkage_keys_persisted": 0
    }
  },
  {
    "ts": "2026-04-28T15:08:02.272885+00:00",
    "source": "trello",
    "action": "event_processed",
    "data": {
      "event_key": "trello:689c9cca92ccef29726b5375",
      "content_key": "trello:689c9c88d7aa70ce57329994:8a97a2ef4016e5c401ed2c3b7b1e2330c572de1202d382e4f63fbe14c87d4379"
    }
  },
  {
    "ts": "2026-04-28T15:08:02.768526+00:00",
    "source": "trello",
    "action": "wiki_v2_claim_written",
    "data": {
      "claim_id": "322290b6-7a3d-4bbc-b79f-10895b8e129e",
      "blob_path": "memory/vault/claims/322290b6-7a3d-4bbc-b79f-10895b8e129e.md",
      "entity_id": "689c9c88d7aa70ce57329994",
      "claim_type": "status"
    }
  },
  {
    "ts": "2026-04-28T15:08:02.772356+00:00",
    "source": "trello",
    "action": "wiki_v2_event_processed",
    "data": {
      "event_key": "trello:689c9c88d7aa70ce573299b7",
      "claims_written": 1,
      "claims_superseded": 0,
      "decision_keys_persisted": 0,
      "linkage_keys_persisted": 0
    }
  },
  {
    "ts": "2026-04-28T15:08:02.779136+00:00",
    "source": "trello",
    "action": "event_processed",
    "data": {
      "event_key": "trello:689c9c88d7aa70ce573299b7",
      "content_key": "trello:689c9c88d7aa70ce57329994:f4be6eb84d7b63df76f47b8314481a4d35c6ee7b592095be3c36b795886de91f"
    }
  },
  {
    "ts": "2026-04-28T15:08:03.315589+00:00",
    "source": "trello",
    "action": "wiki_v2_claim_written",
    "data": {
      "claim_id": "43672c6a-35e8-4f35-85a3-687737b690f6",
      "blob_path": "memory/vault/claims/43672c6a-35e8-4f35-85a3-687737b690f6.md",
      "entity_id": "685c4fdee3335b0cf7333994",
      "claim_type": "status"
    }
  },
  {
    "ts": "2026-04-28T15:08:03.322995+00:00",
    "source": "trello",
    "action": "wiki_v2_event_processed",
    "data": {
      "event_key": "trello:685d4c17d66db991485b340a",
      "claims_written": 1,
      "claims_superseded": 0,
      "decision_keys_persisted": 0,
      "linkage_keys_persisted": 0
    }
  },
  {
    "ts": "2026-04-28T15:08:03.338238+00:00",
    "source": "trello",
    "action": "event_processed",
    "data": {
      "event_key": "trello:685d4c17d66db991485b340a",
      "content_key": "trello:685c4fdee3335b0cf7333994:858b222fe1dbf3c289b82c083b8fc800b783d8a5480104ffd7973c7a83966671"
    }
  },
  {
    "ts": "2026-04-28T15:08:03.845004+00:00",
    "source": "trello",
    "action": "wiki_v2_claim_written",
    "data": {
      "claim_id": "60182f76-20ef-4f24-9855-b0862eca973c",
      "blob_path": "memory/vault/claims/60182f76-20ef-4f24-9855-b0862eca973c.md",
      "entity_id": "685c4fdee3335b0cf7333994",
      "claim_type": "status"
    }
  },
  {
    "ts": "2026-04-28T15:08:03.855306+00:00",
    "source": "trello",
    "action": "wiki_v2_event_processed",
    "data": {
      "event_key": "trello:685c503061cd07c80694ffa8",
      "claims_written": 1,
      "claims_superseded": 0,
      "decision_keys_persisted": 0,
      "linkage_keys_persisted": 0
    }
  },
  {
    "ts": "2026-04-28T15:08:03.868199+00:00",
    "source": "trello",
    "action": "event_processed",
    "data": {
      "event_key": "trello:685c503061cd07c80694ffa8",
      "content_key": "trello:685c4fdee3335b0cf7333994:10ef79b7925c4b99c70c67d897a37725eb3316403a1f737973050cf5601f3886"
    }
  },
  {
    "ts": "2026-04-28T15:08:04.366123+00:00",
    "source": "trello",
    "action": "wiki_v2_claim_written",
    "data": {
      "claim_id": "9ca7fe81-2bf3-431b-944a-84e6cc1451a7",
      "blob_path": "memory/vault/claims/9ca7fe81-2bf3-431b-944a-84e6cc1451a7.md",
      "entity_id": "685c4fdee3335b0cf7333994",
      "claim_type": "status"
    }
  },
  {
    "ts": "2026-04-28T15:08:04.371911+00:00",
    "source": "trello",
    "action": "wiki_v2_event_processed",
    "data": {
      "event_key": "trello:685c50261dd9c3981db0e94c",
      "claims_written": 1,
      "claims_superseded": 0,
      "decision_keys_persisted": 0,
      "linkage_keys_persisted": 0
    }
  },
  {
    "ts": "2026-04-28T15:08:04.379163+00:00",
    "source": "trello",
    "action": "event_processed",
    "data": {
      "event_key": "trello:685c50261dd9c3981db0e94c",
      "content_key": "trello:685c4fdee3335b0cf7333994:8b0690f4bd442c1d3b995ebaa9d59f20fb869c270ce04d9dbbb9ae1c3dbeb709"
    }
  },
  {
    "ts": "2026-04-28T15:08:04.855969+00:00",
    "source": "trello",
    "action": "wiki_v2_claim_written",
    "data": {
      "claim_id": "e8a88bb2-ddd5-4e9e-851e-0048d3c3b6c6",
      "blob_path": "memory/vault/claims/e8a88bb2-ddd5-4e9e-851e-0048d3c3b6c6.md",
      "entity_id": "685c4fdee3335b0cf7333994",
      "claim_type": "status"
    }
  },
  {
    "ts": "2026-04-28T15:08:04.860209+00:00",
    "source": "trello",
    "action": "wiki_v2_event_processed",
    "data": {
      "event_key": "trello:685c50234b59ea66d0698d92",
      "claims_written": 1,
      "claims_superseded": 0,
      "decision_keys_persisted": 0,
      "linkage_keys_persisted": 0
    }
  },
  {
    "ts": "2026-04-28T15:08:04.868680+00:00",
    "source": "trello",
    "action": "event_processed",
    "data": {
      "event_key": "trello:685c50234b59ea66d0698d92",
      "content_key": "trello:685c4fdee3335b0cf7333994:a0dc27ef2efebc703a4fb2cb7982ea8a4a4d9240f80262ff2a05e82804e2b14a"
    }
  },
  {
    "ts": "2026-04-28T15:08:05.362937+00:00",
    "source": "trello",
    "action": "wiki_v2_claim_written",
    "data": {
      "claim_id": "e40b313a-d644-4424-b214-1940aa834daa",
      "blob_path": "memory/vault/claims/e40b313a-d644-4424-b214-1940aa834daa.md",
      "entity_id": "685c4fdee3335b0cf7333994",
      "claim_type": "status"
    }
  },
  {
    "ts": "2026-04-28T15:08:05.368201+00:00",
    "source": "trello",
    "action": "wiki_v2_event_processed",
    "data": {
      "event_key": "trello:685c501f56e488d6f7b84479",
      "claims_written": 1,
      "claims_superseded": 0,
      "decision_keys_persisted": 0,
      "linkage_keys_persisted": 0
    }
  },
  {
    "ts": "2026-04-28T15:08:05.379136+00:00",
    "source": "trello",
    "action": "event_processed",
    "data": {
      "event_key": "trello:685c501f56e488d6f7b84479",
      "content_key": "trello:685c4fdee3335b0cf7333994:f9bd6c7f3a5150d22de8f06ed3f0e558a1a557e13add73d7ee49334e4b01a9ca"
    }
  },
  {
    "ts": "2026-04-28T15:08:05.877609+00:00",
    "source": "trello",
    "action": "wiki_v2_claim_written",
    "data": {
      "claim_id": "487fdd34-a6df-436b-9c20-d3176086d618",
      "blob_path": "memory/vault/claims/487fdd34-a6df-436b-9c20-d3176086d618.md",
      "entity_id": "685c4fdee3335b0cf7333994",
      "claim_type": "status"
    }
  },
  {
    "ts": "2026-04-28T15:08:05.888195+00:00",
    "source": "trello",
    "action": "wiki_v2_event_processed",
    "data": {
      "event_key": "trello:685c4fdee3335b0cf73339b4",
      "claims_written": 1,
      "claims_superseded": 0,
      "decision_keys_persisted": 0,
      "linkage_keys_persisted": 0
    }
  },
  {
    "ts": "2026-04-28T15:08:05.901907+00:00",
    "source": "trello",
    "action": "event_processed",
    "data": {
      "event_key": "trello:685c4fdee3335b0cf73339b4",
      "content_key": "trello:685c4fdee3335b0cf7333994:ca743e202c841771e164ea9acfa8587a1ed0ef014e307d862b5216c40d94781f"
    }
  },
  {
    "ts": "2026-04-28T15:08:06.379620+00:00",
    "source": "trello",
    "action": "wiki_v2_claim_written",
    "data": {
      "claim_id": "76251627-73f1-423b-90ec-5615f57394ba",
      "blob_path": "memory/vault/claims/76251627-73f1-423b-90ec-5615f57394ba.md",
      "entity_id": "6855e285fbfb4c093da921d0",
      "claim_type": "status"
    }
  },
  {
    "ts": "2026-04-28T15:08:06.384880+00:00",
    "source": "trello",
    "action": "wiki_v2_event_processed",
    "data": {
      "event_key": "trello:685c17175354030102e9b76b",
      "claims_written": 1,
      "claims_superseded": 0,
      "decision_keys_persisted": 0,
      "linkage_keys_persisted": 0
    }
  },
  {
    "ts": "2026-04-28T15:08:06.393196+00:00",
    "source": "trello",
    "action": "event_processed",
    "data": {
      "event_key": "trello:685c17175354030102e9b76b",
      "content_key": "trello:6855e285fbfb4c093da921d0:50e8c8f7fc98f8ee739fce6a9e1f07145de7f4d6d1620f793c5819c3daadb35c"
    }
  },
  {
    "ts": "2026-04-28T15:08:06.956184+00:00",
    "source": "trello",
    "action": "wiki_v2_claim_written",
    "data": {
      "claim_id": "7cff125f-78ea-42f8-9508-5c1e1b9d5c83",
      "blob_path": "memory/vault/claims/7cff125f-78ea-42f8-9508-5c1e1b9d5c83.md",
      "entity_id": "6855e285fbfb4c093da921d0",
      "claim_type": "status"
    }
  },
  {
    "ts": "2026-04-28T15:08:06.964669+00:00",
    "source": "trello",
    "action": "wiki_v2_event_processed",
    "data": {
      "event_key": "trello:685c17175354030102e9b75f",
      "claims_written": 1,
      "claims_superseded": 0,
      "decision_keys_persisted": 0,
      "linkage_keys_persisted": 0
    }
  },
  {
    "ts": "2026-04-28T15:08:06.976989+00:00",
    "source": "trello",
    "action": "event_processed",
    "data": {
      "event_key": "trello:685c17175354030102e9b75f",
      "content_key": "trello:6855e285fbfb4c093da921d0:43bb9a05cb422b37233a286457ab8b1184403f18d9af8e12039e6b366f3f4c2f"
    }
  },
  {
    "ts": "2026-04-28T15:08:07.494227+00:00",
    "source": "trello",
    "action": "wiki_v2_claim_written",
    "data": {
      "claim_id": "fb88345e-263b-44b5-9aae-ae76197858ec",
      "blob_path": "memory/vault/claims/fb88345e-263b-44b5-9aae-ae76197858ec.md",
      "entity_id": "6855e285fbfb4c093da921d0",
      "claim_type": "status"
    }
  },
  {
    "ts": "2026-04-28T15:08:07.499601+00:00",
    "source": "trello",
    "action": "wiki_v2_event_processed",
    "data": {
      "event_key": "trello:6855e2df12e1ea8b82c5a3e4",
      "claims_written": 1,
      "claims_superseded": 0,
      "decision_keys_persisted": 0,
      "linkage_keys_persisted": 0
    }
  },
  {
    "ts": "2026-04-28T15:08:07.508890+00:00",
    "source": "trello",
    "action": "event_processed",
    "data": {
      "event_key": "trello:6855e2df12e1ea8b82c5a3e4",
      "content_key": "trello:6855e285fbfb4c093da921d0:e6eaa473cda0239364ef8491929c6103d360a6c630325bd5ecc5ac3bfb3f0459"
    }
  },
  {
    "ts": "2026-04-28T15:08:08.029751+00:00",
    "source": "trello",
    "action": "wiki_v2_claim_written",
    "data": {
      "claim_id": "485b378a-07b2-4f0a-a335-fc79bb92c981",
      "blob_path": "memory/vault/claims/485b378a-07b2-4f0a-a335-fc79bb92c981.md",
      "entity_id": "6855e285fbfb4c093da921d0",
      "claim_type": "status"
    }
  },
  {
    "ts": "2026-04-28T15:08:08.035617+00:00",
    "source": "trello",
    "action": "wiki_v2_event_processed",
    "data": {
      "event_key": "trello:6855e28a63e2bfa62b97d3b5",
      "claims_written": 1,
      "claims_superseded": 0,
      "decision_keys_persisted": 0,
      "linkage_keys_persisted": 0
    }
  },
  {
    "ts": "2026-04-28T15:08:08.045542+00:00",
    "source": "trello",
    "action": "event_processed",
    "data": {
      "event_key": "trello:6855e28a63e2bfa62b97d3b5",
      "content_key": "trello:6855e285fbfb4c093da921d0:2ab8f8e6d7bba368a1ccbc964ca1b3c5ce721e205c939aedb9c20345e83ce097"
    }
  },
  {
    "ts": "2026-04-28T15:08:08.519057+00:00",
    "source": "trello",
    "action": "wiki_v2_claim_written",
    "data": {
      "claim_id": "7e6088b1-4345-4300-9e09-d08ebd3868a8",
      "blob_path": "memory/vault/claims/7e6088b1-4345-4300-9e09-d08ebd3868a8.md",
      "entity_id": "6855e285fbfb4c093da921d0",
      "claim_type": "status"
    }
  },
  {
    "ts": "2026-04-28T15:08:08.524254+00:00",
    "source": "trello",
    "action": "wiki_v2_event_processed",
    "data": {
      "event_key": "trello:6855e285fbfb4c093da921f0",
      "claims_written": 1,
      "claims_superseded": 0,
      "decision_keys_persisted": 0,
      "linkage_keys_persisted": 0
    }
  },
  {
    "ts": "2026-04-28T15:08:08.534834+00:00",
    "source": "trello",
    "action": "event_processed",
    "data": {
      "event_key": "trello:6855e285fbfb4c093da921f0",
      "content_key": "trello:6855e285fbfb4c093da921d0:70ae506c5a2cdf55c82182e4ac0869a11bb6ae4a39618ab12409edd3862e28dc"
    }
  },
  {
    "ts": "2026-04-28T15:08:09.030985+00:00",
    "source": "trello",
    "action": "wiki_v2_claim_written",
    "data": {
      "claim_id": "ee7037e5-43b6-469d-9f87-5ffa23c04521",
      "blob_path": "memory/vault/claims/ee7037e5-43b6-469d-9f87-5ffa23c04521.md",
      "entity_id": "6109592d64baf20d1ea88a77",
      "claim_type": "status"
    }
  },
  {
    "ts": "2026-04-28T15:08:09.032676+00:00",
    "source": "trello",
    "action": "wiki_v2_claim_written",
    "data": {
      "claim_id": "d4bd75ca-c4d8-451c-a6c2-7b0a1ba8cf2f",
      "blob_path": "memory/vault/claims/d4bd75ca-c4d8-451c-a6c2-7b0a1ba8cf2f.md",
      "entity_id": "6109592d64baf20d1ea88a77",
      "claim_type": "decision"
    }
  },
  {
    "ts": "2026-04-28T15:08:09.040754+00:00",
    "source": "trello",
    "action": "wiki_v2_claim_written",
    "data": {
      "claim_id": "60ddd688-5cd4-4b95-8936-118314d1a18f",
      "blob_path": "memory/vault/claims/60ddd688-5cd4-4b95-8936-118314d1a18f.md",
      "entity_id": "6109592d64baf20d1ea88a77",
      "claim_type": "linkage"
    }
  },
  {
    "ts": "2026-04-28T15:08:09.050433+00:00",
    "source": "trello",
    "action": "wiki_v2_event_processed",
    "data": {
      "event_key": "trello:68508858aa5f82fe553d703b",
      "claims_written": 3,
      "claims_superseded": 0,
      "decision_keys_persisted": 0,
      "linkage_keys_persisted": 1
    }
  },
  {
    "ts": "2026-04-28T15:08:09.063474+00:00",
    "source": "trello",
    "action": "event_processed",
    "data": {
      "event_key": "trello:68508858aa5f82fe553d703b",
      "content_key": "trello:6109592d64baf20d1ea88a77:d3d03bccd6895b5b7af888b4772c95a22cde07a27ffe5430704f8d11cad4b221"
    }
  },
  {
    "ts": "2026-04-28T15:08:09.572390+00:00",
    "source": "trello",
    "action": "wiki_v2_claim_written",
    "data": {
      "claim_id": "18a8d8f6-d968-4421-9641-3d44ba3121bc",
      "blob_path": "memory/vault/claims/18a8d8f6-d968-4421-9641-3d44ba3121bc.md",
      "entity_id": "60e71c0c5f3605535f3a5fe7",
      "claim_type": "status"
    }
  },
  {
    "ts": "2026-04-28T15:08:09.573846+00:00",
    "source": "trello",
    "action": "wiki_v2_claim_written",
    "data": {
      "claim_id": "b224802e-0c07-4319-b6cf-3a44c6db7fd4",
      "blob_path": "memory/vault/claims/b224802e-0c07-4319-b6cf-3a44c6db7fd4.md",
      "entity_id": "60e71c0c5f3605535f3a5fe7",
      "claim_type": "decision"
    }
  },
  {
    "ts": "2026-04-28T15:08:09.579161+00:00",
    "source": "trello",
    "action": "wiki_v2_claim_written",
    "data": {
      "claim_id": "f191f23f-ca74-4f33-b25c-ce08b95ae068",
      "blob_path": "memory/vault/claims/f191f23f-ca74-4f33-b25c-ce08b95ae068.md",
      "entity_id": "60e71c0c5f3605535f3a5fe7",
      "claim_type": "linkage"
    }
  },
  {
    "ts": "2026-04-28T15:08:09.582587+00:00",
    "source": "trello",
    "action": "wiki_v2_event_processed",
    "data": {
      "event_key": "trello:6850885874967b023a2147a8",
      "claims_written": 3,
      "claims_superseded": 0,
      "decision_keys_persisted": 0,
      "linkage_keys_persisted": 1
    }
  },
  {
    "ts": "2026-04-28T15:08:09.592746+00:00",
    "source": "trello",
    "action": "event_processed",
    "data": {
      "event_key": "trello:6850885874967b023a2147a8",
      "content_key": "trello:60e71c0c5f3605535f3a5fe7:72461a6d004252b8e4f6181712588b4f0c71bd5c26b689520f7eb242c978facb"
    }
  },
  {
    "ts": "2026-04-28T15:08:10.091586+00:00",
    "source": "trello",
    "action": "wiki_v2_claim_written",
    "data": {
      "claim_id": "c6b8c54c-d89c-4f1d-9f62-ed9e313be647",
      "blob_path": "memory/vault/claims/c6b8c54c-d89c-4f1d-9f62-ed9e313be647.md",
      "entity_id": "5ea73d4e0417df6a9d54cb07",
      "claim_type": "status"
    }
  },
  {
    "ts": "2026-04-28T15:08:10.094519+00:00",
    "source": "trello",
    "action": "wiki_v2_claim_written",
    "data": {
      "claim_id": "7789b838-0ecc-47cd-a25a-4821ecdfe4f4",
      "blob_path": "memory/vault/claims/7789b838-0ecc-47cd-a25a-4821ecdfe4f4.md",
      "entity_id": "5ea73d4e0417df6a9d54cb07",
      "claim_type": "decision"
    }
  },
  {
    "ts": "2026-04-28T15:08:10.101212+00:00",
    "source": "trello",
    "action": "wiki_v2_claim_written",
    "data": {
      "claim_id": "209b5d8a-20e5-424e-ad8e-dd8fb1ad9b05",
      "blob_path": "memory/vault/claims/209b5d8a-20e5-424e-ad8e-dd8fb1ad9b05.md",
      "entity_id": "5ea73d4e0417df6a9d54cb07",
      "claim_type": "linkage"
    }
  },
  {
    "ts": "2026-04-28T15:08:10.108944+00:00",
    "source": "trello",
    "action": "wiki_v2_event_processed",
    "data": {
      "event_key": "trello:685088578c76e5f7ade050d0",
      "claims_written": 3,
      "claims_superseded": 0,
      "decision_keys_persisted": 0,
      "linkage_keys_persisted": 1
    }
  },
  {
    "ts": "2026-04-28T15:08:10.120135+00:00",
    "source": "trello",
    "action": "event_processed",
    "data": {
      "event_key": "trello:685088578c76e5f7ade050d0",
      "content_key": "trello:5ea73d4e0417df6a9d54cb07:cbc5394cf6c80c8dd89be1b09b86d7223b232e6e65de6e76e31f20182a5a2367"
    }
  },
  {
    "ts": "2026-04-28T15:08:10.654631+00:00",
    "source": "trello",
    "action": "wiki_v2_claim_written",
    "data": {
      "claim_id": "f1c9c558-93a9-4b7b-866a-7c75155d1565",
      "blob_path": "memory/vault/claims/f1c9c558-93a9-4b7b-866a-7c75155d1565.md",
      "entity_id": "5da4819e4d29831a9cdef6a9",
      "claim_type": "status"
    }
  },
  {
    "ts": "2026-04-28T15:08:10.657395+00:00",
    "source": "trello",
    "action": "wiki_v2_claim_written",
    "data": {
      "claim_id": "5bbafefc-10e7-44a7-be5e-fb84257c089f",
      "blob_path": "memory/vault/claims/5bbafefc-10e7-44a7-be5e-fb84257c089f.md",
      "entity_id": "5da4819e4d29831a9cdef6a9",
      "claim_type": "decision"
    }
  },
  {
    "ts": "2026-04-28T15:08:10.670155+00:00",
    "source": "trello",
    "action": "wiki_v2_claim_written",
    "data": {
      "claim_id": "83abce84-2a52-417d-ab6f-f1e5a459c0f5",
      "blob_path": "memory/vault/claims/83abce84-2a52-417d-ab6f-f1e5a459c0f5.md",
      "entity_id": "5da4819e4d29831a9cdef6a9",
      "claim_type": "linkage"
    }
  },
  {
    "ts": "2026-04-28T15:08:10.695786+00:00",
    "source": "trello",
    "action": "wiki_v2_event_processed",
    "data": {
      "event_key": "trello:68508856b37518675dd665f3",
      "claims_written": 3,
      "claims_superseded": 0,
      "decision_keys_persisted": 0,
      "linkage_keys_persisted": 1
    }
  },
  {
    "ts": "2026-04-28T15:08:10.730875+00:00",
    "source": "trello",
    "action": "event_processed",
    "data": {
      "event_key": "trello:68508856b37518675dd665f3",
      "content_key": "trello:5da4819e4d29831a9cdef6a9:9bf256f906c5a7a296bd0bc2cc7eefeb9a255d2854477783931b1e33d6ce28c0"
    }
  },
  {
    "ts": "2026-04-28T15:08:11.367679+00:00",
    "source": "trello",
    "action": "wiki_v2_claim_written",
    "data": {
      "claim_id": "64643a72-a3f7-4adf-aedc-959f716d6f72",
      "blob_path": "memory/vault/claims/64643a72-a3f7-4adf-aedc-959f716d6f72.md",
      "entity_id": "68505329166fdfee8041aed3",
      "claim_type": "status"
    }
  },
  {
    "ts": "2026-04-28T15:08:11.374033+00:00",
    "source": "trello",
    "action": "wiki_v2_event_processed",
    "data": {
      "event_key": "trello:685088473773e322e27ee843",
      "claims_written": 1,
      "claims_superseded": 0,
      "decision_keys_persisted": 0,
      "linkage_keys_persisted": 0
    }
  },
  {
    "ts": "2026-04-28T15:08:11.385444+00:00",
    "source": "trello",
    "action": "event_processed",
    "data": {
      "event_key": "trello:685088473773e322e27ee843",
      "content_key": "trello:68505329166fdfee8041aed3:3c38556de08d066c65989e72f030d61b5f998738bff79e8c5de0189d6b119731"
    }
  },
  {
    "ts": "2026-04-28T15:08:11.948082+00:00",
    "source": "trello",
    "action": "wiki_v2_claim_written",
    "data": {
      "claim_id": "256a0de6-f02c-4255-b4a7-d848762f2c82",
      "blob_path": "memory/vault/claims/256a0de6-f02c-4255-b4a7-d848762f2c82.md",
      "entity_id": "68505329166fdfee8041aed3",
      "claim_type": "status"
    }
  },
  {
    "ts": "2026-04-28T15:08:11.977114+00:00",
    "source": "trello",
    "action": "wiki_v2_event_processed",
    "data": {
      "event_key": "trello:685088463773e322e27ee81e",
      "claims_written": 1,
      "claims_superseded": 0,
      "decision_keys_persisted": 0,
      "linkage_keys_persisted": 0
    }
  },
  {
    "ts": "2026-04-28T15:08:12.011244+00:00",
    "source": "trello",
    "action": "event_processed",
    "data": {
      "event_key": "trello:685088463773e322e27ee81e",
      "content_key": "trello:68505329166fdfee8041aed3:5f34dba36367ce2b2d986e15be687e519ee5aa909b8125f81c1a514741f47053"
    }
  },
  {
    "ts": "2026-04-28T15:08:12.643351+00:00",
    "source": "trello",
    "action": "wiki_v2_claim_written",
    "data": {
      "claim_id": "768ccd9b-89e7-4218-98a5-f484a1938370",
      "blob_path": "memory/vault/claims/768ccd9b-89e7-4218-98a5-f484a1938370.md",
      "entity_id": "68505329166fdfee8041aed3",
      "claim_type": "status"
    }
  },
  {
    "ts": "2026-04-28T15:08:12.649775+00:00",
    "source": "trello",
    "action": "wiki_v2_event_processed",
    "data": {
      "event_key": "trello:685087a778dc9f29ff63bf45",
      "claims_written": 1,
      "claims_superseded": 0,
      "decision_keys_persisted": 0,
      "linkage_keys_persisted": 0
    }
  },
  {
    "ts": "2026-04-28T15:08:12.657917+00:00",
    "source": "trello",
    "action": "event_processed",
    "data": {
      "event_key": "trello:685087a778dc9f29ff63bf45",
      "content_key": "trello:68505329166fdfee8041aed3:8eb600706897329732243ab8e14ad575a17599e46676502bb870e616e3e24fb2"
    }
  },
  {
    "ts": "2026-04-28T15:08:13.190284+00:00",
    "source": "trello",
    "action": "wiki_v2_claim_written",
    "data": {
      "claim_id": "196c1f73-56c1-48f4-9e1e-4f5184f5dd40",
      "blob_path": "memory/vault/claims/196c1f73-56c1-48f4-9e1e-4f5184f5dd40.md",
      "entity_id": "68505329166fdfee8041aed3",
      "claim_type": "status"
    }
  },
  {
    "ts": "2026-04-28T15:08:13.195793+00:00",
    "source": "trello",
    "action": "wiki_v2_event_processed",
    "data": {
      "event_key": "trello:6850879a33a561afab0bfefc",
      "claims_written": 1,
      "claims_superseded": 0,
      "decision_keys_persisted": 0,
      "linkage_keys_persisted": 0
    }
  },
  {
    "ts": "2026-04-28T15:08:13.209143+00:00",
    "source": "trello",
    "action": "event_processed",
    "data": {
      "event_key": "trello:6850879a33a561afab0bfefc",
      "content_key": "trello:68505329166fdfee8041aed3:8e03b9f2696a8238b31890188430548f5a6fc951e8ff0dc9b4bf352d3f5b250e"
    }
  },
  {
    "ts": "2026-04-28T15:08:13.727287+00:00",
    "source": "trello",
    "action": "wiki_v2_claim_written",
    "data": {
      "claim_id": "6e3cf8b0-b2d6-4d2c-afda-50ccee55f2ae",
      "blob_path": "memory/vault/claims/6e3cf8b0-b2d6-4d2c-afda-50ccee55f2ae.md",
      "entity_id": "68505329166fdfee8041aed3",
      "claim_type": "status"
    }
  },
  {
    "ts": "2026-04-28T15:08:13.732048+00:00",
    "source": "trello",
    "action": "wiki_v2_event_processed",
    "data": {
      "event_key": "trello:685054c6b02949c3ba3619a6",
      "claims_written": 1,
      "claims_superseded": 0,
      "decision_keys_persisted": 0,
      "linkage_keys_persisted": 0
    }
  },
  {
    "ts": "2026-04-28T15:08:13.741985+00:00",
    "source": "trello",
    "action": "event_processed",
    "data": {
      "event_key": "trello:685054c6b02949c3ba3619a6",
      "content_key": "trello:68505329166fdfee8041aed3:29f36fcf496996d93d8415faed55c6e0b143000bf0ee9a6aa697f8d04cef9a3e"
    }
  },
  {
    "ts": "2026-04-28T15:08:14.306406+00:00",
    "source": "trello",
    "action": "wiki_v2_claim_written",
    "data": {
      "claim_id": "c511593a-f67e-49d5-9eb1-a069f46dbd3b",
      "blob_path": "memory/vault/claims/c511593a-f67e-49d5-9eb1-a069f46dbd3b.md",
      "entity_id": "68505329166fdfee8041aed3",
      "claim_type": "status"
    }
  },
  {
    "ts": "2026-04-28T15:08:14.314694+00:00",
    "source": "trello",
    "action": "wiki_v2_event_processed",
    "data": {
      "event_key": "trello:68505487a907d8cc065ad40d",
      "claims_written": 1,
      "claims_superseded": 0,
      "decision_keys_persisted": 0,
      "linkage_keys_persisted": 0
    }
  },
  {
    "ts": "2026-04-28T15:08:14.327777+00:00",
    "source": "trello",
    "action": "event_processed",
    "data": {
      "event_key": "trello:68505487a907d8cc065ad40d",
      "content_key": "trello:68505329166fdfee8041aed3:d2bef390b32b44f2381f22deabcdf3c69289e2f09a4aed25db26a9bf6f6c08ab"
    }
  },
  {
    "ts": "2026-04-28T15:08:14.829646+00:00",
    "source": "trello",
    "action": "wiki_v2_claim_written",
    "data": {
      "claim_id": "b5e155e1-83b6-49c4-b81c-3809bd227206",
      "blob_path": "memory/vault/claims/b5e155e1-83b6-49c4-b81c-3809bd227206.md",
      "entity_id": "68505329166fdfee8041aed3",
      "claim_type": "status"
    }
  },
  {
    "ts": "2026-04-28T15:08:14.839255+00:00",
    "source": "trello",
    "action": "wiki_v2_event_processed",
    "data": {
      "event_key": "trello:6850547416da49195912e55f",
      "claims_written": 1,
      "claims_superseded": 0,
      "decision_keys_persisted": 0,
      "linkage_keys_persisted": 0
    }
  },
  {
    "ts": "2026-04-28T15:08:14.852243+00:00",
    "source": "trello",
    "action": "event_processed",
    "data": {
      "event_key": "trello:6850547416da49195912e55f",
      "content_key": "trello:68505329166fdfee8041aed3:570ddbeebfb3fc0e9cbb024fcac7414456e11dd6780a16e1d20ebf44f154f99c"
    }
  },
  {
    "ts": "2026-04-28T15:08:15.359804+00:00",
    "source": "trello",
    "action": "wiki_v2_claim_written",
    "data": {
      "claim_id": "e8f56dd6-b77f-44a4-8b8e-91a995966fcf",
      "blob_path": "memory/vault/claims/e8f56dd6-b77f-44a4-8b8e-91a995966fcf.md",
      "entity_id": "68505329166fdfee8041aed3",
      "claim_type": "status"
    }
  },
  {
    "ts": "2026-04-28T15:08:15.367155+00:00",
    "source": "trello",
    "action": "wiki_v2_event_processed",
    "data": {
      "event_key": "trello:6850546156fdc558eb8828cf",
      "claims_written": 1,
      "claims_superseded": 0,
      "decision_keys_persisted": 0,
      "linkage_keys_persisted": 0
    }
  },
  {
    "ts": "2026-04-28T15:08:15.378174+00:00",
    "source": "trello",
    "action": "event_processed",
    "data": {
      "event_key": "trello:6850546156fdc558eb8828cf",
      "content_key": "trello:68505329166fdfee8041aed3:8fb69fead4dc30dcabd71a5b824a7a9c3a39c2a38adc34b7533e6e86f0fef23e"
    }
  },
  {
    "ts": "2026-04-28T15:08:15.849158+00:00",
    "source": "trello",
    "action": "wiki_v2_claim_written",
    "data": {
      "claim_id": "ea25d50f-4060-451c-86a4-4a9f3bc1ccb0",
      "blob_path": "memory/vault/claims/ea25d50f-4060-451c-86a4-4a9f3bc1ccb0.md",
      "entity_id": "68ee9e397092afa41f04dcc2",
      "claim_type": "status"
    }
  },
  {
    "ts": "2026-04-28T15:08:15.854301+00:00",
    "source": "trello",
    "action": "wiki_v2_event_processed",
    "data": {
      "event_key": "trello:68ee9eab83e97f4e344c3bc1",
      "claims_written": 1,
      "claims_superseded": 0,
      "decision_keys_persisted": 0,
      "linkage_keys_persisted": 0
    }
  },
  {
    "ts": "2026-04-28T15:08:15.867305+00:00",
    "source": "trello",
    "action": "event_processed",
    "data": {
      "event_key": "trello:68ee9eab83e97f4e344c3bc1",
      "content_key": "trello:68ee9e397092afa41f04dcc2:4ebb0669e8c32c9badeb82bccf4b14717016c53f22ff3fb8b0e91344cfb17fcb"
    }
  },
  {
    "ts": "2026-04-28T15:08:16.358069+00:00",
    "source": "trello",
    "action": "wiki_v2_claim_written",
    "data": {
      "claim_id": "d513efbe-ffd3-411f-980c-54bc374dd1d6",
      "blob_path": "memory/vault/claims/d513efbe-ffd3-411f-980c-54bc374dd1d6.md",
      "entity_id": "68ee9e397092afa41f04dcc2",
      "claim_type": "status"
    }
  },
  {
    "ts": "2026-04-28T15:08:16.363577+00:00",
    "source": "trello",
    "action": "wiki_v2_event_processed",
    "data": {
      "event_key": "trello:68ee9ea26b0e0c89b08a2116",
      "claims_written": 1,
      "claims_superseded": 0,
      "decision_keys_persisted": 0,
      "linkage_keys_persisted": 0
    }
  },
  {
    "ts": "2026-04-28T15:08:16.373110+00:00",
    "source": "trello",
    "action": "event_processed",
    "data": {
      "event_key": "trello:68ee9ea26b0e0c89b08a2116",
      "content_key": "trello:68ee9e397092afa41f04dcc2:839f9ce0b284d93ff5caf8de299e3ff059bdab6d504a8fecdd63eecff0dc328b"
    }
  },
  {
    "ts": "2026-04-28T15:08:16.841018+00:00",
    "source": "trello",
    "action": "wiki_v2_claim_written",
    "data": {
      "claim_id": "7997b8f1-caac-4a80-a604-0c4e4ce25a13",
      "blob_path": "memory/vault/claims/7997b8f1-caac-4a80-a604-0c4e4ce25a13.md",
      "entity_id": "68ee9e397092afa41f04dcc2",
      "claim_type": "status"
    }
  },
  {
    "ts": "2026-04-28T15:08:16.848943+00:00",
    "source": "trello",
    "action": "wiki_v2_event_processed",
    "data": {
      "event_key": "trello:68ee9e42e176c26b82bbb35c",
      "claims_written": 1,
      "claims_superseded": 0,
      "decision_keys_persisted": 0,
      "linkage_keys_persisted": 0
    }
  },
  {
    "ts": "2026-04-28T15:08:16.863172+00:00",
    "source": "trello",
    "action": "event_processed",
    "data": {
      "event_key": "trello:68ee9e42e176c26b82bbb35c",
      "content_key": "trello:68ee9e397092afa41f04dcc2:a4a399b79ed48127d08137d51de2071bd88a969d6a2062e1e350919268f9a288"
    }
  },
  {
    "ts": "2026-04-28T15:08:17.344936+00:00",
    "source": "trello",
    "action": "wiki_v2_claim_written",
    "data": {
      "claim_id": "10e158cf-08e4-403b-9e8d-1b140197f5c1",
      "blob_path": "memory/vault/claims/10e158cf-08e4-403b-9e8d-1b140197f5c1.md",
      "entity_id": "68ee9e397092afa41f04dcc2",
      "claim_type": "status"
    }
  },
  {
    "ts": "2026-04-28T15:08:17.352806+00:00",
    "source": "trello",
    "action": "wiki_v2_event_processed",
    "data": {
      "event_key": "trello:68ee9e397092afa41f04dcdf",
      "claims_written": 1,
      "claims_superseded": 0,
      "decision_keys_persisted": 0,
      "linkage_keys_persisted": 0
    }
  },
  {
    "ts": "2026-04-28T15:08:17.372882+00:00",
    "source": "trello",
    "action": "event_processed",
    "data": {
      "event_key": "trello:68ee9e397092afa41f04dcdf",
      "content_key": "trello:68ee9e397092afa41f04dcc2:11f5db53902a8064eeeabd6bcbec682379d0575f7adac8f31f17d1032da152f6"
    }
  },
  {
    "ts": "2026-04-28T15:08:17.878212+00:00",
    "source": "trello",
    "action": "wiki_v2_claim_written",
    "data": {
      "claim_id": "4374f58f-4e59-4dd3-a179-70aa93f83e08",
      "blob_path": "memory/vault/claims/4374f58f-4e59-4dd3-a179-70aa93f83e08.md",
      "entity_id": "67d2eff1ed566922a46db348",
      "claim_type": "status"
    }
  },
  {
    "ts": "2026-04-28T15:08:17.881182+00:00",
    "source": "trello",
    "action": "wiki_v2_claim_written",
    "data": {
      "claim_id": "93e2fd4d-18e4-44f8-a4f0-53b6116808bd",
      "blob_path": "memory/vault/claims/93e2fd4d-18e4-44f8-a4f0-53b6116808bd.md",
      "entity_id": "67d2eff1ed566922a46db348",
      "claim_type": "decision"
    }
  },
  {
    "ts": "2026-04-28T15:08:17.888092+00:00",
    "source": "trello",
    "action": "wiki_v2_claim_written",
    "data": {
      "claim_id": "954b5385-d868-4c70-bf98-24242bfa158d",
      "blob_path": "memory/vault/claims/954b5385-d868-4c70-bf98-24242bfa158d.md",
      "entity_id": "67d2eff1ed566922a46db348",
      "claim_type": "linkage"
    }
  },
  {
    "ts": "2026-04-28T15:08:17.895473+00:00",
    "source": "trello",
    "action": "wiki_v2_event_processed",
    "data": {
      "event_key": "trello:68e3b7fd5fb79c7233961bf5",
      "claims_written": 3,
      "claims_superseded": 0,
      "decision_keys_persisted": 0,
      "linkage_keys_persisted": 1
    }
  },
  {
    "ts": "2026-04-28T15:08:17.917430+00:00",
    "source": "trello",
    "action": "event_processed",
    "data": {
      "event_key": "trello:68e3b7fd5fb79c7233961bf5",
      "content_key": "trello:67d2eff1ed566922a46db348:4412a7416b6345fdd1fa725d0ed2c291802fd3f1864d7308d42f8bf8ec224897"
    }
  },
  {
    "ts": "2026-04-28T15:08:18.436301+00:00",
    "source": "trello",
    "action": "wiki_v2_claim_written",
    "data": {
      "claim_id": "3af73d72-f717-42d3-94f5-f8572a335d7c",
      "blob_path": "memory/vault/claims/3af73d72-f717-42d3-94f5-f8572a335d7c.md",
      "entity_id": "67d2eff1ed566922a46db348",
      "claim_type": "status"
    }
  },
  {
    "ts": "2026-04-28T15:08:18.442463+00:00",
    "source": "trello",
    "action": "wiki_v2_event_processed",
    "data": {
      "event_key": "trello:68e3b7fd5fb79c7233961bce",
      "claims_written": 1,
      "claims_superseded": 0,
      "decision_keys_persisted": 0,
      "linkage_keys_persisted": 0
    }
  },
  {
    "ts": "2026-04-28T15:08:18.454921+00:00",
    "source": "trello",
    "action": "event_processed",
    "data": {
      "event_key": "trello:68e3b7fd5fb79c7233961bce",
      "content_key": "trello:67d2eff1ed566922a46db348:554c575c5cfd9fb0900e438b39c474e9a0ce821ba17687bb1dc743efe9f7a2bc"
    }
  },
  {
    "ts": "2026-04-28T15:08:18.962696+00:00",
    "source": "trello",
    "action": "wiki_v2_claim_written",
    "data": {
      "claim_id": "b9dc5af1-5a0c-454c-8cb7-0b1e05b633cc",
      "blob_path": "memory/vault/claims/b9dc5af1-5a0c-454c-8cb7-0b1e05b633cc.md",
      "entity_id": "67d2eff1ed566922a46db348",
      "claim_type": "status"
    }
  },
  {
    "ts": "2026-04-28T15:08:18.973048+00:00",
    "source": "trello",
    "action": "wiki_v2_event_processed",
    "data": {
      "event_key": "trello:67d4721d848cecf9fd42e53c",
      "claims_written": 1,
      "claims_superseded": 0,
      "decision_keys_persisted": 0,
      "linkage_keys_persisted": 0
    }
  },
  {
    "ts": "2026-04-28T15:08:18.992621+00:00",
    "source": "trello",
    "action": "event_processed",
    "data": {
      "event_key": "trello:67d4721d848cecf9fd42e53c",
      "content_key": "trello:67d2eff1ed566922a46db348:305fc7269dbd54322d96844bad3e637874d049b0db17ad466794ec5d13439f9b"
    }
  },
  {
    "ts": "2026-04-28T15:08:19.486582+00:00",
    "source": "trello",
    "action": "wiki_v2_claim_written",
    "data": {
      "claim_id": "7e99cc97-353e-4133-9885-bd511d353cc3",
      "blob_path": "memory/vault/claims/7e99cc97-353e-4133-9885-bd511d353cc3.md",
      "entity_id": "67d2eff1ed566922a46db348",
      "claim_type": "status"
    }
  },
  {
    "ts": "2026-04-28T15:08:19.494764+00:00",
    "source": "trello",
    "action": "wiki_v2_event_processed",
    "data": {
      "event_key": "trello:67d2eff56c29a2b429f6faf5",
      "claims_written": 1,
      "claims_superseded": 0,
      "decision_keys_persisted": 0,
      "linkage_keys_persisted": 0
    }
  },
  {
    "ts": "2026-04-28T15:08:19.516251+00:00",
    "source": "trello",
    "action": "event_processed",
    "data": {
      "event_key": "trello:67d2eff56c29a2b429f6faf5",
      "content_key": "trello:67d2eff1ed566922a46db348:4e44686a468dbd963cd6d882a867eb982637daf82acf61a9f7776c557b847810"
    }
  },
  {
    "ts": "2026-04-28T15:08:20.046529+00:00",
    "source": "trello",
    "action": "wiki_v2_claim_written",
    "data": {
      "claim_id": "637f3cec-cbdb-44b8-a4c9-e4f20f6cfa35",
      "blob_path": "memory/vault/claims/637f3cec-cbdb-44b8-a4c9-e4f20f6cfa35.md",
      "entity_id": "67d2eff1ed566922a46db348",
      "claim_type": "status"
    }
  },
  {
    "ts": "2026-04-28T15:08:20.054193+00:00",
    "source": "trello",
    "action": "wiki_v2_event_processed",
    "data": {
      "event_key": "trello:67d2eff1ed566922a46db365",
      "claims_written": 1,
      "claims_superseded": 0,
      "decision_keys_persisted": 0,
      "linkage_keys_persisted": 0
    }
  },
  {
    "ts": "2026-04-28T15:08:20.076362+00:00",
    "source": "trello",
    "action": "event_processed",
    "data": {
      "event_key": "trello:67d2eff1ed566922a46db365",
      "content_key": "trello:67d2eff1ed566922a46db348:1b393e5918769d88904df2fc4214aea13968612f7601d157fcd70290de8caba8"
    }
  },
  {
    "ts": "2026-04-28T15:08:20.610948+00:00",
    "source": "trello",
    "action": "wiki_v2_claim_written",
    "data": {
      "claim_id": "cbc5d9ef-d1dc-41d2-abb7-2efacb05713a",
      "blob_path": "memory/vault/claims/cbc5d9ef-d1dc-41d2-abb7-2efacb05713a.md",
      "entity_id": "67a675c3059ff9ae2fcc57b6",
      "claim_type": "status"
    }
  },
  {
    "ts": "2026-04-28T15:08:20.617275+00:00",
    "source": "trello",
    "action": "wiki_v2_event_processed",
    "data": {
      "event_key": "trello:67a67a80ca0e5f113d2bac94",
      "claims_written": 1,
      "claims_superseded": 0,
      "decision_keys_persisted": 0,
      "linkage_keys_persisted": 0
    }
  },
  {
    "ts": "2026-04-28T15:08:20.629954+00:00",
    "source": "trello",
    "action": "event_processed",
    "data": {
      "event_key": "trello:67a67a80ca0e5f113d2bac94",
      "content_key": "trello:67a675c3059ff9ae2fcc57b6:710d1103e2e413adb94dfa93880157a2b812867e3c05092cb7d7aca463f406c4"
    }
  },
  {
    "ts": "2026-04-28T15:08:21.189816+00:00",
    "source": "trello",
    "action": "wiki_v2_claim_written",
    "data": {
      "claim_id": "e48cf56c-ff9f-4ce8-acbc-e17eff0d0776",
      "blob_path": "memory/vault/claims/e48cf56c-ff9f-4ce8-acbc-e17eff0d0776.md",
      "entity_id": "67a675c3059ff9ae2fcc57b6",
      "claim_type": "status"
    }
  },
  {
    "ts": "2026-04-28T15:08:21.194679+00:00",
    "source": "trello",
    "action": "wiki_v2_event_processed",
    "data": {
      "event_key": "trello:67a679ce7ce6785225702ae1",
      "claims_written": 1,
      "claims_superseded": 0,
      "decision_keys_persisted": 0,
      "linkage_keys_persisted": 0
    }
  },
  {
    "ts": "2026-04-28T15:08:21.205375+00:00",
    "source": "trello",
    "action": "event_processed",
    "data": {
      "event_key": "trello:67a679ce7ce6785225702ae1",
      "content_key": "trello:67a675c3059ff9ae2fcc57b6:41ce86a18519fdb2f65f6f52c5c1a4ab00abb1f86d540311348c0004d0348871"
    }
  },
  {
    "ts": "2026-04-28T15:08:21.688576+00:00",
    "source": "trello",
    "action": "wiki_v2_claim_written",
    "data": {
      "claim_id": "13259269-e496-4711-8db1-6d112f76c904",
      "blob_path": "memory/vault/claims/13259269-e496-4711-8db1-6d112f76c904.md",
      "entity_id": "67a675c3059ff9ae2fcc57b6",
      "claim_type": "status"
    }
  },
  {
    "ts": "2026-04-28T15:08:21.694956+00:00",
    "source": "trello",
    "action": "wiki_v2_event_processed",
    "data": {
      "event_key": "trello:67a679c73a5ce3340734469e",
      "claims_written": 1,
      "claims_superseded": 0,
      "decision_keys_persisted": 0,
      "linkage_keys_persisted": 0
    }
  },
  {
    "ts": "2026-04-28T15:08:21.706429+00:00",
    "source": "trello",
    "action": "event_processed",
    "data": {
      "event_key": "trello:67a679c73a5ce3340734469e",
      "content_key": "trello:67a675c3059ff9ae2fcc57b6:a63eb4911f5fe5a6f1002b5bae92380a7cccddc1151f3c8c2b268cc486aa67bf"
    }
  },
  {
    "ts": "2026-04-28T15:08:22.174757+00:00",
    "source": "trello",
    "action": "wiki_v2_claim_written",
    "data": {
      "claim_id": "09f88e1e-d371-4cbc-9a36-eeb9b8518b2b",
      "blob_path": "memory/vault/claims/09f88e1e-d371-4cbc-9a36-eeb9b8518b2b.md",
      "entity_id": "67a675c3059ff9ae2fcc57b6",
      "claim_type": "status"
    }
  },
  {
    "ts": "2026-04-28T15:08:22.179893+00:00",
    "source": "trello",
    "action": "wiki_v2_event_processed",
    "data": {
      "event_key": "trello:67a675c3059ff9ae2fcc57d4",
      "claims_written": 1,
      "claims_superseded": 0,
      "decision_keys_persisted": 0,
      "linkage_keys_persisted": 0
    }
  },
  {
    "ts": "2026-04-28T15:08:22.192466+00:00",
    "source": "trello",
    "action": "event_processed",
    "data": {
      "event_key": "trello:67a675c3059ff9ae2fcc57d4",
      "content_key": "trello:67a675c3059ff9ae2fcc57b6:4be161b8588620df10fcdf53601572f913a4f3c4f0c1d458746752b5f587020c"
    }
  },
  {
    "ts": "2026-04-28T15:08:22.692671+00:00",
    "source": "trello",
    "action": "wiki_v2_claim_written",
    "data": {
      "claim_id": "ba68e446-c593-4810-b898-f6ca2a145a58",
      "blob_path": "memory/vault/claims/ba68e446-c593-4810-b898-f6ca2a145a58.md",
      "entity_id": "669ac9f2752a9d69e5641915",
      "claim_type": "status"
    }
  },
  {
    "ts": "2026-04-28T15:08:22.698741+00:00",
    "source": "trello",
    "action": "wiki_v2_event_processed",
    "data": {
      "event_key": "trello:672e20bc3967f4433f130d0f",
      "claims_written": 1,
      "claims_superseded": 0,
      "decision_keys_persisted": 0,
      "linkage_keys_persisted": 0
    }
  },
  {
    "ts": "2026-04-28T15:08:22.718373+00:00",
    "source": "trello",
    "action": "event_processed",
    "data": {
      "event_key": "trello:672e20bc3967f4433f130d0f",
      "content_key": "trello:669ac9f2752a9d69e5641915:77a06ce8e7b336b873b5168d3fa3b6ff7cb0f14d87deb33a5ddb6b72fca4ee9d"
    }
  },
  {
    "ts": "2026-04-28T15:08:23.206032+00:00",
    "source": "trello",
    "action": "wiki_v2_claim_written",
    "data": {
      "claim_id": "6b652937-c77d-4408-b484-dd1cf69c6f3a",
      "blob_path": "memory/vault/claims/6b652937-c77d-4408-b484-dd1cf69c6f3a.md",
      "entity_id": "669ac9f2752a9d69e5641915",
      "claim_type": "status"
    }
  },
  {
    "ts": "2026-04-28T15:08:23.216038+00:00",
    "source": "trello",
    "action": "wiki_v2_event_processed",
    "data": {
      "event_key": "trello:67226edfbe650d9f4142b520",
      "claims_written": 1,
      "claims_superseded": 0,
      "decision_keys_persisted": 0,
      "linkage_keys_persisted": 0
    }
  },
  {
    "ts": "2026-04-28T15:08:23.227285+00:00",
    "source": "trello",
    "action": "event_processed",
    "data": {
      "event_key": "trello:67226edfbe650d9f4142b520",
      "content_key": "trello:669ac9f2752a9d69e5641915:5ad1b1d1a96c98a7bf143089a033d9bf400bb3020b4b8d4e5b205fef14b4cde7"
    }
  },
  {
    "ts": "2026-04-28T15:08:23.730396+00:00",
    "source": "trello",
    "action": "wiki_v2_claim_written",
    "data": {
      "claim_id": "b5e4b67f-6003-4d66-a2f0-6f696d54de83",
      "blob_path": "memory/vault/claims/b5e4b67f-6003-4d66-a2f0-6f696d54de83.md",
      "entity_id": "62cda3153260164fc7e2cc70",
      "claim_type": "status"
    }
  },
  {
    "ts": "2026-04-28T15:08:23.732524+00:00",
    "source": "trello",
    "action": "wiki_v2_claim_written",
    "data": {
      "claim_id": "4fad30e4-ec48-412f-99bd-99635d896ce1",
      "blob_path": "memory/vault/claims/4fad30e4-ec48-412f-99bd-99635d896ce1.md",
      "entity_id": "62cda3153260164fc7e2cc70",
      "claim_type": "decision"
    }
  },
  {
    "ts": "2026-04-28T15:08:23.739231+00:00",
    "source": "trello",
    "action": "wiki_v2_claim_written",
    "data": {
      "claim_id": "657ad22f-2b8c-4c46-9dc5-8eac9d4fa4c7",
      "blob_path": "memory/vault/claims/657ad22f-2b8c-4c46-9dc5-8eac9d4fa4c7.md",
      "entity_id": "62cda3153260164fc7e2cc70",
      "claim_type": "linkage"
    }
  },
  {
    "ts": "2026-04-28T15:08:23.745192+00:00",
    "source": "trello",
    "action": "wiki_v2_event_processed",
    "data": {
      "event_key": "trello:6720d08c7c2879d2fb75f623",
      "claims_written": 3,
      "claims_superseded": 0,
      "decision_keys_persisted": 0,
      "linkage_keys_persisted": 1
    }
  },
  {
    "ts": "2026-04-28T15:08:23.756846+00:00",
    "source": "trello",
    "action": "event_processed",
    "data": {
      "event_key": "trello:6720d08c7c2879d2fb75f623",
      "content_key": "trello:62cda3153260164fc7e2cc70:32886175944bd2ef86766835d0a65cffc68c80a3d4db981ac3becc691ff7d5bf"
    }
  },
  {
    "ts": "2026-04-28T15:08:24.236639+00:00",
    "source": "trello",
    "action": "wiki_v2_claim_written",
    "data": {
      "claim_id": "2b802683-3884-4709-90c5-3731aa5e1554",
      "blob_path": "memory/vault/claims/2b802683-3884-4709-90c5-3731aa5e1554.md",
      "entity_id": "62cda3153260164fc7e2cc70",
      "claim_type": "status"
    }
  },
  {
    "ts": "2026-04-28T15:08:24.245105+00:00",
    "source": "trello",
    "action": "wiki_v2_event_processed",
    "data": {
      "event_key": "trello:6720d08c7c2879d2fb75f5ef",
      "claims_written": 1,
      "claims_superseded": 0,
      "decision_keys_persisted": 0,
      "linkage_keys_persisted": 0
    }
  },
  {
    "ts": "2026-04-28T15:08:24.266037+00:00",
    "source": "trello",
    "action": "event_processed",
    "data": {
      "event_key": "trello:6720d08c7c2879d2fb75f5ef",
      "content_key": "trello:62cda3153260164fc7e2cc70:7d4e0c0dcd2b2d7a3d41388353e92d92f89488798cd42d07a926f759f1df6183"
    }
  },
  {
    "ts": "2026-04-28T15:08:24.831657+00:00",
    "source": "trello",
    "action": "wiki_v2_claim_written",
    "data": {
      "claim_id": "96ba6320-38c1-4942-92cf-71c54cc325f8",
      "blob_path": "memory/vault/claims/96ba6320-38c1-4942-92cf-71c54cc325f8.md",
      "entity_id": "669ac9f2752a9d69e5641915",
      "claim_type": "status"
    }
  },
  {
    "ts": "2026-04-28T15:08:24.838614+00:00",
    "source": "trello",
    "action": "wiki_v2_event_processed",
    "data": {
      "event_key": "trello:669acc10213a97bf33fcbf92",
      "claims_written": 1,
      "claims_superseded": 0,
      "decision_keys_persisted": 0,
      "linkage_keys_persisted": 0
    }
  },
  {
    "ts": "2026-04-28T15:08:24.852436+00:00",
    "source": "trello",
    "action": "event_processed",
    "data": {
      "event_key": "trello:669acc10213a97bf33fcbf92",
      "content_key": "trello:669ac9f2752a9d69e5641915:7e8f6fbf9184336bc7da73c9f574e019c9932e4d48f30cc80ccc221e5d75bccd"
    }
  },
  {
    "ts": "2026-04-28T15:08:25.355623+00:00",
    "source": "trello",
    "action": "wiki_v2_claim_written",
    "data": {
      "claim_id": "5931c748-1232-44d6-8da4-518b13820ef4",
      "blob_path": "memory/vault/claims/5931c748-1232-44d6-8da4-518b13820ef4.md",
      "entity_id": "669ac9f2752a9d69e5641915",
      "claim_type": "status"
    }
  },
  {
    "ts": "2026-04-28T15:08:25.363460+00:00",
    "source": "trello",
    "action": "wiki_v2_event_processed",
    "data": {
      "event_key": "trello:669acadded0c017c10acf624",
      "claims_written": 1,
      "claims_superseded": 0,
      "decision_keys_persisted": 0,
      "linkage_keys_persisted": 0
    }
  },
  {
    "ts": "2026-04-28T15:08:25.386056+00:00",
    "source": "trello",
    "action": "event_processed",
    "data": {
      "event_key": "trello:669acadded0c017c10acf624",
      "content_key": "trello:669ac9f2752a9d69e5641915:0ff40f4bde1cc2102e7d08e68c1be0d188539414735eb22e6169c3491acb32cb"
    }
  },
  {
    "ts": "2026-04-28T15:08:25.867075+00:00",
    "source": "trello",
    "action": "wiki_v2_claim_written",
    "data": {
      "claim_id": "0b99a59c-e7f3-4038-818f-c877c469c76b",
      "blob_path": "memory/vault/claims/0b99a59c-e7f3-4038-818f-c877c469c76b.md",
      "entity_id": "669ac9f2752a9d69e5641915",
      "claim_type": "status"
    }
  },
  {
    "ts": "2026-04-28T15:08:25.875928+00:00",
    "source": "trello",
    "action": "wiki_v2_event_processed",
    "data": {
      "event_key": "trello:669aca054dc6f40912494f02",
      "claims_written": 1,
      "claims_superseded": 0,
      "decision_keys_persisted": 0,
      "linkage_keys_persisted": 0
    }
  },
  {
    "ts": "2026-04-28T15:08:25.895665+00:00",
    "source": "trello",
    "action": "event_processed",
    "data": {
      "event_key": "trello:669aca054dc6f40912494f02",
      "content_key": "trello:669ac9f2752a9d69e5641915:cdd247dac601eb44382684761d99db25afb58707600b7faa990b9aadbfc462df"
    }
  },
  {
    "ts": "2026-04-28T15:08:26.418179+00:00",
    "source": "trello",
    "action": "wiki_v2_claim_written",
    "data": {
      "claim_id": "c40e0f36-c9c5-4eed-8362-8a866ac6a5b1",
      "blob_path": "memory/vault/claims/c40e0f36-c9c5-4eed-8362-8a866ac6a5b1.md",
      "entity_id": "669ac9f2752a9d69e5641915",
      "claim_type": "status"
    }
  },
  {
    "ts": "2026-04-28T15:08:26.425756+00:00",
    "source": "trello",
    "action": "wiki_v2_event_processed",
    "data": {
      "event_key": "trello:669ac9f2752a9d69e564191d",
      "claims_written": 1,
      "claims_superseded": 0,
      "decision_keys_persisted": 0,
      "linkage_keys_persisted": 0
    }
  },
  {
    "ts": "2026-04-28T15:08:26.439381+00:00",
    "source": "trello",
    "action": "event_processed",
    "data": {
      "event_key": "trello:669ac9f2752a9d69e564191d",
      "content_key": "trello:669ac9f2752a9d69e5641915:3eb947b3caa33810d292bdb856865d0b83869b5b0b79bbe54594dfb739d010cb"
    }
  },
  {
    "ts": "2026-04-28T15:08:27.001287+00:00",
    "source": "trello",
    "action": "wiki_v2_claim_written",
    "data": {
      "claim_id": "22e53666-e2db-4af8-a470-eb2f71bf95ff",
      "blob_path": "memory/vault/claims/22e53666-e2db-4af8-a470-eb2f71bf95ff.md",
      "entity_id": "62cda3153260164fc7e2cc70",
      "claim_type": "status"
    }
  },
  {
    "ts": "2026-04-28T15:08:27.011287+00:00",
    "source": "trello",
    "action": "wiki_v2_event_processed",
    "data": {
      "event_key": "trello:66994d50b901e3437643d149",
      "claims_written": 1,
      "claims_superseded": 0,
      "decision_keys_persisted": 0,
      "linkage_keys_persisted": 0
    }
  },
  {
    "ts": "2026-04-28T15:08:27.025581+00:00",
    "source": "trello",
    "action": "event_processed",
    "data": {
      "event_key": "trello:66994d50b901e3437643d149",
      "content_key": "trello:62cda3153260164fc7e2cc70:22f0bc09f28e86d5491e7ea243ffcc19082163bf27ab619e88531c33a85186af"
    }
  },
  {
    "ts": "2026-04-28T15:08:27.520284+00:00",
    "source": "trello",
    "action": "wiki_v2_claim_written",
    "data": {
      "claim_id": "a7b48712-4d56-4653-b85a-4d0aad39d0ea",
      "blob_path": "memory/vault/claims/a7b48712-4d56-4653-b85a-4d0aad39d0ea.md",
      "entity_id": "6349cb22e139a502256e7d13",
      "claim_type": "status"
    }
  },
  {
    "ts": "2026-04-28T15:08:27.526968+00:00",
    "source": "trello",
    "action": "wiki_v2_event_processed",
    "data": {
      "event_key": "trello:66994d036b717086a14060f4",
      "claims_written": 1,
      "claims_superseded": 0,
      "decision_keys_persisted": 0,
      "linkage_keys_persisted": 0
    }
  },
  {
    "ts": "2026-04-28T15:08:27.541479+00:00",
    "source": "trello",
    "action": "event_processed",
    "data": {
      "event_key": "trello:66994d036b717086a14060f4",
      "content_key": "trello:6349cb22e139a502256e7d13:f5c844610bab0f4dd44d1f629720ad006f071d6bee917256b8a8285ab7f67c30"
    }
  },
  {
    "ts": "2026-04-28T15:08:28.161725+00:00",
    "source": "trello",
    "action": "wiki_v2_claim_written",
    "data": {
      "claim_id": "c9742405-f1d2-426a-a5b7-545531e38b44",
      "blob_path": "memory/vault/claims/c9742405-f1d2-426a-a5b7-545531e38b44.md",
      "entity_id": "66982cb2fd2eca097b59884b",
      "claim_type": "status"
    }
  },
  {
    "ts": "2026-04-28T15:08:28.165738+00:00",
    "source": "trello",
    "action": "wiki_v2_claim_written",
    "data": {
      "claim_id": "28cee9a0-59fe-494f-b33e-cf5ccb7c979a",
      "blob_path": "memory/vault/claims/28cee9a0-59fe-494f-b33e-cf5ccb7c979a.md",
      "entity_id": "66982cb2fd2eca097b59884b",
      "claim_type": "decision"
    }
  },
  {
    "ts": "2026-04-28T15:08:28.168671+00:00",
    "source": "trello",
    "action": "wiki_v2_claim_written",
    "data": {
      "claim_id": "0d7f55dc-ac19-499f-a550-215f569b97cd",
      "blob_path": "memory/vault/claims/0d7f55dc-ac19-499f-a550-215f569b97cd.md",
      "entity_id": "66982cb2fd2eca097b59884b",
      "claim_type": "decision"
    }
  },
  {
    "ts": "2026-04-28T15:08:28.179477+00:00",
    "source": "trello",
    "action": "wiki_v2_event_processed",
    "data": {
      "event_key": "trello:669908f343c11eb6581d312f",
      "claims_written": 3,
      "claims_superseded": 0,
      "decision_keys_persisted": 0,
      "linkage_keys_persisted": 0
    }
  },
  {
    "ts": "2026-04-28T15:08:28.203544+00:00",
    "source": "trello",
    "action": "event_processed",
    "data": {
      "event_key": "trello:669908f343c11eb6581d312f",
      "content_key": "trello:66982cb2fd2eca097b59884b:1a0d0ed20026e6bb61e0b179e275e22cb8714c12c1d242eb6ca16b6d947f53b9"
    }
  },
  {
    "ts": "2026-04-28T15:08:28.718550+00:00",
    "source": "trello",
    "action": "wiki_v2_claim_written",
    "data": {
      "claim_id": "9ef9a426-7582-46fc-9f1c-08bb0e2723c9",
      "blob_path": "memory/vault/claims/9ef9a426-7582-46fc-9f1c-08bb0e2723c9.md",
      "entity_id": "66982cb2fd2eca097b59884b",
      "claim_type": "status"
    }
  },
  {
    "ts": "2026-04-28T15:08:28.721905+00:00",
    "source": "trello",
    "action": "wiki_v2_claim_written",
    "data": {
      "claim_id": "671ec1dc-605c-44fe-b7de-3ac29fbc3814",
      "blob_path": "memory/vault/claims/671ec1dc-605c-44fe-b7de-3ac29fbc3814.md",
      "entity_id": "66982cb2fd2eca097b59884b",
      "claim_type": "decision"
    }
  },
  {
    "ts": "2026-04-28T15:08:28.724772+00:00",
    "source": "trello",
    "action": "wiki_v2_claim_written",
    "data": {
      "claim_id": "15cb6a39-a290-4a13-9148-ed1efbf65cbd",
      "blob_path": "memory/vault/claims/15cb6a39-a290-4a13-9148-ed1efbf65cbd.md",
      "entity_id": "66982cb2fd2eca097b59884b",
      "claim_type": "decision"
    }
  },
  {
    "ts": "2026-04-28T15:08:28.732275+00:00",
    "source": "trello",
    "action": "wiki_v2_event_processed",
    "data": {
      "event_key": "trello:669908f343c11eb6581d310c",
      "claims_written": 3,
      "claims_superseded": 0,
      "decision_keys_persisted": 0,
      "linkage_keys_persisted": 0
    }
  },
  {
    "ts": "2026-04-28T15:08:28.748159+00:00",
    "source": "trello",
    "action": "event_processed",
    "data": {
      "event_key": "trello:669908f343c11eb6581d310c",
      "content_key": "trello:66982cb2fd2eca097b59884b:7e8f71454301fe18abb64e11b0223820af982512fe1a3eba7e1acd0a729264b8"
    }
  },
  {
    "ts": "2026-04-28T15:08:29.271954+00:00",
    "source": "trello",
    "action": "wiki_v2_claim_written",
    "data": {
      "claim_id": "5bab5f93-f363-4437-93fe-86a2ed1de1de",
      "blob_path": "memory/vault/claims/5bab5f93-f363-4437-93fe-86a2ed1de1de.md",
      "entity_id": "66982cb2fd2eca097b59884b",
      "claim_type": "status"
    }
  },
  {
    "ts": "2026-04-28T15:08:29.276276+00:00",
    "source": "trello",
    "action": "wiki_v2_claim_written",
    "data": {
      "claim_id": "cacfcb72-9ead-4abe-919b-c8db4e003bc3",
      "blob_path": "memory/vault/claims/cacfcb72-9ead-4abe-919b-c8db4e003bc3.md",
      "entity_id": "66982cb2fd2eca097b59884b",
      "claim_type": "decision"
    }
  },
  {
    "ts": "2026-04-28T15:08:29.280105+00:00",
    "source": "trello",
    "action": "wiki_v2_claim_written",
    "data": {
      "claim_id": "43fc7e6a-e815-46d0-8db6-e41ba41ac13b",
      "blob_path": "memory/vault/claims/43fc7e6a-e815-46d0-8db6-e41ba41ac13b.md",
      "entity_id": "66982cb2fd2eca097b59884b",
      "claim_type": "decision"
    }
  },
  {
    "ts": "2026-04-28T15:08:29.288872+00:00",
    "source": "trello",
    "action": "wiki_v2_event_processed",
    "data": {
      "event_key": "trello:66982e921927e416193b3922",
      "claims_written": 3,
      "claims_superseded": 0,
      "decision_keys_persisted": 0,
      "linkage_keys_persisted": 0
    }
  },
  {
    "ts": "2026-04-28T15:08:29.304785+00:00",
    "source": "trello",
    "action": "event_processed",
    "data": {
      "event_key": "trello:66982e921927e416193b3922",
      "content_key": "trello:66982cb2fd2eca097b59884b:bcc4c393ed34bddcfce8330d5a2220a62e7e72a231a869c491f9c7478fd4aa9a"
    }
  },
  {
    "ts": "2026-04-28T15:08:30.213484+00:00",
    "source": "trello",
    "action": "wiki_v2_claim_written",
    "data": {
      "claim_id": "986c02cd-d8c1-4dab-b435-e431651d828b",
      "blob_path": "memory/vault/claims/986c02cd-d8c1-4dab-b435-e431651d828b.md",
      "entity_id": "66982cb2fd2eca097b59884b",
      "claim_type": "status"
    }
  },
  {
    "ts": "2026-04-28T15:08:30.216744+00:00",
    "source": "trello",
    "action": "wiki_v2_claim_written",
    "data": {
      "claim_id": "01bca982-8cce-4d18-a26f-64476eaf4ef6",
      "blob_path": "memory/vault/claims/01bca982-8cce-4d18-a26f-64476eaf4ef6.md",
      "entity_id": "66982cb2fd2eca097b59884b",
      "claim_type": "decision"
    }
  },
  {
    "ts": "2026-04-28T15:08:30.220428+00:00",
    "source": "trello",
    "action": "wiki_v2_claim_written",
    "data": {
      "claim_id": "db316f5c-7718-4077-bda1-cf0ae682739c",
      "blob_path": "memory/vault/claims/db316f5c-7718-4077-bda1-cf0ae682739c.md",
      "entity_id": "66982cb2fd2eca097b59884b",
      "claim_type": "decision"
    }
  },
  {
    "ts": "2026-04-28T15:08:30.229071+00:00",
    "source": "trello",
    "action": "wiki_v2_event_processed",
    "data": {
      "event_key": "trello:66982e8e4dadc9da4abd5af4",
      "claims_written": 3,
      "claims_superseded": 0,
      "decision_keys_persisted": 0,
      "linkage_keys_persisted": 0
    }
  },
  {
    "ts": "2026-04-28T15:08:30.243838+00:00",
    "source": "trello",
    "action": "event_processed",
    "data": {
      "event_key": "trello:66982e8e4dadc9da4abd5af4",
      "content_key": "trello:66982cb2fd2eca097b59884b:1150054f6ca63aee4524d17105c6c9cd7325279f1e2921c6ccfddfaf5f340a0d"
    }
  },
  {
    "ts": "2026-04-28T15:08:30.739264+00:00",
    "source": "trello",
    "action": "wiki_v2_claim_written",
    "data": {
      "claim_id": "5230597a-0e4b-4b0d-bb02-0b117251460c",
      "blob_path": "memory/vault/claims/5230597a-0e4b-4b0d-bb02-0b117251460c.md",
      "entity_id": "66982cb2fd2eca097b59884b",
      "claim_type": "status"
    }
  },
  {
    "ts": "2026-04-28T15:08:30.743989+00:00",
    "source": "trello",
    "action": "wiki_v2_claim_written",
    "data": {
      "claim_id": "ff388208-9129-47b3-8c45-cfee8e4a8144",
      "blob_path": "memory/vault/claims/ff388208-9129-47b3-8c45-cfee8e4a8144.md",
      "entity_id": "66982cb2fd2eca097b59884b",
      "claim_type": "decision"
    }
  },
  {
    "ts": "2026-04-28T15:08:30.748031+00:00",
    "source": "trello",
    "action": "wiki_v2_claim_written",
    "data": {
      "claim_id": "4256ab5e-d19b-4b54-a576-eac7cc3bc238",
      "blob_path": "memory/vault/claims/4256ab5e-d19b-4b54-a576-eac7cc3bc238.md",
      "entity_id": "66982cb2fd2eca097b59884b",
      "claim_type": "decision"
    }
  },
  {
    "ts": "2026-04-28T15:08:30.762208+00:00",
    "source": "trello",
    "action": "wiki_v2_event_processed",
    "data": {
      "event_key": "trello:66982d22f6fdd008b8e2e077",
      "claims_written": 3,
      "claims_superseded": 0,
      "decision_keys_persisted": 0,
      "linkage_keys_persisted": 0
    }
  },
  {
    "ts": "2026-04-28T15:08:30.783865+00:00",
    "source": "trello",
    "action": "event_processed",
    "data": {
      "event_key": "trello:66982d22f6fdd008b8e2e077",
      "content_key": "trello:66982cb2fd2eca097b59884b:e679285c53bbb18cbd1ede49f00f32607c114530051c2fa4afce78e8791b3e78"
    }
  },
  {
    "ts": "2026-04-28T15:08:31.283592+00:00",
    "source": "trello",
    "action": "wiki_v2_claim_written",
    "data": {
      "claim_id": "374f0d42-6ac5-4ca6-b8e1-8cb7adc4a867",
      "blob_path": "memory/vault/claims/374f0d42-6ac5-4ca6-b8e1-8cb7adc4a867.md",
      "entity_id": "66982cb2fd2eca097b59884b",
      "claim_type": "status"
    }
  },
  {
    "ts": "2026-04-28T15:08:31.288801+00:00",
    "source": "trello",
    "action": "wiki_v2_claim_written",
    "data": {
      "claim_id": "a190f53b-85d3-4da7-a13d-0da8c0d1b2b8",
      "blob_path": "memory/vault/claims/a190f53b-85d3-4da7-a13d-0da8c0d1b2b8.md",
      "entity_id": "66982cb2fd2eca097b59884b",
      "claim_type": "decision"
    }
  },
  {
    "ts": "2026-04-28T15:08:31.292911+00:00",
    "source": "trello",
    "action": "wiki_v2_claim_written",
    "data": {
      "claim_id": "4027eff6-76b8-487b-afb1-ef0a0d6c1fc9",
      "blob_path": "memory/vault/claims/4027eff6-76b8-487b-afb1-ef0a0d6c1fc9.md",
      "entity_id": "66982cb2fd2eca097b59884b",
      "claim_type": "decision"
    }
  },
  {
    "ts": "2026-04-28T15:08:31.300873+00:00",
    "source": "trello",
    "action": "wiki_v2_event_processed",
    "data": {
      "event_key": "trello:66982cc76e41bc9cedad3012",
      "claims_written": 3,
      "claims_superseded": 0,
      "decision_keys_persisted": 0,
      "linkage_keys_persisted": 0
    }
  },
  {
    "ts": "2026-04-28T15:08:31.314255+00:00",
    "source": "trello",
    "action": "event_processed",
    "data": {
      "event_key": "trello:66982cc76e41bc9cedad3012",
      "content_key": "trello:66982cb2fd2eca097b59884b:301708fd320f9912b3db2f145d39d1d84a096dca30758e44d9eb2d586a3405be"
    }
  },
  {
    "ts": "2026-04-28T15:08:31.829406+00:00",
    "source": "trello",
    "action": "wiki_v2_claim_written",
    "data": {
      "claim_id": "b2ecd748-4381-4155-82fa-af145a83cba0",
      "blob_path": "memory/vault/claims/b2ecd748-4381-4155-82fa-af145a83cba0.md",
      "entity_id": "66982cb2fd2eca097b59884b",
      "claim_type": "status"
    }
  },
  {
    "ts": "2026-04-28T15:08:31.834503+00:00",
    "source": "trello",
    "action": "wiki_v2_claim_written",
    "data": {
      "claim_id": "4746c3fa-c3de-4feb-ab5c-e574f84a56c2",
      "blob_path": "memory/vault/claims/4746c3fa-c3de-4feb-ab5c-e574f84a56c2.md",
      "entity_id": "66982cb2fd2eca097b59884b",
      "claim_type": "decision"
    }
  },
  {
    "ts": "2026-04-28T15:08:31.838376+00:00",
    "source": "trello",
    "action": "wiki_v2_claim_written",
    "data": {
      "claim_id": "e71b1abc-e917-4b0b-9585-ea917fcf0ff4",
      "blob_path": "memory/vault/claims/e71b1abc-e917-4b0b-9585-ea917fcf0ff4.md",
      "entity_id": "66982cb2fd2eca097b59884b",
      "claim_type": "decision"
    }
  },
  {
    "ts": "2026-04-28T15:08:31.847158+00:00",
    "source": "trello",
    "action": "wiki_v2_event_processed",
    "data": {
      "event_key": "trello:66982cc27307a08749a057be",
      "claims_written": 3,
      "claims_superseded": 0,
      "decision_keys_persisted": 0,
      "linkage_keys_persisted": 0
    }
  },
  {
    "ts": "2026-04-28T15:08:31.865646+00:00",
    "source": "trello",
    "action": "event_processed",
    "data": {
      "event_key": "trello:66982cc27307a08749a057be",
      "content_key": "trello:66982cb2fd2eca097b59884b:dc58e6915d4d982ec12f1bdf88cbd2619747c20c8265b0fc0e7a4d00ca74fb35"
    }
  },
  {
    "ts": "2026-04-28T15:08:32.353070+00:00",
    "source": "trello",
    "action": "wiki_v2_claim_written",
    "data": {
      "claim_id": "00d011de-77b6-4080-b2f3-835b70d581ab",
      "blob_path": "memory/vault/claims/00d011de-77b6-4080-b2f3-835b70d581ab.md",
      "entity_id": "66982cb2fd2eca097b59884b",
      "claim_type": "status"
    }
  },
  {
    "ts": "2026-04-28T15:08:32.356975+00:00",
    "source": "trello",
    "action": "wiki_v2_claim_written",
    "data": {
      "claim_id": "bcc6da3c-e1b8-48af-a3d5-6a6c8056aada",
      "blob_path": "memory/vault/claims/bcc6da3c-e1b8-48af-a3d5-6a6c8056aada.md",
      "entity_id": "66982cb2fd2eca097b59884b",
      "claim_type": "decision"
    }
  },
  {
    "ts": "2026-04-28T15:08:32.361539+00:00",
    "source": "trello",
    "action": "wiki_v2_claim_written",
    "data": {
      "claim_id": "b06d3ef6-e2c1-45b5-8cd7-2c115fefe4d1",
      "blob_path": "memory/vault/claims/b06d3ef6-e2c1-45b5-8cd7-2c115fefe4d1.md",
      "entity_id": "66982cb2fd2eca097b59884b",
      "claim_type": "decision"
    }
  },
  {
    "ts": "2026-04-28T15:08:32.368506+00:00",
    "source": "trello",
    "action": "wiki_v2_event_processed",
    "data": {
      "event_key": "trello:66982cba69a55ccc03f59fab",
      "claims_written": 3,
      "claims_superseded": 0,
      "decision_keys_persisted": 0,
      "linkage_keys_persisted": 0
    }
  },
  {
    "ts": "2026-04-28T15:08:32.383863+00:00",
    "source": "trello",
    "action": "event_processed",
    "data": {
      "event_key": "trello:66982cba69a55ccc03f59fab",
      "content_key": "trello:66982cb2fd2eca097b59884b:279a0a6fb74d1c3b1204d8d5694afdcb6450dfe196ec7adce508e68c58a8fe22"
    }
  },
  {
    "ts": "2026-04-28T15:08:32.896996+00:00",
    "source": "trello",
    "action": "wiki_v2_claim_written",
    "data": {
      "claim_id": "c8a34028-edbb-4908-a6e4-de2dec8ef035",
      "blob_path": "memory/vault/claims/c8a34028-edbb-4908-a6e4-de2dec8ef035.md",
      "entity_id": "66982cb2fd2eca097b59884b",
      "claim_type": "status"
    }
  },
  {
    "ts": "2026-04-28T15:08:32.906169+00:00",
    "source": "trello",
    "action": "wiki_v2_claim_written",
    "data": {
      "claim_id": "d6c471d3-59cd-4288-abc4-3f1f8a9a9e08",
      "blob_path": "memory/vault/claims/d6c471d3-59cd-4288-abc4-3f1f8a9a9e08.md",
      "entity_id": "66982cb2fd2eca097b59884b",
      "claim_type": "decision"
    }
  },
  {
    "ts": "2026-04-28T15:08:32.913648+00:00",
    "source": "trello",
    "action": "wiki_v2_claim_written",
    "data": {
      "claim_id": "cd04c6cb-f089-46f7-a9a9-f10defaa071c",
      "blob_path": "memory/vault/claims/cd04c6cb-f089-46f7-a9a9-f10defaa071c.md",
      "entity_id": "66982cb2fd2eca097b59884b",
      "claim_type": "decision"
    }
  },
  {
    "ts": "2026-04-28T15:08:32.934623+00:00",
    "source": "trello",
    "action": "wiki_v2_event_processed",
    "data": {
      "event_key": "trello:66982cb94a4faca4dbda2875",
      "claims_written": 3,
      "claims_superseded": 0,
      "decision_keys_persisted": 0,
      "linkage_keys_persisted": 0
    }
  },
  {
    "ts": "2026-04-28T15:08:32.963569+00:00",
    "source": "trello",
    "action": "event_processed",
    "data": {
      "event_key": "trello:66982cb94a4faca4dbda2875",
      "content_key": "trello:66982cb2fd2eca097b59884b:7847b8c7857e910972003f3219804f1d43f7791e53c6b290767ccf738c137edd"
    }
  },
  {
    "ts": "2026-04-28T15:08:33.486900+00:00",
    "source": "trello",
    "action": "wiki_v2_claim_written",
    "data": {
      "claim_id": "e2a9c893-1a9d-41ba-8dd0-31dec8f4a722",
      "blob_path": "memory/vault/claims/e2a9c893-1a9d-41ba-8dd0-31dec8f4a722.md",
      "entity_id": "66982cb2fd2eca097b59884b",
      "claim_type": "status"
    }
  },
  {
    "ts": "2026-04-28T15:08:33.489975+00:00",
    "source": "trello",
    "action": "wiki_v2_claim_written",
    "data": {
      "claim_id": "ae928793-f0d0-4b29-b595-b4b92a3cefb8",
      "blob_path": "memory/vault/claims/ae928793-f0d0-4b29-b595-b4b92a3cefb8.md",
      "entity_id": "66982cb2fd2eca097b59884b",
      "claim_type": "decision"
    }
  },
  {
    "ts": "2026-04-28T15:08:33.493262+00:00",
    "source": "trello",
    "action": "wiki_v2_claim_written",
    "data": {
      "claim_id": "eabdb9bb-78ba-4ccc-ba76-0e968d4d947b",
      "blob_path": "memory/vault/claims/eabdb9bb-78ba-4ccc-ba76-0e968d4d947b.md",
      "entity_id": "66982cb2fd2eca097b59884b",
      "claim_type": "decision"
    }
  },
  {
    "ts": "2026-04-28T15:08:33.501916+00:00",
    "source": "trello",
    "action": "wiki_v2_event_processed",
    "data": {
      "event_key": "trello:66982cb9f4b68ca11de86316",
      "claims_written": 3,
      "claims_superseded": 0,
      "decision_keys_persisted": 0,
      "linkage_keys_persisted": 0
    }
  },
  {
    "ts": "2026-04-28T15:08:33.517246+00:00",
    "source": "trello",
    "action": "event_processed",
    "data": {
      "event_key": "trello:66982cb9f4b68ca11de86316",
      "content_key": "trello:66982cb2fd2eca097b59884b:9e7354608c6f8bdc023f86db3bd9af6110b2bc5587ce1a6ced1cf574ba8b8a97"
    }
  },
  {
    "ts": "2026-04-28T15:08:34.008568+00:00",
    "source": "trello",
    "action": "wiki_v2_claim_written",
    "data": {
      "claim_id": "6ff79c65-d903-427b-946e-7fea84dedc56",
      "blob_path": "memory/vault/claims/6ff79c65-d903-427b-946e-7fea84dedc56.md",
      "entity_id": "66982cb2fd2eca097b59884b",
      "claim_type": "status"
    }
  },
  {
    "ts": "2026-04-28T15:08:34.011479+00:00",
    "source": "trello",
    "action": "wiki_v2_claim_written",
    "data": {
      "claim_id": "f7fa2717-9bd9-4dc3-a54f-95ee27c73a5c",
      "blob_path": "memory/vault/claims/f7fa2717-9bd9-4dc3-a54f-95ee27c73a5c.md",
      "entity_id": "66982cb2fd2eca097b59884b",
      "claim_type": "decision"
    }
  },
  {
    "ts": "2026-04-28T15:08:34.014169+00:00",
    "source": "trello",
    "action": "wiki_v2_claim_written",
    "data": {
      "claim_id": "6bea3ae4-5cd1-4fab-b2d3-9ce886c13c0d",
      "blob_path": "memory/vault/claims/6bea3ae4-5cd1-4fab-b2d3-9ce886c13c0d.md",
      "entity_id": "66982cb2fd2eca097b59884b",
      "claim_type": "decision"
    }
  },
  {
    "ts": "2026-04-28T15:08:34.021673+00:00",
    "source": "trello",
    "action": "wiki_v2_event_processed",
    "data": {
      "event_key": "trello:66982cb2fd2eca097b598854",
      "claims_written": 3,
      "claims_superseded": 0,
      "decision_keys_persisted": 0,
      "linkage_keys_persisted": 0
    }
  },
  {
    "ts": "2026-04-28T15:08:34.035640+00:00",
    "source": "trello",
    "action": "event_processed",
    "data": {
      "event_key": "trello:66982cb2fd2eca097b598854",
      "content_key": "trello:66982cb2fd2eca097b59884b:b4a055d626e30ae911759d8402d2c9515819bb27eb23f7944d412e8d53160e2b"
    }
  },
  {
    "ts": "2026-04-28T15:08:34.556596+00:00",
    "source": "trello",
    "action": "wiki_v2_claim_written",
    "data": {
      "claim_id": "ebcec1b7-a586-42cc-948b-ae1080b22493",
      "blob_path": "memory/vault/claims/ebcec1b7-a586-42cc-948b-ae1080b22493.md",
      "entity_id": "635bd596b82d8300d182541f",
      "claim_type": "status"
    }
  },
  {
    "ts": "2026-04-28T15:08:34.558994+00:00",
    "source": "trello",
    "action": "wiki_v2_claim_written",
    "data": {
      "claim_id": "48e6551b-d5fd-433b-883d-43c2329436b7",
      "blob_path": "memory/vault/claims/48e6551b-d5fd-433b-883d-43c2329436b7.md",
      "entity_id": "635bd596b82d8300d182541f",
      "claim_type": "decision"
    }
  },
  {
    "ts": "2026-04-28T15:08:34.567142+00:00",
    "source": "trello",
    "action": "wiki_v2_claim_written",
    "data": {
      "claim_id": "e5752c1b-c477-474a-b4a7-58d57fc93689",
      "blob_path": "memory/vault/claims/e5752c1b-c477-474a-b4a7-58d57fc93689.md",
      "entity_id": "635bd596b82d8300d182541f",
      "claim_type": "linkage"
    }
  },
  {
    "ts": "2026-04-28T15:08:34.574488+00:00",
    "source": "trello",
    "action": "wiki_v2_event_processed",
    "data": {
      "event_key": "trello:64a483629138b61e987a82c7",
      "claims_written": 3,
      "claims_superseded": 0,
      "decision_keys_persisted": 0,
      "linkage_keys_persisted": 1
    }
  },
  {
    "ts": "2026-04-28T15:08:34.593006+00:00",
    "source": "trello",
    "action": "event_processed",
    "data": {
      "event_key": "trello:64a483629138b61e987a82c7",
      "content_key": "trello:635bd596b82d8300d182541f:2fbfb60764b32efa76cbfd870a60453cc4c607a1f4377b6911d3752949b28aaa"
    }
  },
  {
    "ts": "2026-04-28T15:08:35.088830+00:00",
    "source": "trello",
    "action": "wiki_v2_claim_written",
    "data": {
      "claim_id": "59e0cbb0-d7e9-49e3-96fb-f0e847afcb70",
      "blob_path": "memory/vault/claims/59e0cbb0-d7e9-49e3-96fb-f0e847afcb70.md",
      "entity_id": "635bd596b82d8300d182541f",
      "claim_type": "status"
    }
  },
  {
    "ts": "2026-04-28T15:08:35.097157+00:00",
    "source": "trello",
    "action": "wiki_v2_event_processed",
    "data": {
      "event_key": "trello:64a483629138b61e987a829c",
      "claims_written": 1,
      "claims_superseded": 0,
      "decision_keys_persisted": 0,
      "linkage_keys_persisted": 0
    }
  },
  {
    "ts": "2026-04-28T15:08:35.116366+00:00",
    "source": "trello",
    "action": "event_processed",
    "data": {
      "event_key": "trello:64a483629138b61e987a829c",
      "content_key": "trello:635bd596b82d8300d182541f:99be7a36c4e0555de1aa7d2ed34059c9840a944b1b9dc7f32b55a6b343e2787f"
    }
  },
  {
    "ts": "2026-04-28T15:08:35.597202+00:00",
    "source": "trello",
    "action": "wiki_v2_claim_written",
    "data": {
      "claim_id": "c0cb4831-5c8d-47ae-acf0-6864a817c97d",
      "blob_path": "memory/vault/claims/c0cb4831-5c8d-47ae-acf0-6864a817c97d.md",
      "entity_id": "635bd596b82d8300d182541f",
      "claim_type": "status"
    }
  },
  {
    "ts": "2026-04-28T15:08:35.607272+00:00",
    "source": "trello",
    "action": "wiki_v2_event_processed",
    "data": {
      "event_key": "trello:635bd73f69f01a01e38fa910",
      "claims_written": 1,
      "claims_superseded": 0,
      "decision_keys_persisted": 0,
      "linkage_keys_persisted": 0
    }
  },
  {
    "ts": "2026-04-28T15:08:35.626883+00:00",
    "source": "trello",
    "action": "event_processed",
    "data": {
      "event_key": "trello:635bd73f69f01a01e38fa910",
      "content_key": "trello:635bd596b82d8300d182541f:f649fd59a08e83a54d5aca93b8d553516abd1ed58ec1acfd754c5181b8029bc3"
    }
  },
  {
    "ts": "2026-04-28T15:08:36.110547+00:00",
    "source": "trello",
    "action": "wiki_v2_claim_written",
    "data": {
      "claim_id": "c68ac3e4-fe08-4b76-af28-d67bbf074204",
      "blob_path": "memory/vault/claims/c68ac3e4-fe08-4b76-af28-d67bbf074204.md",
      "entity_id": "635bd596b82d8300d182541f",
      "claim_type": "status"
    }
  },
  {
    "ts": "2026-04-28T15:08:36.120288+00:00",
    "source": "trello",
    "action": "wiki_v2_event_processed",
    "data": {
      "event_key": "trello:635bd6e39e40c301a3670d5d",
      "claims_written": 1,
      "claims_superseded": 0,
      "decision_keys_persisted": 0,
      "linkage_keys_persisted": 0
    }
  },
  {
    "ts": "2026-04-28T15:08:36.153713+00:00",
    "source": "trello",
    "action": "event_processed",
    "data": {
      "event_key": "trello:635bd6e39e40c301a3670d5d",
      "content_key": "trello:635bd596b82d8300d182541f:fd1bcd61eede9570c80e97509cc43ca6897724e4b3569d13dc0330580ef7e638"
    }
  },
  {
    "ts": "2026-04-28T15:08:36.760612+00:00",
    "source": "trello",
    "action": "wiki_v2_claim_written",
    "data": {
      "claim_id": "3d1bbce0-667b-4c64-965b-e49489415d85",
      "blob_path": "memory/vault/claims/3d1bbce0-667b-4c64-965b-e49489415d85.md",
      "entity_id": "635bd596b82d8300d182541f",
      "claim_type": "status"
    }
  },
  {
    "ts": "2026-04-28T15:08:36.767446+00:00",
    "source": "trello",
    "action": "wiki_v2_event_processed",
    "data": {
      "event_key": "trello:635bd6e072e49300e08de03b",
      "claims_written": 1,
      "claims_superseded": 0,
      "decision_keys_persisted": 0,
      "linkage_keys_persisted": 0
    }
  },
  {
    "ts": "2026-04-28T15:08:36.782465+00:00",
    "source": "trello",
    "action": "event_processed",
    "data": {
      "event_key": "trello:635bd6e072e49300e08de03b",
      "content_key": "trello:635bd596b82d8300d182541f:cf6010fd3f0b746f0e58d87426ff40457de1cf06255aab6b7b11e896f36382a5"
    }
  },
  {
    "ts": "2026-04-28T15:08:37.354009+00:00",
    "source": "trello",
    "action": "wiki_v2_claim_written",
    "data": {
      "claim_id": "b62ca0fe-c1c7-4564-8809-1158c1417b29",
      "blob_path": "memory/vault/claims/b62ca0fe-c1c7-4564-8809-1158c1417b29.md",
      "entity_id": "635bd596b82d8300d182541f",
      "claim_type": "status"
    }
  },
  {
    "ts": "2026-04-28T15:08:37.364306+00:00",
    "source": "trello",
    "action": "wiki_v2_event_processed",
    "data": {
      "event_key": "trello:635bd5c32260e400c5e15733",
      "claims_written": 1,
      "claims_superseded": 0,
      "decision_keys_persisted": 0,
      "linkage_keys_persisted": 0
    }
  },
  {
    "ts": "2026-04-28T15:08:37.388791+00:00",
    "source": "trello",
    "action": "event_processed",
    "data": {
      "event_key": "trello:635bd5c32260e400c5e15733",
      "content_key": "trello:635bd596b82d8300d182541f:8584e9465901ab9d9f04d27a52640e2700f36f51c3dd10987dce1a484c94d55b"
    }
  },
  {
    "ts": "2026-04-28T15:08:37.859268+00:00",
    "source": "trello",
    "action": "wiki_v2_claim_written",
    "data": {
      "claim_id": "87847726-4de9-4b6d-b738-b6de2d347202",
      "blob_path": "memory/vault/claims/87847726-4de9-4b6d-b738-b6de2d347202.md",
      "entity_id": "635bd596b82d8300d182541f",
      "claim_type": "status"
    }
  },
  {
    "ts": "2026-04-28T15:08:37.869948+00:00",
    "source": "trello",
    "action": "wiki_v2_event_processed",
    "data": {
      "event_key": "trello:635bd596b82d8300d182542c",
      "claims_written": 1,
      "claims_superseded": 0,
      "decision_keys_persisted": 0,
      "linkage_keys_persisted": 0
    }
  },
  {
    "ts": "2026-04-28T15:08:37.894027+00:00",
    "source": "trello",
    "action": "event_processed",
    "data": {
      "event_key": "trello:635bd596b82d8300d182542c",
      "content_key": "trello:635bd596b82d8300d182541f:b5ebd55251c1e47f08ec6905aa13b93469ef0993d03ec0ef966c44f846aa34db"
    }
  },
  {
    "ts": "2026-04-28T15:08:38.406384+00:00",
    "source": "trello",
    "action": "wiki_v2_claim_written",
    "data": {
      "claim_id": "2f29cfb5-b4ec-4df0-90b4-abc881f02a48",
      "blob_path": "memory/vault/claims/2f29cfb5-b4ec-4df0-90b4-abc881f02a48.md",
      "entity_id": "62cda3153260164fc7e2cc70",
      "claim_type": "status"
    }
  },
  {
    "ts": "2026-04-28T15:08:38.417554+00:00",
    "source": "trello",
    "action": "wiki_v2_event_processed",
    "data": {
      "event_key": "trello:6349cc06b53d2100e5dd772f",
      "claims_written": 1,
      "claims_superseded": 0,
      "decision_keys_persisted": 0,
      "linkage_keys_persisted": 0
    }
  },
  {
    "ts": "2026-04-28T15:08:38.437993+00:00",
    "source": "trello",
    "action": "event_processed",
    "data": {
      "event_key": "trello:6349cc06b53d2100e5dd772f",
      "content_key": "trello:62cda3153260164fc7e2cc70:1e0aacf52563a1d1e5bf8b893cc45d0747c77ca7a6768affbca4b8eece5dd9be"
    }
  },
  {
    "ts": "2026-04-28T15:08:38.933117+00:00",
    "source": "trello",
    "action": "wiki_v2_claim_written",
    "data": {
      "claim_id": "55b079e0-8fe4-43dc-b767-285b7e311c65",
      "blob_path": "memory/vault/claims/55b079e0-8fe4-43dc-b767-285b7e311c65.md",
      "entity_id": "62cda3153260164fc7e2cc70",
      "claim_type": "status"
    }
  },
  {
    "ts": "2026-04-28T15:08:38.945729+00:00",
    "source": "trello",
    "action": "wiki_v2_event_processed",
    "data": {
      "event_key": "trello:6349cc05fec1180262437543",
      "claims_written": 1,
      "claims_superseded": 0,
      "decision_keys_persisted": 0,
      "linkage_keys_persisted": 0
    }
  },
  {
    "ts": "2026-04-28T15:08:38.965418+00:00",
    "source": "trello",
    "action": "event_processed",
    "data": {
      "event_key": "trello:6349cc05fec1180262437543",
      "content_key": "trello:62cda3153260164fc7e2cc70:da4730ff565986c1b1651f623cfcb068be5865a8399431b7a3bca210b4fea9e2"
    }
  },
  {
    "ts": "2026-04-28T15:08:39.441554+00:00",
    "source": "trello",
    "action": "wiki_v2_claim_written",
    "data": {
      "claim_id": "1ec1e782-4946-4973-8409-93f978fc9505",
      "blob_path": "memory/vault/claims/1ec1e782-4946-4973-8409-93f978fc9505.md",
      "entity_id": "6349cb22e139a502256e7d13",
      "claim_type": "status"
    }
  },
  {
    "ts": "2026-04-28T15:08:39.449130+00:00",
    "source": "trello",
    "action": "wiki_v2_event_processed",
    "data": {
      "event_key": "trello:6349cbf944d24d00c5ceaa39",
      "claims_written": 1,
      "claims_superseded": 0,
      "decision_keys_persisted": 0,
      "linkage_keys_persisted": 0
    }
  },
  {
    "ts": "2026-04-28T15:08:39.465771+00:00",
    "source": "trello",
    "action": "event_processed",
    "data": {
      "event_key": "trello:6349cbf944d24d00c5ceaa39",
      "content_key": "trello:6349cb22e139a502256e7d13:4f15baa2dbd3b7ae44d779e44cf764028aa79de8e29a6fdf9596d0350333c7b7"
    }
  },
  {
    "ts": "2026-04-28T15:08:39.971285+00:00",
    "source": "trello",
    "action": "wiki_v2_claim_written",
    "data": {
      "claim_id": "ca15e8d6-1f03-4249-b8c9-3ba8dce1214a",
      "blob_path": "memory/vault/claims/ca15e8d6-1f03-4249-b8c9-3ba8dce1214a.md",
      "entity_id": "6349cb22e139a502256e7d13",
      "claim_type": "status"
    }
  },
  {
    "ts": "2026-04-28T15:08:39.979494+00:00",
    "source": "trello",
    "action": "wiki_v2_event_processed",
    "data": {
      "event_key": "trello:6349cbf82723e6006fd2e301",
      "claims_written": 1,
      "claims_superseded": 0,
      "decision_keys_persisted": 0,
      "linkage_keys_persisted": 0
    }
  },
  {
    "ts": "2026-04-28T15:08:39.998133+00:00",
    "source": "trello",
    "action": "event_processed",
    "data": {
      "event_key": "trello:6349cbf82723e6006fd2e301",
      "content_key": "trello:6349cb22e139a502256e7d13:d0c6bcea921ec04ab5a70ca47ddaabe67b73f3b47483b7ea48bf83d5637d43c4"
    }
  },
  {
    "ts": "2026-04-28T15:08:40.528612+00:00",
    "source": "trello",
    "action": "wiki_v2_claim_written",
    "data": {
      "claim_id": "07e8d173-9bc3-470a-9b00-30e09e788ca9",
      "blob_path": "memory/vault/claims/07e8d173-9bc3-470a-9b00-30e09e788ca9.md",
      "entity_id": "6349cb22e139a502256e7d13",
      "claim_type": "status"
    }
  },
  {
    "ts": "2026-04-28T15:08:40.539080+00:00",
    "source": "trello",
    "action": "wiki_v2_event_processed",
    "data": {
      "event_key": "trello:6349cbf40cb0490061b26830",
      "claims_written": 1,
      "claims_superseded": 0,
      "decision_keys_persisted": 0,
      "linkage_keys_persisted": 0
    }
  },
  {
    "ts": "2026-04-28T15:08:40.560101+00:00",
    "source": "trello",
    "action": "event_processed",
    "data": {
      "event_key": "trello:6349cbf40cb0490061b26830",
      "content_key": "trello:6349cb22e139a502256e7d13:33e7826c3e528160882457ee52cd64b1521050815963a02b45c39e21e71faebd"
    }
  },
  {
    "ts": "2026-04-28T15:08:41.087053+00:00",
    "source": "trello",
    "action": "wiki_v2_claim_written",
    "data": {
      "claim_id": "b6b9295f-ae99-4a14-b6d2-07c133d6f264",
      "blob_path": "memory/vault/claims/b6b9295f-ae99-4a14-b6d2-07c133d6f264.md",
      "entity_id": "6349cb22e139a502256e7d13",
      "claim_type": "status"
    }
  },
  {
    "ts": "2026-04-28T15:08:41.101219+00:00",
    "source": "trello",
    "action": "wiki_v2_event_processed",
    "data": {
      "event_key": "trello:6349cb4528d82b010dd8d09f",
      "claims_written": 1,
      "claims_superseded": 0,
      "decision_keys_persisted": 0,
      "linkage_keys_persisted": 0
    }
  },
  {
    "ts": "2026-04-28T15:08:41.132095+00:00",
    "source": "trello",
    "action": "event_processed",
    "data": {
      "event_key": "trello:6349cb4528d82b010dd8d09f",
      "content_key": "trello:6349cb22e139a502256e7d13:7f137a27ef11b59e96697ac74c1c87ba69573fc116a562631f081892c7230b19"
    }
  },
  {
    "ts": "2026-04-28T15:08:41.644347+00:00",
    "source": "trello",
    "action": "wiki_v2_claim_written",
    "data": {
      "claim_id": "89964b86-88c3-457b-b231-68e3d30e753f",
      "blob_path": "memory/vault/claims/89964b86-88c3-457b-b231-68e3d30e753f.md",
      "entity_id": "6349cb22e139a502256e7d13",
      "claim_type": "status"
    }
  },
  {
    "ts": "2026-04-28T15:08:41.657694+00:00",
    "source": "trello",
    "action": "wiki_v2_event_processed",
    "data": {
      "event_key": "trello:6349cb22e139a502256e7d1c",
      "claims_written": 1,
      "claims_superseded": 0,
      "decision_keys_persisted": 0,
      "linkage_keys_persisted": 0
    }
  },
  {
    "ts": "2026-04-28T15:08:41.679050+00:00",
    "source": "trello",
    "action": "event_processed",
    "data": {
      "event_key": "trello:6349cb22e139a502256e7d1c",
      "content_key": "trello:6349cb22e139a502256e7d13:30726eddbdde4b5b6a7e2c8e033f31773004cb80eb7c0412c8e767cd311aacb1"
    }
  },
  {
    "ts": "2026-04-28T15:08:42.208489+00:00",
    "source": "trello",
    "action": "wiki_v2_claim_written",
    "data": {
      "claim_id": "a29bcd7e-7424-4d48-8146-3f1cd4a36d7c",
      "blob_path": "memory/vault/claims/a29bcd7e-7424-4d48-8146-3f1cd4a36d7c.md",
      "entity_id": "62d0826005e9213e373d4e6b",
      "claim_type": "status"
    }
  },
  {
    "ts": "2026-04-28T15:08:42.212262+00:00",
    "source": "trello",
    "action": "wiki_v2_claim_written",
    "data": {
      "claim_id": "e8d118d2-3b34-4265-884a-de904851b41a",
      "blob_path": "memory/vault/claims/e8d118d2-3b34-4265-884a-de904851b41a.md",
      "entity_id": "62d0826005e9213e373d4e6b",
      "claim_type": "decision"
    }
  },
  {
    "ts": "2026-04-28T15:08:42.225942+00:00",
    "source": "trello",
    "action": "wiki_v2_claim_written",
    "data": {
      "claim_id": "da410bfe-10c6-4a3d-9dc1-6b048924c6ce",
      "blob_path": "memory/vault/claims/da410bfe-10c6-4a3d-9dc1-6b048924c6ce.md",
      "entity_id": "62d0826005e9213e373d4e6b",
      "claim_type": "linkage"
    }
  },
  {
    "ts": "2026-04-28T15:08:42.240175+00:00",
    "source": "trello",
    "action": "wiki_v2_event_processed",
    "data": {
      "event_key": "trello:6320ed8ab682f601cd9c90bb",
      "claims_written": 3,
      "claims_superseded": 0,
      "decision_keys_persisted": 0,
      "linkage_keys_persisted": 1
    }
  },
  {
    "ts": "2026-04-28T15:08:42.265598+00:00",
    "source": "trello",
    "action": "event_processed",
    "data": {
      "event_key": "trello:6320ed8ab682f601cd9c90bb",
      "content_key": "trello:62d0826005e9213e373d4e6b:e5b2ec6071fb5a5ede3d175a544d0633dcaa9c90ac6b1c2af5c812be27a5420f"
    }
  },
  {
    "ts": "2026-04-28T15:08:42.789408+00:00",
    "source": "trello",
    "action": "wiki_v2_claim_written",
    "data": {
      "claim_id": "09f30cd0-3d1b-442d-9d05-2e26d4e824e5",
      "blob_path": "memory/vault/claims/09f30cd0-3d1b-442d-9d05-2e26d4e824e5.md",
      "entity_id": "62d0826005e9213e373d4e6b",
      "claim_type": "status"
    }
  },
  {
    "ts": "2026-04-28T15:08:42.801155+00:00",
    "source": "trello",
    "action": "wiki_v2_event_processed",
    "data": {
      "event_key": "trello:6320ed8ab682f601cd9c90ab",
      "claims_written": 1,
      "claims_superseded": 0,
      "decision_keys_persisted": 0,
      "linkage_keys_persisted": 0
    }
  },
  {
    "ts": "2026-04-28T15:08:42.824908+00:00",
    "source": "trello",
    "action": "event_processed",
    "data": {
      "event_key": "trello:6320ed8ab682f601cd9c90ab",
      "content_key": "trello:62d0826005e9213e373d4e6b:83c1d40bee2cfb17fe8b2c38b59e6250a5206574e094d5d3ebe4ee84507b3353"
    }
  },
  {
    "ts": "2026-04-28T15:08:43.317307+00:00",
    "source": "trello",
    "action": "wiki_v2_claim_written",
    "data": {
      "claim_id": "57b68b18-5d7a-467b-aa9b-69456e9a7df4",
      "blob_path": "memory/vault/claims/57b68b18-5d7a-467b-aa9b-69456e9a7df4.md",
      "entity_id": "6616a76701e84fbff4c08fe8",
      "claim_type": "status"
    }
  },
  {
    "ts": "2026-04-28T15:08:43.326632+00:00",
    "source": "trello",
    "action": "wiki_v2_event_processed",
    "data": {
      "event_key": "trello:69b189c2fb17389991ca9380",
      "claims_written": 1,
      "claims_superseded": 0,
      "decision_keys_persisted": 0,
      "linkage_keys_persisted": 0
    }
  },
  {
    "ts": "2026-04-28T15:08:43.349815+00:00",
    "source": "trello",
    "action": "event_processed",
    "data": {
      "event_key": "trello:69b189c2fb17389991ca9380",
      "content_key": "trello:6616a76701e84fbff4c08fe8:7aa8656d0eb5d8046789d587908e115f5bee920aba972d765dc7583796e20f63"
    }
  },
  {
    "ts": "2026-04-28T15:08:43.848602+00:00",
    "source": "trello",
    "action": "wiki_v2_claim_written",
    "data": {
      "claim_id": "3e106a6d-6858-43b2-81cf-ddbb3f22ecc4",
      "blob_path": "memory/vault/claims/3e106a6d-6858-43b2-81cf-ddbb3f22ecc4.md",
      "entity_id": "698f5124f66d670f113a2d54",
      "claim_type": "status"
    }
  },
  {
    "ts": "2026-04-28T15:08:43.862141+00:00",
    "source": "trello",
    "action": "wiki_v2_event_processed",
    "data": {
      "event_key": "trello:698f5124f66d670f113a2d6c",
      "claims_written": 1,
      "claims_superseded": 0,
      "decision_keys_persisted": 0,
      "linkage_keys_persisted": 0
    }
  },
  {
    "ts": "2026-04-28T15:08:43.895507+00:00",
    "source": "trello",
    "action": "event_processed",
    "data": {
      "event_key": "trello:698f5124f66d670f113a2d6c",
      "content_key": "trello:698f5124f66d670f113a2d54:f3e48aaf3f72624c8514eda46688efe7e68282f27726822259fe061e22cbd836"
    }
  },
  {
    "ts": "2026-04-28T15:08:44.383736+00:00",
    "source": "trello",
    "action": "wiki_v2_claim_written",
    "data": {
      "claim_id": "daecdb33-44dd-4951-8bfc-f2d44a1e1225",
      "blob_path": "memory/vault/claims/daecdb33-44dd-4951-8bfc-f2d44a1e1225.md",
      "entity_id": "672a2723f1e3022346236302",
      "claim_type": "status"
    }
  },
  {
    "ts": "2026-04-28T15:08:44.394150+00:00",
    "source": "trello",
    "action": "wiki_v2_event_processed",
    "data": {
      "event_key": "trello:6964e612694c562ac376feeb",
      "claims_written": 1,
      "claims_superseded": 0,
      "decision_keys_persisted": 0,
      "linkage_keys_persisted": 0
    }
  },
  {
    "ts": "2026-04-28T15:08:44.423881+00:00",
    "source": "trello",
    "action": "event_processed",
    "data": {
      "event_key": "trello:6964e612694c562ac376feeb",
      "content_key": "trello:672a2723f1e3022346236302:b4a147723a107ea3e0d82a4e23563a56a92340ffbc6d56c74e4a4bd895e28a8c"
    }
  },
  {
    "ts": "2026-04-28T15:08:44.912799+00:00",
    "source": "trello",
    "action": "wiki_v2_claim_written",
    "data": {
      "claim_id": "1a622c5f-a5fd-4bbc-bafa-b6c4133011fd",
      "blob_path": "memory/vault/claims/1a622c5f-a5fd-4bbc-bafa-b6c4133011fd.md",
      "entity_id": "672a2723f1e3022346236302",
      "claim_type": "status"
    }
  },
  {
    "ts": "2026-04-28T15:08:44.922413+00:00",
    "source": "trello",
    "action": "wiki_v2_event_processed",
    "data": {
      "event_key": "trello:6964e6106ed1b782e3eb585e",
      "claims_written": 1,
      "claims_superseded": 0,
      "decision_keys_persisted": 0,
      "linkage_keys_persisted": 0
    }
  },
  {
    "ts": "2026-04-28T15:08:44.942708+00:00",
    "source": "trello",
    "action": "event_processed",
    "data": {
      "event_key": "trello:6964e6106ed1b782e3eb585e",
      "content_key": "trello:672a2723f1e3022346236302:a30d9f31291f9ea0126c16602a367c1f10172689f3708416cb9c43c8d46b1b72"
    }
  },
  {
    "ts": "2026-04-28T15:08:45.415148+00:00",
    "source": "trello",
    "action": "wiki_v2_claim_written",
    "data": {
      "claim_id": "24dd2af9-9902-4a9f-ac4f-615392cf8605",
      "blob_path": "memory/vault/claims/24dd2af9-9902-4a9f-ac4f-615392cf8605.md",
      "entity_id": "672a2723f1e3022346236302",
      "claim_type": "status"
    }
  },
  {
    "ts": "2026-04-28T15:08:45.424931+00:00",
    "source": "trello",
    "action": "wiki_v2_event_processed",
    "data": {
      "event_key": "trello:6964e6078b2f1bfcb2eaeb13",
      "claims_written": 1,
      "claims_superseded": 0,
      "decision_keys_persisted": 0,
      "linkage_keys_persisted": 0
    }
  },
  {
    "ts": "2026-04-28T15:08:45.443535+00:00",
    "source": "trello",
    "action": "event_processed",
    "data": {
      "event_key": "trello:6964e6078b2f1bfcb2eaeb13",
      "content_key": "trello:672a2723f1e3022346236302:a009365d83149305cb6204e5225e20abd7d531c33832774da15079dc3ee7d161"
    }
  },
  {
    "ts": "2026-04-28T15:08:45.945851+00:00",
    "source": "trello",
    "action": "wiki_v2_claim_written",
    "data": {
      "claim_id": "624f6a5c-7a52-4039-ad30-f59e896a7545",
      "blob_path": "memory/vault/claims/624f6a5c-7a52-4039-ad30-f59e896a7545.md",
      "entity_id": "690e1b388854a7caca0a1ca2",
      "claim_type": "status"
    }
  },
  {
    "ts": "2026-04-28T15:08:45.956430+00:00",
    "source": "trello",
    "action": "wiki_v2_event_processed",
    "data": {
      "event_key": "trello:690e1b398854a7caca0a1cbc",
      "claims_written": 1,
      "claims_superseded": 0,
      "decision_keys_persisted": 0,
      "linkage_keys_persisted": 0
    }
  },
  {
    "ts": "2026-04-28T15:08:45.975938+00:00",
    "source": "trello",
    "action": "event_processed",
    "data": {
      "event_key": "trello:690e1b398854a7caca0a1cbc",
      "content_key": "trello:690e1b388854a7caca0a1ca2:00da6cc6cd99b81000ce0a86ca3840a5d9ed4108f884c74fd507d5ca0077f7f5"
    }
  },
  {
    "ts": "2026-04-28T15:08:46.472398+00:00",
    "source": "trello",
    "action": "wiki_v2_claim_written",
    "data": {
      "claim_id": "cbac7e16-198a-4cce-870a-049778ea906c",
      "blob_path": "memory/vault/claims/cbac7e16-198a-4cce-870a-049778ea906c.md",
      "entity_id": "6902354c7ae40dc27bc2880b",
      "claim_type": "status"
    }
  },
  {
    "ts": "2026-04-28T15:08:46.485062+00:00",
    "source": "trello",
    "action": "wiki_v2_event_processed",
    "data": {
      "event_key": "trello:6902356207ff037102ee34fa",
      "claims_written": 1,
      "claims_superseded": 0,
      "decision_keys_persisted": 0,
      "linkage_keys_persisted": 0
    }
  },
  {
    "ts": "2026-04-28T15:08:46.507272+00:00",
    "source": "trello",
    "action": "event_processed",
    "data": {
      "event_key": "trello:6902356207ff037102ee34fa",
      "content_key": "trello:6902354c7ae40dc27bc2880b:bfd21b3b8faa57d5d9f46c17714e641fbb98c1a94521d43d9b44023f30795071"
    }
  },
  {
    "ts": "2026-04-28T15:08:47.073061+00:00",
    "source": "trello",
    "action": "wiki_v2_claim_written",
    "data": {
      "claim_id": "832f7d75-5d3f-4d61-9f33-b935f2699650",
      "blob_path": "memory/vault/claims/832f7d75-5d3f-4d61-9f33-b935f2699650.md",
      "entity_id": "6902354c7ae40dc27bc2880b",
      "claim_type": "status"
    }
  },
  {
    "ts": "2026-04-28T15:08:47.083590+00:00",
    "source": "trello",
    "action": "wiki_v2_event_processed",
    "data": {
      "event_key": "trello:690235602e31dd4b5e9d6bab",
      "claims_written": 1,
      "claims_superseded": 0,
      "decision_keys_persisted": 0,
      "linkage_keys_persisted": 0
    }
  },
  {
    "ts": "2026-04-28T15:08:47.106619+00:00",
    "source": "trello",
    "action": "event_processed",
    "data": {
      "event_key": "trello:690235602e31dd4b5e9d6bab",
      "content_key": "trello:6902354c7ae40dc27bc2880b:eab2b46ae2924e3c16a2def975b5e5651c211e3990a87a09fe7e69ccfbe3a50e"
    }
  },
  {
    "ts": "2026-04-28T15:08:47.619811+00:00",
    "source": "trello",
    "action": "wiki_v2_claim_written",
    "data": {
      "claim_id": "d110e6af-3ad6-40e7-b688-c30ca0765a9b",
      "blob_path": "memory/vault/claims/d110e6af-3ad6-40e7-b688-c30ca0765a9b.md",
      "entity_id": "6902354c7ae40dc27bc2880b",
      "claim_type": "status"
    }
  },
  {
    "ts": "2026-04-28T15:08:47.634930+00:00",
    "source": "trello",
    "action": "wiki_v2_event_processed",
    "data": {
      "event_key": "trello:6902355d96fee106227f2766",
      "claims_written": 1,
      "claims_superseded": 0,
      "decision_keys_persisted": 0,
      "linkage_keys_persisted": 0
    }
  },
  {
    "ts": "2026-04-28T15:08:47.667058+00:00",
    "source": "trello",
    "action": "event_processed",
    "data": {
      "event_key": "trello:6902355d96fee106227f2766",
      "content_key": "trello:6902354c7ae40dc27bc2880b:74ce67685edda38e9b951a22125cb387281812a33977f19a7e420ce42cd6ed6b"
    }
  },
  {
    "ts": "2026-04-28T15:09:18.197440+00:00",
    "source": "trello",
    "action": "wiki_v2_claim_written",
    "data": {
      "claim_id": "e5531787-46d1-4dae-843e-a1696f1370dc",
      "blob_path": "memory/vault/claims/e5531787-46d1-4dae-843e-a1696f1370dc.md",
      "entity_id": "6902354c7ae40dc27bc2880b",
      "claim_type": "status"
    }
  },
  {
    "ts": "2026-04-28T15:09:18.209435+00:00",
    "source": "trello",
    "action": "wiki_v2_event_processed",
    "data": {
      "event_key": "trello:6902355cabec9f709ef9f1b8",
      "claims_written": 1,
      "claims_superseded": 0,
      "decision_keys_persisted": 0,
      "linkage_keys_persisted": 0
    }
  },
  {
    "ts": "2026-04-28T15:09:18.236410+00:00",
    "source": "trello",
    "action": "event_processed",
    "data": {
      "event_key": "trello:6902355cabec9f709ef9f1b8",
      "content_key": "trello:6902354c7ae40dc27bc2880b:2256064bcc82c1f535b821785ce1342f890cdd105f257bbd16c1f448c18b2c5a"
    }
  },
  {
    "ts": "2026-04-28T15:09:48.747098+00:00",
    "source": "trello",
    "action": "wiki_v2_claim_written",
    "data": {
      "claim_id": "e63966a2-ae8e-497c-8045-0457e8799315",
      "blob_path": "memory/vault/claims/e63966a2-ae8e-497c-8045-0457e8799315.md",
      "entity_id": "6902354c7ae40dc27bc2880b",
      "claim_type": "status"
    }
  },
  {
    "ts": "2026-04-28T15:09:48.762658+00:00",
    "source": "trello",
    "action": "wiki_v2_event_processed",
    "data": {
      "event_key": "trello:6902355a4c9674ee13aeae85",
      "claims_written": 1,
      "claims_superseded": 0,
      "decision_keys_persisted": 0,
      "linkage_keys_persisted": 0
    }
  },
  {
    "ts": "2026-04-28T15:09:48.793115+00:00",
    "source": "trello",
    "action": "event_processed",
    "data": {
      "event_key": "trello:6902355a4c9674ee13aeae85",
      "content_key": "trello:6902354c7ae40dc27bc2880b:7df7f3b35c308f75121204bd5c145335ac821f669d900faf682c83abf0ca556e"
    }
  },
  {
    "ts": "2026-04-28T15:09:49.301357+00:00",
    "source": "trello",
    "action": "wiki_v2_claim_written",
    "data": {
      "claim_id": "5bf7aafd-57e0-4e0d-87ed-aa9e298d54a7",
      "blob_path": "memory/vault/claims/5bf7aafd-57e0-4e0d-87ed-aa9e298d54a7.md",
      "entity_id": "6902354c7ae40dc27bc2880b",
      "claim_type": "status"
    }
  },
  {
    "ts": "2026-04-28T15:09:49.317747+00:00",
    "source": "trello",
    "action": "wiki_v2_event_processed",
    "data": {
      "event_key": "trello:6902354c7ae40dc27bc28823",
      "claims_written": 1,
      "claims_superseded": 0,
      "decision_keys_persisted": 0,
      "linkage_keys_persisted": 0
    }
  },
  {
    "ts": "2026-04-28T15:09:49.344992+00:00",
    "source": "trello",
    "action": "event_processed",
    "data": {
      "event_key": "trello:6902354c7ae40dc27bc28823",
      "content_key": "trello:6902354c7ae40dc27bc2880b:170b12b948da3fd20bad085cc18b86d68fd077c891d0f0a088186134a7c03a7a"
    }
  },
  {
    "ts": "2026-04-28T15:09:49.834794+00:00",
    "source": "trello",
    "action": "wiki_v2_claim_written",
    "data": {
      "claim_id": "67552efa-7241-458b-acbd-b79cc5cd7761",
      "blob_path": "memory/vault/claims/67552efa-7241-458b-acbd-b79cc5cd7761.md",
      "entity_id": "6616a76701e84fbff4c08fe8",
      "claim_type": "status"
    }
  },
  {
    "ts": "2026-04-28T15:09:49.847446+00:00",
    "source": "trello",
    "action": "wiki_v2_event_processed",
    "data": {
      "event_key": "trello:68c04bda5bed1afdcbbdb119",
      "claims_written": 1,
      "claims_superseded": 0,
      "decision_keys_persisted": 0,
      "linkage_keys_persisted": 0
    }
  },
  {
    "ts": "2026-04-28T15:09:49.885888+00:00",
    "source": "trello",
    "action": "event_processed",
    "data": {
      "event_key": "trello:68c04bda5bed1afdcbbdb119",
      "content_key": "trello:6616a76701e84fbff4c08fe8:ce2922cc9321635ba537ebe2c1be17d75e796a100cd6e436bbe09ad928eb38ca"
    }
  },
  {
    "ts": "2026-04-28T15:09:50.392399+00:00",
    "source": "trello",
    "action": "wiki_v2_claim_written",
    "data": {
      "claim_id": "09cf71e1-73e7-45d2-9533-098d98a4096e",
      "blob_path": "memory/vault/claims/09cf71e1-73e7-45d2-9533-098d98a4096e.md",
      "entity_id": "685940c450d8c9c584566290",
      "claim_type": "status"
    }
  },
  {
    "ts": "2026-04-28T15:09:50.407501+00:00",
    "source": "trello",
    "action": "wiki_v2_event_processed",
    "data": {
      "event_key": "trello:685940c450d8c9c5845662ab",
      "claims_written": 1,
      "claims_superseded": 0,
      "decision_keys_persisted": 0,
      "linkage_keys_persisted": 0
    }
  },
  {
    "ts": "2026-04-28T15:09:50.440554+00:00",
    "source": "trello",
    "action": "event_processed",
    "data": {
      "event_key": "trello:685940c450d8c9c5845662ab",
      "content_key": "trello:685940c450d8c9c584566290:744cca4f4a6a25e218b53fabcaf177629bf5a86caba2803872e51e07eda054c1"
    }
  },
  {
    "ts": "2026-04-28T15:09:50.978865+00:00",
    "source": "trello",
    "action": "wiki_v2_claim_written",
    "data": {
      "claim_id": "0b8609df-6420-4245-83d7-75c7b9fb9b39",
      "blob_path": "memory/vault/claims/0b8609df-6420-4245-83d7-75c7b9fb9b39.md",
      "entity_id": "6847477c4df4ce8055d860bc",
      "claim_type": "status"
    }
  },
  {
    "ts": "2026-04-28T15:09:51.012851+00:00",
    "source": "trello",
    "action": "wiki_v2_event_processed",
    "data": {
      "event_key": "trello:68480816133a90d95e5929ed",
      "claims_written": 1,
      "claims_superseded": 0,
      "decision_keys_persisted": 0,
      "linkage_keys_persisted": 0
    }
  },
  {
    "ts": "2026-04-28T15:09:51.079875+00:00",
    "source": "trello",
    "action": "event_processed",
    "data": {
      "event_key": "trello:68480816133a90d95e5929ed",
      "content_key": "trello:6847477c4df4ce8055d860bc:655ab6be3cf1cfbbdb184d16d9c2aa635a67dbc799cb9f7d2bbc21ffa451cad5"
    }
  },
  {
    "ts": "2026-04-28T15:09:51.607237+00:00",
    "source": "trello",
    "action": "wiki_v2_claim_written",
    "data": {
      "claim_id": "f65c8fb1-fd7f-41e1-ab0c-24c3e81125ab",
      "blob_path": "memory/vault/claims/f65c8fb1-fd7f-41e1-ab0c-24c3e81125ab.md",
      "entity_id": "6847477c4df4ce8055d860bc",
      "claim_type": "status"
    }
  },
  {
    "ts": "2026-04-28T15:09:51.618413+00:00",
    "source": "trello",
    "action": "wiki_v2_event_processed",
    "data": {
      "event_key": "trello:6847477c4df4ce8055d860d8",
      "claims_written": 1,
      "claims_superseded": 0,
      "decision_keys_persisted": 0,
      "linkage_keys_persisted": 0
    }
  },
  {
    "ts": "2026-04-28T15:09:51.677365+00:00",
    "source": "trello",
    "action": "event_processed",
    "data": {
      "event_key": "trello:6847477c4df4ce8055d860d8",
      "content_key": "trello:6847477c4df4ce8055d860bc:9fe466776c10e5a65cde72ca1a17e4905f765f3c64a6fa21f9e81e5c9fce13fb"
    }
  },
  {
    "ts": "2026-04-28T15:09:52.219085+00:00",
    "source": "trello",
    "action": "wiki_v2_claim_written",
    "data": {
      "claim_id": "899ddbe4-f3b3-49c8-9f91-7bb39ee449e2",
      "blob_path": "memory/vault/claims/899ddbe4-f3b3-49c8-9f91-7bb39ee449e2.md",
      "entity_id": "681b62543867d6cb71198aa0",
      "claim_type": "status"
    }
  },
  {
    "ts": "2026-04-28T15:09:52.233899+00:00",
    "source": "trello",
    "action": "wiki_v2_event_processed",
    "data": {
      "event_key": "trello:68472c73ec172b43447397b3",
      "claims_written": 1,
      "claims_superseded": 0,
      "decision_keys_persisted": 0,
      "linkage_keys_persisted": 0
    }
  },
  {
    "ts": "2026-04-28T15:09:52.260818+00:00",
    "source": "trello",
    "action": "event_processed",
    "data": {
      "event_key": "trello:68472c73ec172b43447397b3",
      "content_key": "trello:681b62543867d6cb71198aa0:5defeaf4ff0ca5f00a289f44b1d4cdf1cea1b63f306169e9c3bc8458f7f3e82f"
    }
  },
  {
    "ts": "2026-04-28T15:09:52.732942+00:00",
    "source": "trello",
    "action": "wiki_v2_claim_written",
    "data": {
      "claim_id": "7d9fec5c-ff74-4576-ab48-03195a9f18b5",
      "blob_path": "memory/vault/claims/7d9fec5c-ff74-4576-ab48-03195a9f18b5.md",
      "entity_id": "681b62543867d6cb71198aa0",
      "claim_type": "status"
    }
  },
  {
    "ts": "2026-04-28T15:09:52.744699+00:00",
    "source": "trello",
    "action": "wiki_v2_event_processed",
    "data": {
      "event_key": "trello:683484e7ec40441497c26463",
      "claims_written": 1,
      "claims_superseded": 0,
      "decision_keys_persisted": 0,
      "linkage_keys_persisted": 0
    }
  },
  {
    "ts": "2026-04-28T15:09:52.767588+00:00",
    "source": "trello",
    "action": "event_processed",
    "data": {
      "event_key": "trello:683484e7ec40441497c26463",
      "content_key": "trello:681b62543867d6cb71198aa0:43d4667bfbf6841fcead277fdd7802447c811bb6d7f3f5bea9f6b1e0da481732"
    }
  },
  {
    "ts": "2026-04-28T15:09:53.240379+00:00",
    "source": "trello",
    "action": "wiki_v2_claim_written",
    "data": {
      "claim_id": "c9f06ec7-9087-42fa-8c97-eabc3ad85e92",
      "blob_path": "memory/vault/claims/c9f06ec7-9087-42fa-8c97-eabc3ad85e92.md",
      "entity_id": "672a2723f1e3022346236302",
      "claim_type": "status"
    }
  },
  {
    "ts": "2026-04-28T15:09:53.257557+00:00",
    "source": "trello",
    "action": "wiki_v2_event_processed",
    "data": {
      "event_key": "trello:683095c7b75e1c78188250fe",
      "claims_written": 1,
      "claims_superseded": 0,
      "decision_keys_persisted": 0,
      "linkage_keys_persisted": 0
    }
  },
  {
    "ts": "2026-04-28T15:09:53.295837+00:00",
    "source": "trello",
    "action": "event_processed",
    "data": {
      "event_key": "trello:683095c7b75e1c78188250fe",
      "content_key": "trello:672a2723f1e3022346236302:0e28cfea24b7e2fc8ccfa391dc70aa7711858a99ee878d351ad5006e5f4ad2b2"
    }
  },
  {
    "ts": "2026-04-28T15:09:53.840863+00:00",
    "source": "trello",
    "action": "wiki_v2_claim_written",
    "data": {
      "claim_id": "732ccd00-ed57-426d-94cd-6343db5acc78",
      "blob_path": "memory/vault/claims/732ccd00-ed57-426d-94cd-6343db5acc78.md",
      "entity_id": "6617e319dabb1e05c517dbbb",
      "claim_type": "status"
    }
  },
  {
    "ts": "2026-04-28T15:09:53.852728+00:00",
    "source": "trello",
    "action": "wiki_v2_event_processed",
    "data": {
      "event_key": "trello:681b628bbc68eae2889eccff",
      "claims_written": 1,
      "claims_superseded": 0,
      "decision_keys_persisted": 0,
      "linkage_keys_persisted": 0
    }
  },
  {
    "ts": "2026-04-28T15:09:53.879470+00:00",
    "source": "trello",
    "action": "event_processed",
    "data": {
      "event_key": "trello:681b628bbc68eae2889eccff",
      "content_key": "trello:6617e319dabb1e05c517dbbb:eb3e8f2405e3490336f61a0dfbb15cef965e0d89e1467c4cd110c25f22a520ed"
    }
  },
  {
    "ts": "2026-04-28T15:09:54.407786+00:00",
    "source": "trello",
    "action": "wiki_v2_claim_written",
    "data": {
      "claim_id": "d9351ddd-b96a-478e-9812-e0260e93b321",
      "blob_path": "memory/vault/claims/d9351ddd-b96a-478e-9812-e0260e93b321.md",
      "entity_id": "6616a76701e84fbff4c08fe8",
      "claim_type": "status"
    }
  },
  {
    "ts": "2026-04-28T15:09:54.425122+00:00",
    "source": "trello",
    "action": "wiki_v2_event_processed",
    "data": {
      "event_key": "trello:681b62887a8c129aec51cc79",
      "claims_written": 1,
      "claims_superseded": 0,
      "decision_keys_persisted": 0,
      "linkage_keys_persisted": 0
    }
  },
  {
    "ts": "2026-04-28T15:09:54.473796+00:00",
    "source": "trello",
    "action": "event_processed",
    "data": {
      "event_key": "trello:681b62887a8c129aec51cc79",
      "content_key": "trello:6616a76701e84fbff4c08fe8:4140a7bdf9d30ce96b63c626b4fb246c7266db0397977bf1b413553f55c7209c"
    }
  },
  {
    "ts": "2026-04-28T15:09:54.973278+00:00",
    "source": "trello",
    "action": "wiki_v2_claim_written",
    "data": {
      "claim_id": "60c394ff-083c-4c81-97e2-2a29c7c14acd",
      "blob_path": "memory/vault/claims/60c394ff-083c-4c81-97e2-2a29c7c14acd.md",
      "entity_id": "672a4f426c10990cbe936ce7",
      "claim_type": "status"
    }
  },
  {
    "ts": "2026-04-28T15:09:54.982929+00:00",
    "source": "trello",
    "action": "wiki_v2_event_processed",
    "data": {
      "event_key": "trello:681b6286d596e0036e228e76",
      "claims_written": 1,
      "claims_superseded": 0,
      "decision_keys_persisted": 0,
      "linkage_keys_persisted": 0
    }
  },
  {
    "ts": "2026-04-28T15:09:55.001662+00:00",
    "source": "trello",
    "action": "event_processed",
    "data": {
      "event_key": "trello:681b6286d596e0036e228e76",
      "content_key": "trello:672a4f426c10990cbe936ce7:8af2ca1e1eeeea9a1a6b5ec9d9b9ea9fc1a3edc1e20b03837e4436bbca30b956"
    }
  },
  {
    "ts": "2026-04-28T15:09:55.512757+00:00",
    "source": "trello",
    "action": "wiki_v2_claim_written",
    "data": {
      "claim_id": "72c068d8-85f3-4dad-8af3-b72de0bc1a10",
      "blob_path": "memory/vault/claims/72c068d8-85f3-4dad-8af3-b72de0bc1a10.md",
      "entity_id": "672a2723f1e3022346236302",
      "claim_type": "status"
    }
  },
  {
    "ts": "2026-04-28T15:09:55.535084+00:00",
    "source": "trello",
    "action": "wiki_v2_event_processed",
    "data": {
      "event_key": "trello:681b628408ff3b643ca9ab5f",
      "claims_written": 1,
      "claims_superseded": 0,
      "decision_keys_persisted": 0,
      "linkage_keys_persisted": 0
    }
  },
  {
    "ts": "2026-04-28T15:09:55.572100+00:00",
    "source": "trello",
    "action": "event_processed",
    "data": {
      "event_key": "trello:681b628408ff3b643ca9ab5f",
      "content_key": "trello:672a2723f1e3022346236302:c42b793ef334f42e8989d270557de53ab1ead94b2b9599d79e04bae7dd8a9362"
    }
  },
  {
    "ts": "2026-04-28T15:09:56.149832+00:00",
    "source": "trello",
    "action": "wiki_v2_claim_written",
    "data": {
      "claim_id": "4e9de27c-e4c7-4728-ad5e-f4ccceb6f94d",
      "blob_path": "memory/vault/claims/4e9de27c-e4c7-4728-ad5e-f4ccceb6f94d.md",
      "entity_id": "672a2723f1e3022346236302",
      "claim_type": "status"
    }
  },
  {
    "ts": "2026-04-28T15:09:56.167692+00:00",
    "source": "trello",
    "action": "wiki_v2_event_processed",
    "data": {
      "event_key": "trello:681b628408ff3b643ca9ab2f",
      "claims_written": 1,
      "claims_superseded": 0,
      "decision_keys_persisted": 0,
      "linkage_keys_persisted": 0
    }
  },
  {
    "ts": "2026-04-28T15:09:56.210471+00:00",
    "source": "trello",
    "action": "event_processed",
    "data": {
      "event_key": "trello:681b628408ff3b643ca9ab2f",
      "content_key": "trello:672a2723f1e3022346236302:3a144ef18ed677e98d339a55495ec4e82a71f15a63e256d1f77472ddef072d05"
    }
  },
  {
    "ts": "2026-04-28T15:09:56.729997+00:00",
    "source": "trello",
    "action": "wiki_v2_claim_written",
    "data": {
      "claim_id": "efd22b82-2f68-4e07-8587-eb5971329785",
      "blob_path": "memory/vault/claims/efd22b82-2f68-4e07-8587-eb5971329785.md",
      "entity_id": "681b62543867d6cb71198aa0",
      "claim_type": "status"
    }
  },
  {
    "ts": "2026-04-28T15:09:56.748952+00:00",
    "source": "trello",
    "action": "wiki_v2_event_processed",
    "data": {
      "event_key": "trello:681b626dfb4cb6519d2fe498",
      "claims_written": 1,
      "claims_superseded": 0,
      "decision_keys_persisted": 0,
      "linkage_keys_persisted": 0
    }
  },
  {
    "ts": "2026-04-28T15:09:56.785443+00:00",
    "source": "trello",
    "action": "event_processed",
    "data": {
      "event_key": "trello:681b626dfb4cb6519d2fe498",
      "content_key": "trello:681b62543867d6cb71198aa0:1f3e133e9c5cd63e8eb04095e94262c4c41d9454876708ba5795b6862d2fc650"
    }
  },
  {
    "ts": "2026-04-28T15:09:57.315405+00:00",
    "source": "trello",
    "action": "wiki_v2_claim_written",
    "data": {
      "claim_id": "496a857b-82c1-4c67-b4f8-3423b5d4431c",
      "blob_path": "memory/vault/claims/496a857b-82c1-4c67-b4f8-3423b5d4431c.md",
      "entity_id": "681b62543867d6cb71198aa0",
      "claim_type": "status"
    }
  },
  {
    "ts": "2026-04-28T15:09:57.342564+00:00",
    "source": "trello",
    "action": "wiki_v2_event_processed",
    "data": {
      "event_key": "trello:681b626dfb4cb6519d2fe477",
      "claims_written": 1,
      "claims_superseded": 0,
      "decision_keys_persisted": 0,
      "linkage_keys_persisted": 0
    }
  },
  {
    "ts": "2026-04-28T15:09:57.371096+00:00",
    "source": "trello",
    "action": "event_processed",
    "data": {
      "event_key": "trello:681b626dfb4cb6519d2fe477",
      "content_key": "trello:681b62543867d6cb71198aa0:6d3212be31f54389565252b128457af6f670a2ad8eded50bc45e9010ce813d56"
    }
  },
  {
    "ts": "2026-04-28T15:09:57.879522+00:00",
    "source": "trello",
    "action": "wiki_v2_claim_written",
    "data": {
      "claim_id": "968bcc06-a551-450a-97a8-e0a99eba3099",
      "blob_path": "memory/vault/claims/968bcc06-a551-450a-97a8-e0a99eba3099.md",
      "entity_id": "681b62543867d6cb71198aa0",
      "claim_type": "status"
    }
  },
  {
    "ts": "2026-04-28T15:09:57.890626+00:00",
    "source": "trello",
    "action": "wiki_v2_event_processed",
    "data": {
      "event_key": "trello:681b625c5605302d897cd3cd",
      "claims_written": 1,
      "claims_superseded": 0,
      "decision_keys_persisted": 0,
      "linkage_keys_persisted": 0
    }
  },
  {
    "ts": "2026-04-28T15:09:57.912384+00:00",
    "source": "trello",
    "action": "event_processed",
    "data": {
      "event_key": "trello:681b625c5605302d897cd3cd",
      "content_key": "trello:681b62543867d6cb71198aa0:255c3b85447eb02b199f0bb07628e1b9d20dec4e4e149c89950a4179c38d91d3"
    }
  },
  {
    "ts": "2026-04-28T15:09:58.418501+00:00",
    "source": "trello",
    "action": "wiki_v2_claim_written",
    "data": {
      "claim_id": "52a50b89-b199-4f8d-af91-0e17b81313ef",
      "blob_path": "memory/vault/claims/52a50b89-b199-4f8d-af91-0e17b81313ef.md",
      "entity_id": "681b62543867d6cb71198aa0",
      "claim_type": "status"
    }
  },
  {
    "ts": "2026-04-28T15:09:58.429060+00:00",
    "source": "trello",
    "action": "wiki_v2_event_processed",
    "data": {
      "event_key": "trello:681b62543867d6cb71198abb",
      "claims_written": 1,
      "claims_superseded": 0,
      "decision_keys_persisted": 0,
      "linkage_keys_persisted": 0
    }
  },
  {
    "ts": "2026-04-28T15:09:58.452241+00:00",
    "source": "trello",
    "action": "event_processed",
    "data": {
      "event_key": "trello:681b62543867d6cb71198abb",
      "content_key": "trello:681b62543867d6cb71198aa0:d32f9f8e9447f45f445f7b8c87a9a8cb7a637b6de8c42fa475e6fcf53d224182"
    }
  },
  {
    "ts": "2026-04-28T15:09:58.986587+00:00",
    "source": "trello",
    "action": "wiki_v2_claim_written",
    "data": {
      "claim_id": "74791089-dce4-4344-8b6e-592dfbe07880",
      "blob_path": "memory/vault/claims/74791089-dce4-4344-8b6e-592dfbe07880.md",
      "entity_id": "679a2190f9e2acad2fc8502d",
      "claim_type": "status"
    }
  },
  {
    "ts": "2026-04-28T15:09:59.002825+00:00",
    "source": "trello",
    "action": "wiki_v2_event_processed",
    "data": {
      "event_key": "trello:679a21932ce3b9a7844e6a57",
      "claims_written": 1,
      "claims_superseded": 0,
      "decision_keys_persisted": 0,
      "linkage_keys_persisted": 0
    }
  },
  {
    "ts": "2026-04-28T15:09:59.051301+00:00",
    "source": "trello",
    "action": "event_processed",
    "data": {
      "event_key": "trello:679a21932ce3b9a7844e6a57",
      "content_key": "trello:679a2190f9e2acad2fc8502d:2b5a6f9f77beac654a492f35e570c2c024827240a554189373e23aabee6fd46c"
    }
  },
  {
    "ts": "2026-04-28T15:09:59.610056+00:00",
    "source": "trello",
    "action": "wiki_v2_claim_written",
    "data": {
      "claim_id": "c8819f24-04c4-4f8c-bf7d-1c80928768c5",
      "blob_path": "memory/vault/claims/c8819f24-04c4-4f8c-bf7d-1c80928768c5.md",
      "entity_id": "679a2190f9e2acad2fc8502d",
      "claim_type": "status"
    }
  },
  {
    "ts": "2026-04-28T15:09:59.627179+00:00",
    "source": "trello",
    "action": "wiki_v2_event_processed",
    "data": {
      "event_key": "trello:679a2190f9e2acad2fc8504a",
      "claims_written": 1,
      "claims_superseded": 0,
      "decision_keys_persisted": 0,
      "linkage_keys_persisted": 0
    }
  },
  {
    "ts": "2026-04-28T15:09:59.660180+00:00",
    "source": "trello",
    "action": "event_processed",
    "data": {
      "event_key": "trello:679a2190f9e2acad2fc8504a",
      "content_key": "trello:679a2190f9e2acad2fc8502d:e32209a244e6414b8b29959c82b33c97d117c21046064632f289e86a9ce1406a"
    }
  },
  {
    "ts": "2026-04-28T15:10:00.137885+00:00",
    "source": "trello",
    "action": "wiki_v2_claim_written",
    "data": {
      "claim_id": "9bec0540-be5b-45a9-89bb-fe89004a2acc",
      "blob_path": "memory/vault/claims/9bec0540-be5b-45a9-89bb-fe89004a2acc.md",
      "entity_id": "672a2723f1e3022346236302",
      "claim_type": "status"
    }
  },
  {
    "ts": "2026-04-28T15:10:00.153818+00:00",
    "source": "trello",
    "action": "wiki_v2_event_processed",
    "data": {
      "event_key": "trello:67408aadd5c4d52156083b73",
      "claims_written": 1,
      "claims_superseded": 0,
      "decision_keys_persisted": 0,
      "linkage_keys_persisted": 0
    }
  },
  {
    "ts": "2026-04-28T15:10:00.195395+00:00",
    "source": "trello",
    "action": "event_processed",
    "data": {
      "event_key": "trello:67408aadd5c4d52156083b73",
      "content_key": "trello:672a2723f1e3022346236302:f79b26c85a22f238703a484a88bbd221bdc8cfdb717aa1d47d8778cba050e13e"
    }
  },
  {
    "ts": "2026-04-28T15:10:00.737025+00:00",
    "source": "trello",
    "action": "wiki_v2_claim_written",
    "data": {
      "claim_id": "adf7c827-a014-40ef-bd11-67098ed56d74",
      "blob_path": "memory/vault/claims/adf7c827-a014-40ef-bd11-67098ed56d74.md",
      "entity_id": "672a2723f1e3022346236302",
      "claim_type": "status"
    }
  },
  {
    "ts": "2026-04-28T15:10:00.748246+00:00",
    "source": "trello",
    "action": "wiki_v2_event_processed",
    "data": {
      "event_key": "trello:67408aa5d7b2b09f398afa21",
      "claims_written": 1,
      "claims_superseded": 0,
      "decision_keys_persisted": 0,
      "linkage_keys_persisted": 0
    }
  },
  {
    "ts": "2026-04-28T15:10:00.775720+00:00",
    "source": "trello",
    "action": "event_processed",
    "data": {
      "event_key": "trello:67408aa5d7b2b09f398afa21",
      "content_key": "trello:672a2723f1e3022346236302:dcf3064aef0749f944c69b47b106c95b339d726790a92a934e77d7079420f5aa"
    }
  },
  {
    "ts": "2026-04-28T15:10:01.274767+00:00",
    "source": "trello",
    "action": "wiki_v2_claim_written",
    "data": {
      "claim_id": "1d4eeb55-5743-4f57-9c5f-240d8bc641d6",
      "blob_path": "memory/vault/claims/1d4eeb55-5743-4f57-9c5f-240d8bc641d6.md",
      "entity_id": "672a2723f1e3022346236302",
      "claim_type": "status"
    }
  },
  {
    "ts": "2026-04-28T15:10:01.309171+00:00",
    "source": "trello",
    "action": "wiki_v2_event_processed",
    "data": {
      "event_key": "trello:67408aa432d61ced37310723",
      "claims_written": 1,
      "claims_superseded": 0,
      "decision_keys_persisted": 0,
      "linkage_keys_persisted": 0
    }
  },
  {
    "ts": "2026-04-28T15:10:01.340899+00:00",
    "source": "trello",
    "action": "event_processed",
    "data": {
      "event_key": "trello:67408aa432d61ced37310723",
      "content_key": "trello:672a2723f1e3022346236302:2cabe2e39883309ee8351632a38f5f6c164eef8a635bc44ad944a97ebc3795ee"
    }
  },
  {
    "ts": "2026-04-28T15:10:01.848815+00:00",
    "source": "trello",
    "action": "wiki_v2_claim_written",
    "data": {
      "claim_id": "032f58cf-8521-4418-ab75-303819c0a12d",
      "blob_path": "memory/vault/claims/032f58cf-8521-4418-ab75-303819c0a12d.md",
      "entity_id": "672a2723f1e3022346236302",
      "claim_type": "status"
    }
  },
  {
    "ts": "2026-04-28T15:10:01.870866+00:00",
    "source": "trello",
    "action": "wiki_v2_event_processed",
    "data": {
      "event_key": "trello:67408a940dbb2aaa45a695f7",
      "claims_written": 1,
      "claims_superseded": 0,
      "decision_keys_persisted": 0,
      "linkage_keys_persisted": 0
    }
  },
  {
    "ts": "2026-04-28T15:10:01.928520+00:00",
    "source": "trello",
    "action": "event_processed",
    "data": {
      "event_key": "trello:67408a940dbb2aaa45a695f7",
      "content_key": "trello:672a2723f1e3022346236302:8f628bd7ad7fae6a22b6fa5be3cbe92a8ca1e69aeb3593463ff68a2c04b7cf47"
    }
  },
  {
    "ts": "2026-04-28T15:10:02.541019+00:00",
    "source": "trello",
    "action": "wiki_v2_claim_written",
    "data": {
      "claim_id": "95aab0ec-c2af-4bed-8c54-0103bbab7296",
      "blob_path": "memory/vault/claims/95aab0ec-c2af-4bed-8c54-0103bbab7296.md",
      "entity_id": "672a2723f1e3022346236302",
      "claim_type": "status"
    }
  },
  {
    "ts": "2026-04-28T15:10:02.563158+00:00",
    "source": "trello",
    "action": "wiki_v2_event_processed",
    "data": {
      "event_key": "trello:67408a939249ccc112dbdf09",
      "claims_written": 1,
      "claims_superseded": 0,
      "decision_keys_persisted": 0,
      "linkage_keys_persisted": 0
    }
  },
  {
    "ts": "2026-04-28T15:10:02.601306+00:00",
    "source": "trello",
    "action": "event_processed",
    "data": {
      "event_key": "trello:67408a939249ccc112dbdf09",
      "content_key": "trello:672a2723f1e3022346236302:a79e1d5959c467180bdfb01a425e362e0f62ea269f5c47d285055eb88322df34"
    }
  },
  {
    "ts": "2026-04-28T15:10:03.131995+00:00",
    "source": "trello",
    "action": "wiki_v2_claim_written",
    "data": {
      "claim_id": "22709a0b-04b1-47e3-b63e-e9eeb7b95ea1",
      "blob_path": "memory/vault/claims/22709a0b-04b1-47e3-b63e-e9eeb7b95ea1.md",
      "entity_id": "672bd0050ce77a21713e89d6",
      "claim_type": "status"
    }
  },
  {
    "ts": "2026-04-28T15:10:03.148714+00:00",
    "source": "trello",
    "action": "wiki_v2_event_processed",
    "data": {
      "event_key": "trello:672bd0050ce77a21713e8a03",
      "claims_written": 1,
      "claims_superseded": 0,
      "decision_keys_persisted": 0,
      "linkage_keys_persisted": 0
    }
  },
  {
    "ts": "2026-04-28T15:10:03.175879+00:00",
    "source": "trello",
    "action": "event_processed",
    "data": {
      "event_key": "trello:672bd0050ce77a21713e8a03",
      "content_key": "trello:672bd0050ce77a21713e89d6:bcd28899d59b6b8b8e3767fced36318da790e331f26a7c92d186da12c8969ea5"
    }
  },
  {
    "ts": "2026-04-28T15:10:03.704963+00:00",
    "source": "trello",
    "action": "wiki_v2_claim_written",
    "data": {
      "claim_id": "341fcf97-ec6d-4358-8d54-7ca2cad90696",
      "blob_path": "memory/vault/claims/341fcf97-ec6d-4358-8d54-7ca2cad90696.md",
      "entity_id": "672ba69d1c62a7e61822a42e",
      "claim_type": "status"
    }
  },
  {
    "ts": "2026-04-28T15:10:03.730150+00:00",
    "source": "trello",
    "action": "wiki_v2_event_processed",
    "data": {
      "event_key": "trello:672ba69d1c62a7e61822a44b",
      "claims_written": 1,
      "claims_superseded": 0,
      "decision_keys_persisted": 0,
      "linkage_keys_persisted": 0
    }
  },
  {
    "ts": "2026-04-28T15:10:03.773949+00:00",
    "source": "trello",
    "action": "event_processed",
    "data": {
      "event_key": "trello:672ba69d1c62a7e61822a44b",
      "content_key": "trello:672ba69d1c62a7e61822a42e:8da0370a54d60e36e86f7299b66629738f00d797a1f57ccaade209c5cefc1b58"
    }
  },
  {
    "ts": "2026-04-28T15:10:04.349065+00:00",
    "source": "trello",
    "action": "wiki_v2_claim_written",
    "data": {
      "claim_id": "b7b522e2-6071-4d5e-801a-db35664bcf0c",
      "blob_path": "memory/vault/claims/b7b522e2-6071-4d5e-801a-db35664bcf0c.md",
      "entity_id": "672a4f426c10990cbe936ce7",
      "claim_type": "status"
    }
  },
  {
    "ts": "2026-04-28T15:10:04.387780+00:00",
    "source": "trello",
    "action": "wiki_v2_event_processed",
    "data": {
      "event_key": "trello:672b99bcb50944c72d89fdcf",
      "claims_written": 1,
      "claims_superseded": 0,
      "decision_keys_persisted": 0,
      "linkage_keys_persisted": 0
    }
  },
  {
    "ts": "2026-04-28T15:10:04.426517+00:00",
    "source": "trello",
    "action": "event_processed",
    "data": {
      "event_key": "trello:672b99bcb50944c72d89fdcf",
      "content_key": "trello:672a4f426c10990cbe936ce7:077af408d4df218e451cf735d413a09941e404c16e90d35eef1d7208a252f906"
    }
  },
  {
    "ts": "2026-04-28T15:10:04.953694+00:00",
    "source": "trello",
    "action": "wiki_v2_claim_written",
    "data": {
      "claim_id": "634dc7eb-e8dd-4faf-b01c-1040261ac6ce",
      "blob_path": "memory/vault/claims/634dc7eb-e8dd-4faf-b01c-1040261ac6ce.md",
      "entity_id": "672a2723f1e3022346236302",
      "claim_type": "status"
    }
  },
  {
    "ts": "2026-04-28T15:10:04.978510+00:00",
    "source": "trello",
    "action": "wiki_v2_event_processed",
    "data": {
      "event_key": "trello:672b99ba36f1b7030f321994",
      "claims_written": 1,
      "claims_superseded": 0,
      "decision_keys_persisted": 0,
      "linkage_keys_persisted": 0
    }
  },
  {
    "ts": "2026-04-28T15:10:05.030461+00:00",
    "source": "trello",
    "action": "event_processed",
    "data": {
      "event_key": "trello:672b99ba36f1b7030f321994",
      "content_key": "trello:672a2723f1e3022346236302:8d4fd56060f38c4d2b5bc807e6b3f14eca6eb9c3b3f586b537eedb5e18a3ed7d"
    }
  },
  {
    "ts": "2026-04-28T15:10:05.596211+00:00",
    "source": "trello",
    "action": "wiki_v2_claim_written",
    "data": {
      "claim_id": "9b3cd6e0-24f9-4a7e-b5ac-22893a6c34f0",
      "blob_path": "memory/vault/claims/9b3cd6e0-24f9-4a7e-b5ac-22893a6c34f0.md",
      "entity_id": "6604265a9177c40a2f93e263",
      "claim_type": "status"
    }
  },
  {
    "ts": "2026-04-28T15:10:05.628119+00:00",
    "source": "trello",
    "action": "wiki_v2_event_processed",
    "data": {
      "event_key": "trello:672b99b310524316efd84216",
      "claims_written": 1,
      "claims_superseded": 0,
      "decision_keys_persisted": 0,
      "linkage_keys_persisted": 0
    }
  },
  {
    "ts": "2026-04-28T15:10:05.677565+00:00",
    "source": "trello",
    "action": "event_processed",
    "data": {
      "event_key": "trello:672b99b310524316efd84216",
      "content_key": "trello:6604265a9177c40a2f93e263:d9aa39722764bfd5ac650441c44556225d868ae0da4a407921081f34514dac2e"
    }
  },
  {
    "ts": "2026-04-28T15:10:06.171135+00:00",
    "source": "trello",
    "action": "wiki_v2_claim_written",
    "data": {
      "claim_id": "8a06c724-92f6-4c96-8333-03432b9aa72c",
      "blob_path": "memory/vault/claims/8a06c724-92f6-4c96-8333-03432b9aa72c.md",
      "entity_id": "6604265a9177c40a2f93e263",
      "claim_type": "status"
    }
  },
  {
    "ts": "2026-04-28T15:10:06.183008+00:00",
    "source": "trello",
    "action": "wiki_v2_event_processed",
    "data": {
      "event_key": "trello:672b99b310524316efd841dc",
      "claims_written": 1,
      "claims_superseded": 0,
      "decision_keys_persisted": 0,
      "linkage_keys_persisted": 0
    }
  },
  {
    "ts": "2026-04-28T15:10:06.224194+00:00",
    "source": "trello",
    "action": "event_processed",
    "data": {
      "event_key": "trello:672b99b310524316efd841dc",
      "content_key": "trello:6604265a9177c40a2f93e263:62b83e9cd6512745920ea8d88aca11400e18458545b6068d36158e5a5fda4b85"
    }
  },
  {
    "ts": "2026-04-28T15:10:06.759045+00:00",
    "source": "trello",
    "action": "wiki_v2_claim_written",
    "data": {
      "claim_id": "0d6a6e2c-83a3-4a28-91ed-9c96f436d961",
      "blob_path": "memory/vault/claims/0d6a6e2c-83a3-4a28-91ed-9c96f436d961.md",
      "entity_id": "672a4f426c10990cbe936ce7",
      "claim_type": "status"
    }
  },
  {
    "ts": "2026-04-28T15:10:06.775053+00:00",
    "source": "trello",
    "action": "wiki_v2_event_processed",
    "data": {
      "event_key": "trello:672a4f426c10990cbe936d04",
      "claims_written": 1,
      "claims_superseded": 0,
      "decision_keys_persisted": 0,
      "linkage_keys_persisted": 0
    }
  },
  {
    "ts": "2026-04-28T15:10:06.819684+00:00",
    "source": "trello",
    "action": "event_processed",
    "data": {
      "event_key": "trello:672a4f426c10990cbe936d04",
      "content_key": "trello:672a4f426c10990cbe936ce7:c72ff65e1fcf34d800278effc2f7c8c74c50723b19b57c4cb36012fb5900a607"
    }
  },
  {
    "ts": "2026-04-28T15:10:07.333812+00:00",
    "source": "trello",
    "action": "wiki_v2_claim_written",
    "data": {
      "claim_id": "b7532ab3-2cd4-45f8-94f9-ea6204e6b7ed",
      "blob_path": "memory/vault/claims/b7532ab3-2cd4-45f8-94f9-ea6204e6b7ed.md",
      "entity_id": "672a2723f1e3022346236302",
      "claim_type": "status"
    }
  },
  {
    "ts": "2026-04-28T15:10:07.356424+00:00",
    "source": "trello",
    "action": "wiki_v2_event_processed",
    "data": {
      "event_key": "trello:672a276265f8fbb5d00f130d",
      "claims_written": 1,
      "claims_superseded": 0,
      "decision_keys_persisted": 0,
      "linkage_keys_persisted": 0
    }
  },
  {
    "ts": "2026-04-28T15:10:07.485518+00:00",
    "source": "trello",
    "action": "event_processed",
    "data": {
      "event_key": "trello:672a276265f8fbb5d00f130d",
      "content_key": "trello:672a2723f1e3022346236302:c12774506b851598640fbe9c1a93b50c4f0dc889795fe366bc19ec98c2abbf27"
    }
  },
  {
    "ts": "2026-04-28T15:10:08.025079+00:00",
    "source": "trello",
    "action": "wiki_v2_claim_written",
    "data": {
      "claim_id": "74c4f285-42b2-4c0f-8392-dbf2b18fb2a7",
      "blob_path": "memory/vault/claims/74c4f285-42b2-4c0f-8392-dbf2b18fb2a7.md",
      "entity_id": "672a2723f1e3022346236302",
      "claim_type": "status"
    }
  },
  {
    "ts": "2026-04-28T15:10:08.037071+00:00",
    "source": "trello",
    "action": "wiki_v2_event_processed",
    "data": {
      "event_key": "trello:672a275db162051627f9d8ba",
      "claims_written": 1,
      "claims_superseded": 0,
      "decision_keys_persisted": 0,
      "linkage_keys_persisted": 0
    }
  },
  {
    "ts": "2026-04-28T15:10:08.062631+00:00",
    "source": "trello",
    "action": "event_processed",
    "data": {
      "event_key": "trello:672a275db162051627f9d8ba",
      "content_key": "trello:672a2723f1e3022346236302:60e7b1f268dc125a49658e8d9062fc0ce9b977b96f47f4c462bff080c6b93a04"
    }
  },
  {
    "ts": "2026-04-28T15:10:08.549542+00:00",
    "source": "trello",
    "action": "wiki_v2_claim_written",
    "data": {
      "claim_id": "073fef44-cb0b-467d-9781-19191975489b",
      "blob_path": "memory/vault/claims/073fef44-cb0b-467d-9781-19191975489b.md",
      "entity_id": "672a2723f1e3022346236302",
      "claim_type": "status"
    }
  },
  {
    "ts": "2026-04-28T15:10:08.567657+00:00",
    "source": "trello",
    "action": "wiki_v2_event_processed",
    "data": {
      "event_key": "trello:672a2755057d1481de521631",
      "claims_written": 1,
      "claims_superseded": 0,
      "decision_keys_persisted": 0,
      "linkage_keys_persisted": 0
    }
  },
  {
    "ts": "2026-04-28T15:10:08.592057+00:00",
    "source": "trello",
    "action": "event_processed",
    "data": {
      "event_key": "trello:672a2755057d1481de521631",
      "content_key": "trello:672a2723f1e3022346236302:f740fd3631d7b9feba8128366b46015d3e910ee6717224037da113df1d5395a8"
    }
  },
  {
    "ts": "2026-04-28T15:10:09.085118+00:00",
    "source": "trello",
    "action": "wiki_v2_claim_written",
    "data": {
      "claim_id": "580a4cad-f56b-488a-8d36-0fb7106b74c4",
      "blob_path": "memory/vault/claims/580a4cad-f56b-488a-8d36-0fb7106b74c4.md",
      "entity_id": "672a2723f1e3022346236302",
      "claim_type": "status"
    }
  },
  {
    "ts": "2026-04-28T15:10:09.099888+00:00",
    "source": "trello",
    "action": "wiki_v2_event_processed",
    "data": {
      "event_key": "trello:672a2751fdb68ed69708d23a",
      "claims_written": 1,
      "claims_superseded": 0,
      "decision_keys_persisted": 0,
      "linkage_keys_persisted": 0
    }
  },
  {
    "ts": "2026-04-28T15:10:09.127308+00:00",
    "source": "trello",
    "action": "event_processed",
    "data": {
      "event_key": "trello:672a2751fdb68ed69708d23a",
      "content_key": "trello:672a2723f1e3022346236302:0623f91093acd58a523f3759d3d0537d4a4d4682317705261c30c228d69f8569"
    }
  },
  {
    "ts": "2026-04-28T15:10:09.664355+00:00",
    "source": "trello",
    "action": "wiki_v2_claim_written",
    "data": {
      "claim_id": "80a90e14-fcba-4181-8aa5-f1c18dbf4737",
      "blob_path": "memory/vault/claims/80a90e14-fcba-4181-8aa5-f1c18dbf4737.md",
      "entity_id": "672a2723f1e3022346236302",
      "claim_type": "status"
    }
  },
  {
    "ts": "2026-04-28T15:10:09.686835+00:00",
    "source": "trello",
    "action": "wiki_v2_event_processed",
    "data": {
      "event_key": "trello:672a2723f1e302234623631b",
      "claims_written": 1,
      "claims_superseded": 0,
      "decision_keys_persisted": 0,
      "linkage_keys_persisted": 0
    }
  },
  {
    "ts": "2026-04-28T15:10:09.715107+00:00",
    "source": "trello",
    "action": "event_processed",
    "data": {
      "event_key": "trello:672a2723f1e302234623631b",
      "content_key": "trello:672a2723f1e3022346236302:de150182aa168589e03b8b0e158fd1174669799921cad2d662e2701b43c9f017"
    }
  },
  {
    "ts": "2026-04-28T15:10:10.226337+00:00",
    "source": "trello",
    "action": "wiki_v2_claim_written",
    "data": {
      "claim_id": "9a987984-2d34-47ba-86c6-5f8680d065a4",
      "blob_path": "memory/vault/claims/9a987984-2d34-47ba-86c6-5f8680d065a4.md",
      "entity_id": "672a26f7f8e3d9610dd445cc",
      "claim_type": "status"
    }
  },
  {
    "ts": "2026-04-28T15:10:10.242615+00:00",
    "source": "trello",
    "action": "wiki_v2_event_processed",
    "data": {
      "event_key": "trello:672a27164d0ce5e50869ef66",
      "claims_written": 1,
      "claims_superseded": 0,
      "decision_keys_persisted": 0,
      "linkage_keys_persisted": 0
    }
  },
  {
    "ts": "2026-04-28T15:10:10.281299+00:00",
    "source": "trello",
    "action": "event_processed",
    "data": {
      "event_key": "trello:672a27164d0ce5e50869ef66",
      "content_key": "trello:672a26f7f8e3d9610dd445cc:8a7dcaa47fdd6a9b4c5242b9c3a789b90041f926e3e709e3188fb6afcd1d287a"
    }
  },
  {
    "ts": "2026-04-28T15:10:10.796057+00:00",
    "source": "trello",
    "action": "wiki_v2_claim_written",
    "data": {
      "claim_id": "aff9b2f5-5b92-40fe-aa10-0d9c5cd25066",
      "blob_path": "memory/vault/claims/aff9b2f5-5b92-40fe-aa10-0d9c5cd25066.md",
      "entity_id": "672a26f7f8e3d9610dd445cc",
      "claim_type": "status"
    }
  },
  {
    "ts": "2026-04-28T15:10:10.825107+00:00",
    "source": "trello",
    "action": "wiki_v2_event_processed",
    "data": {
      "event_key": "trello:672a26f7f8e3d9610dd445e6",
      "claims_written": 1,
      "claims_superseded": 0,
      "decision_keys_persisted": 0,
      "linkage_keys_persisted": 0
    }
  },
  {
    "ts": "2026-04-28T15:10:10.869685+00:00",
    "source": "trello",
    "action": "event_processed",
    "data": {
      "event_key": "trello:672a26f7f8e3d9610dd445e6",
      "content_key": "trello:672a26f7f8e3d9610dd445cc:42d76200bd227f8ab6911c8227aa598f037eb79c623a22067dcc73d431a88559"
    }
  },
  {
    "ts": "2026-04-28T15:10:11.385270+00:00",
    "source": "trello",
    "action": "wiki_v2_claim_written",
    "data": {
      "claim_id": "1bf197fe-8627-4888-9df4-7105ebb19a4e",
      "blob_path": "memory/vault/claims/1bf197fe-8627-4888-9df4-7105ebb19a4e.md",
      "entity_id": "6617e319dabb1e05c517dbbb",
      "claim_type": "status"
    }
  },
  {
    "ts": "2026-04-28T15:10:11.413010+00:00",
    "source": "trello",
    "action": "wiki_v2_event_processed",
    "data": {
      "event_key": "trello:6617e319dabb1e05c517dbc4",
      "claims_written": 1,
      "claims_superseded": 0,
      "decision_keys_persisted": 0,
      "linkage_keys_persisted": 0
    }
  },
  {
    "ts": "2026-04-28T15:10:11.460648+00:00",
    "source": "trello",
    "action": "event_processed",
    "data": {
      "event_key": "trello:6617e319dabb1e05c517dbc4",
      "content_key": "trello:6617e319dabb1e05c517dbbb:42b18577cf0739c4ee046fd571bf53ce4cce4155b550c30d8282b3dd013084ed"
    }
  },
  {
    "ts": "2026-04-28T15:10:11.999856+00:00",
    "source": "trello",
    "action": "wiki_v2_claim_written",
    "data": {
      "claim_id": "ee697d10-d5e0-4203-91bc-48b54152c1da",
      "blob_path": "memory/vault/claims/ee697d10-d5e0-4203-91bc-48b54152c1da.md",
      "entity_id": "684354ba5c5870bb1dacdd54",
      "claim_type": "status"
    }
  },
  {
    "ts": "2026-04-28T15:10:12.020371+00:00",
    "source": "trello",
    "action": "wiki_v2_event_processed",
    "data": {
      "event_key": "trello:684b41b31de36894a9c7762a",
      "claims_written": 1,
      "claims_superseded": 0,
      "decision_keys_persisted": 0,
      "linkage_keys_persisted": 0
    }
  },
  {
    "ts": "2026-04-28T15:10:12.066611+00:00",
    "source": "trello",
    "action": "event_processed",
    "data": {
      "event_key": "trello:684b41b31de36894a9c7762a",
      "content_key": "trello:684354ba5c5870bb1dacdd54:d3d2faabd6a763583cc545464a56230674f87356cdc6cf2a462cca3c7d21e4b2"
    }
  },
  {
    "ts": "2026-04-28T15:10:12.576533+00:00",
    "source": "trello",
    "action": "wiki_v2_claim_written",
    "data": {
      "claim_id": "7b1fff20-78f7-4e61-ba46-2a9c7715102a",
      "blob_path": "memory/vault/claims/7b1fff20-78f7-4e61-ba46-2a9c7715102a.md",
      "entity_id": "684354ba5c5870bb1dacdd54",
      "claim_type": "status"
    }
  },
  {
    "ts": "2026-04-28T15:10:12.591774+00:00",
    "source": "trello",
    "action": "wiki_v2_event_processed",
    "data": {
      "event_key": "trello:684355b02ec911d2eaa08e64",
      "claims_written": 1,
      "claims_superseded": 0,
      "decision_keys_persisted": 0,
      "linkage_keys_persisted": 0
    }
  },
  {
    "ts": "2026-04-28T15:10:12.654083+00:00",
    "source": "trello",
    "action": "event_processed",
    "data": {
      "event_key": "trello:684355b02ec911d2eaa08e64",
      "content_key": "trello:684354ba5c5870bb1dacdd54:3e8561d6aee95d8184ab0dee268c249925302d52da884e634e4e241b060da969"
    }
  },
  {
    "ts": "2026-04-28T15:10:13.158707+00:00",
    "source": "trello",
    "action": "wiki_v2_claim_written",
    "data": {
      "claim_id": "7ff29cbe-16ab-4067-823c-5a8f3dc94ffd",
      "blob_path": "memory/vault/claims/7ff29cbe-16ab-4067-823c-5a8f3dc94ffd.md",
      "entity_id": "684354ba5c5870bb1dacdd54",
      "claim_type": "status"
    }
  },
  {
    "ts": "2026-04-28T15:10:13.181642+00:00",
    "source": "trello",
    "action": "wiki_v2_event_processed",
    "data": {
      "event_key": "trello:6843556652e2179fc58314c4",
      "claims_written": 1,
      "claims_superseded": 0,
      "decision_keys_persisted": 0,
      "linkage_keys_persisted": 0
    }
  },
  {
    "ts": "2026-04-28T15:10:13.215027+00:00",
    "source": "trello",
    "action": "event_processed",
    "data": {
      "event_key": "trello:6843556652e2179fc58314c4",
      "content_key": "trello:684354ba5c5870bb1dacdd54:777dd493ed807749ea6d1ffe38950573d99402f82451552502a3374578dc2dc0"
    }
  },
  {
    "ts": "2026-04-28T15:10:13.723246+00:00",
    "source": "trello",
    "action": "wiki_v2_claim_written",
    "data": {
      "claim_id": "9137f901-e1dd-4be0-a57e-ec61f75a6a3c",
      "blob_path": "memory/vault/claims/9137f901-e1dd-4be0-a57e-ec61f75a6a3c.md",
      "entity_id": "684354ba5c5870bb1dacdd54",
      "claim_type": "status"
    }
  },
  {
    "ts": "2026-04-28T15:10:13.761526+00:00",
    "source": "trello",
    "action": "wiki_v2_event_processed",
    "data": {
      "event_key": "trello:684354e867e355dfc12df51b",
      "claims_written": 1,
      "claims_superseded": 0,
      "decision_keys_persisted": 0,
      "linkage_keys_persisted": 0
    }
  },
  {
    "ts": "2026-04-28T15:10:13.833231+00:00",
    "source": "trello",
    "action": "event_processed",
    "data": {
      "event_key": "trello:684354e867e355dfc12df51b",
      "content_key": "trello:684354ba5c5870bb1dacdd54:d5b7d8f7ef343768169e27e68201348bdcc1fab77cf6624905b973c6f2bbf55c"
    }
  },
  {
    "ts": "2026-04-28T15:10:14.306820+00:00",
    "source": "trello",
    "action": "wiki_v2_claim_written",
    "data": {
      "claim_id": "c38e4334-30df-4bdc-96f8-a3b7e9d9d108",
      "blob_path": "memory/vault/claims/c38e4334-30df-4bdc-96f8-a3b7e9d9d108.md",
      "entity_id": "684354ba5c5870bb1dacdd54",
      "claim_type": "status"
    }
  },
  {
    "ts": "2026-04-28T15:10:14.323145+00:00",
    "source": "trello",
    "action": "wiki_v2_event_processed",
    "data": {
      "event_key": "trello:684354c83608ee061ac32347",
      "claims_written": 1,
      "claims_superseded": 0,
      "decision_keys_persisted": 0,
      "linkage_keys_persisted": 0
    }
  },
  {
    "ts": "2026-04-28T15:10:14.355934+00:00",
    "source": "trello",
    "action": "event_processed",
    "data": {
      "event_key": "trello:684354c83608ee061ac32347",
      "content_key": "trello:684354ba5c5870bb1dacdd54:c750db0fa1025fbe4affa9e9af4261f66a6a2fc7aaeb17884470484c8703b312"
    }
  },
  {
    "ts": "2026-04-28T15:10:14.844155+00:00",
    "source": "trello",
    "action": "wiki_v2_claim_written",
    "data": {
      "claim_id": "ded26580-0f62-4acf-a667-0ff4f70034dd",
      "blob_path": "memory/vault/claims/ded26580-0f62-4acf-a667-0ff4f70034dd.md",
      "entity_id": "684354ba5c5870bb1dacdd54",
      "claim_type": "status"
    }
  },
  {
    "ts": "2026-04-28T15:10:14.870283+00:00",
    "source": "trello",
    "action": "wiki_v2_event_processed",
    "data": {
      "event_key": "trello:684354ba5c5870bb1dacdd71",
      "claims_written": 1,
      "claims_superseded": 0,
      "decision_keys_persisted": 0,
      "linkage_keys_persisted": 0
    }
  },
  {
    "ts": "2026-04-28T15:10:14.915736+00:00",
    "source": "trello",
    "action": "event_processed",
    "data": {
      "event_key": "trello:684354ba5c5870bb1dacdd71",
      "content_key": "trello:684354ba5c5870bb1dacdd54:03b2fbaf2f76288da977f51d45a3601c681e7196afdbd0d5a51ccca636d068b8"
    }
  },
  {
    "ts": "2026-04-28T15:10:15.398017+00:00",
    "source": "trello",
    "action": "wiki_v2_claim_written",
    "data": {
      "claim_id": "cd02fb7d-3c03-4928-944c-26d672f5aba6",
      "blob_path": "memory/vault/claims/cd02fb7d-3c03-4928-944c-26d672f5aba6.md",
      "entity_id": "6841fb86b5a143d21c1fea24",
      "claim_type": "status"
    }
  },
  {
    "ts": "2026-04-28T15:10:15.430362+00:00",
    "source": "trello",
    "action": "wiki_v2_event_processed",
    "data": {
      "event_key": "trello:684354a6038e275933746427",
      "claims_written": 1,
      "claims_superseded": 0,
      "decision_keys_persisted": 0,
      "linkage_keys_persisted": 0
    }
  },
  {
    "ts": "2026-04-28T15:10:15.471776+00:00",
    "source": "trello",
    "action": "event_processed",
    "data": {
      "event_key": "trello:684354a6038e275933746427",
      "content_key": "trello:6841fb86b5a143d21c1fea24:a907d818c907777f8a8a8d600e9c7773e1044be1f264f11f3219667f4b4d22fb"
    }
  },
  {
    "ts": "2026-04-28T15:10:16.004123+00:00",
    "source": "trello",
    "action": "wiki_v2_claim_written",
    "data": {
      "claim_id": "eab5d791-d3d2-44a4-b5c3-dd02d52116a2",
      "blob_path": "memory/vault/claims/eab5d791-d3d2-44a4-b5c3-dd02d52116a2.md",
      "entity_id": "6841fb86b5a143d21c1fea24",
      "claim_type": "status"
    }
  },
  {
    "ts": "2026-04-28T15:10:16.027694+00:00",
    "source": "trello",
    "action": "wiki_v2_event_processed",
    "data": {
      "event_key": "trello:684354a6038e2759337463be",
      "claims_written": 1,
      "claims_superseded": 0,
      "decision_keys_persisted": 0,
      "linkage_keys_persisted": 0
    }
  },
  {
    "ts": "2026-04-28T15:10:16.076560+00:00",
    "source": "trello",
    "action": "event_processed",
    "data": {
      "event_key": "trello:684354a6038e2759337463be",
      "content_key": "trello:6841fb86b5a143d21c1fea24:5893ebe69904b72fc943acb55b05f63abd4e9417dae3e376beb8bd6fbdafa2e7"
    }
  },
  {
    "ts": "2026-04-28T15:10:16.615489+00:00",
    "source": "trello",
    "action": "wiki_v2_claim_written",
    "data": {
      "claim_id": "31533786-30fe-4fca-9f0a-0f7f0b1d4504",
      "blob_path": "memory/vault/claims/31533786-30fe-4fca-9f0a-0f7f0b1d4504.md",
      "entity_id": "66a2a6f8677d3d582f98f35d",
      "claim_type": "status"
    }
  },
  {
    "ts": "2026-04-28T15:10:16.624628+00:00",
    "source": "trello",
    "action": "wiki_v2_claim_written",
    "data": {
      "claim_id": "71b194c4-a5ac-4cfe-95c7-562b24ed3c77",
      "blob_path": "memory/vault/claims/71b194c4-a5ac-4cfe-95c7-562b24ed3c77.md",
      "entity_id": "66a2a6f8677d3d582f98f35d",
      "claim_type": "decision"
    }
  },
  {
    "ts": "2026-04-28T15:10:16.643772+00:00",
    "source": "trello",
    "action": "wiki_v2_claim_written",
    "data": {
      "claim_id": "48208915-a054-47ae-aca2-e3c90f7bd884",
      "blob_path": "memory/vault/claims/48208915-a054-47ae-aca2-e3c90f7bd884.md",
      "entity_id": "66a2a6f8677d3d582f98f35d",
      "claim_type": "linkage"
    }
  },
  {
    "ts": "2026-04-28T15:10:16.665597+00:00",
    "source": "trello",
    "action": "wiki_v2_event_processed",
    "data": {
      "event_key": "trello:6841fd29b200aab5589973a8",
      "claims_written": 3,
      "claims_superseded": 0,
      "decision_keys_persisted": 0,
      "linkage_keys_persisted": 1
    }
  },
  {
    "ts": "2026-04-28T15:10:16.692349+00:00",
    "source": "trello",
    "action": "event_processed",
    "data": {
      "event_key": "trello:6841fd29b200aab5589973a8",
      "content_key": "trello:66a2a6f8677d3d582f98f35d:810757530aced7c61ba12049055925a7fd6b5293af1f675516c9033ef2e7827e"
    }
  },
  {
    "ts": "2026-04-28T15:10:17.231724+00:00",
    "source": "trello",
    "action": "wiki_v2_claim_written",
    "data": {
      "claim_id": "9aacc214-c3dd-4571-a31a-268af16cf8dc",
      "blob_path": "memory/vault/claims/9aacc214-c3dd-4571-a31a-268af16cf8dc.md",
      "entity_id": "67af6226a076ab3d6aac992d",
      "claim_type": "status"
    }
  },
  {
    "ts": "2026-04-28T15:10:17.239356+00:00",
    "source": "trello",
    "action": "wiki_v2_claim_written",
    "data": {
      "claim_id": "05d4d817-869b-4613-a2e5-a61b6daf9f34",
      "blob_path": "memory/vault/claims/05d4d817-869b-4613-a2e5-a61b6daf9f34.md",
      "entity_id": "67af6226a076ab3d6aac992d",
      "claim_type": "decision"
    }
  },
  {
    "ts": "2026-04-28T15:10:17.260708+00:00",
    "source": "trello",
    "action": "wiki_v2_claim_written",
    "data": {
      "claim_id": "4e4ea00f-5a2a-4682-b330-ce94767410f0",
      "blob_path": "memory/vault/claims/4e4ea00f-5a2a-4682-b330-ce94767410f0.md",
      "entity_id": "67af6226a076ab3d6aac992d",
      "claim_type": "linkage"
    }
  },
  {
    "ts": "2026-04-28T15:10:17.273976+00:00",
    "source": "trello",
    "action": "wiki_v2_event_processed",
    "data": {
      "event_key": "trello:6841fd219968e32da792ecee",
      "claims_written": 3,
      "claims_superseded": 0,
      "decision_keys_persisted": 0,
      "linkage_keys_persisted": 1
    }
  },
  {
    "ts": "2026-04-28T15:10:17.306710+00:00",
    "source": "trello",
    "action": "event_processed",
    "data": {
      "event_key": "trello:6841fd219968e32da792ecee",
      "content_key": "trello:67af6226a076ab3d6aac992d:0148deaa17c7b6ec7cec18b16d5778fd504e5b019cdeaf45088f2967a2682e43"
    }
  },
  {
    "ts": "2026-04-28T15:10:17.811717+00:00",
    "source": "trello",
    "action": "wiki_v2_claim_written",
    "data": {
      "claim_id": "d583d0b0-8520-4aad-bd29-a2f88eb1d567",
      "blob_path": "memory/vault/claims/d583d0b0-8520-4aad-bd29-a2f88eb1d567.md",
      "entity_id": "6841fb86b5a143d21c1fea24",
      "claim_type": "status"
    }
  },
  {
    "ts": "2026-04-28T15:10:17.830004+00:00",
    "source": "trello",
    "action": "wiki_v2_event_processed",
    "data": {
      "event_key": "trello:6841fbef80cc9541aef5914d",
      "claims_written": 1,
      "claims_superseded": 0,
      "decision_keys_persisted": 0,
      "linkage_keys_persisted": 0
    }
  },
  {
    "ts": "2026-04-28T15:10:17.868829+00:00",
    "source": "trello",
    "action": "event_processed",
    "data": {
      "event_key": "trello:6841fbef80cc9541aef5914d",
      "content_key": "trello:6841fb86b5a143d21c1fea24:1620fc89c55af186cd6e683d13b2875b895b01761c8d919746d13d9154a0cb0d"
    }
  },
  {
    "ts": "2026-04-28T15:10:18.370073+00:00",
    "source": "trello",
    "action": "wiki_v2_claim_written",
    "data": {
      "claim_id": "051da435-02f0-4582-ad73-9a52bba1dd76",
      "blob_path": "memory/vault/claims/051da435-02f0-4582-ad73-9a52bba1dd76.md",
      "entity_id": "6841fb86b5a143d21c1fea24",
      "claim_type": "status"
    }
  },
  {
    "ts": "2026-04-28T15:10:18.384764+00:00",
    "source": "trello",
    "action": "wiki_v2_event_processed",
    "data": {
      "event_key": "trello:6841fbec0b5790a87371cd5b",
      "claims_written": 1,
      "claims_superseded": 0,
      "decision_keys_persisted": 0,
      "linkage_keys_persisted": 0
    }
  },
  {
    "ts": "2026-04-28T15:10:18.413962+00:00",
    "source": "trello",
    "action": "event_processed",
    "data": {
      "event_key": "trello:6841fbec0b5790a87371cd5b",
      "content_key": "trello:6841fb86b5a143d21c1fea24:d9d163ee7c3de6b5a7a05d5d2cb431b29e20e45acb4fd62b5915f7b416fbaf0d"
    }
  },
  {
    "ts": "2026-04-28T15:10:18.892523+00:00",
    "source": "trello",
    "action": "wiki_v2_claim_written",
    "data": {
      "claim_id": "015b5e8f-028b-4a81-9891-733bd47a0434",
      "blob_path": "memory/vault/claims/015b5e8f-028b-4a81-9891-733bd47a0434.md",
      "entity_id": "6841fb86b5a143d21c1fea24",
      "claim_type": "status"
    }
  },
  {
    "ts": "2026-04-28T15:10:18.907129+00:00",
    "source": "trello",
    "action": "wiki_v2_event_processed",
    "data": {
      "event_key": "trello:6841fbe9efd7900945d2d77d",
      "claims_written": 1,
      "claims_superseded": 0,
      "decision_keys_persisted": 0,
      "linkage_keys_persisted": 0
    }
  },
  {
    "ts": "2026-04-28T15:10:18.942377+00:00",
    "source": "trello",
    "action": "event_processed",
    "data": {
      "event_key": "trello:6841fbe9efd7900945d2d77d",
      "content_key": "trello:6841fb86b5a143d21c1fea24:b5765f601f061d1f884e7b6285de2d8ee8504388bd25e191f5a5d1d52a6393ee"
    }
  },
  {
    "ts": "2026-04-28T15:10:19.442813+00:00",
    "source": "trello",
    "action": "wiki_v2_claim_written",
    "data": {
      "claim_id": "c441bdd4-5d1d-4d3d-9b39-304b5065228d",
      "blob_path": "memory/vault/claims/c441bdd4-5d1d-4d3d-9b39-304b5065228d.md",
      "entity_id": "6841fb86b5a143d21c1fea24",
      "claim_type": "status"
    }
  },
  {
    "ts": "2026-04-28T15:10:19.458442+00:00",
    "source": "trello",
    "action": "wiki_v2_event_processed",
    "data": {
      "event_key": "trello:6841fbcb64504b65a0deacb1",
      "claims_written": 1,
      "claims_superseded": 0,
      "decision_keys_persisted": 0,
      "linkage_keys_persisted": 0
    }
  },
  {
    "ts": "2026-04-28T15:10:19.504957+00:00",
    "source": "trello",
    "action": "event_processed",
    "data": {
      "event_key": "trello:6841fbcb64504b65a0deacb1",
      "content_key": "trello:6841fb86b5a143d21c1fea24:3e99df3a12aa1213021a3ae5b6e1c4caa84e7f7cf2c52fc42403651bcd11606b"
    }
  },
  {
    "ts": "2026-04-28T15:10:19.999726+00:00",
    "source": "trello",
    "action": "wiki_v2_claim_written",
    "data": {
      "claim_id": "a9c56a95-6f02-4384-b632-f0fc0d7cf1b8",
      "blob_path": "memory/vault/claims/a9c56a95-6f02-4384-b632-f0fc0d7cf1b8.md",
      "entity_id": "6841fb86b5a143d21c1fea24",
      "claim_type": "status"
    }
  },
  {
    "ts": "2026-04-28T15:10:20.016352+00:00",
    "source": "trello",
    "action": "wiki_v2_event_processed",
    "data": {
      "event_key": "trello:6841fb86b5a143d21c1fea42",
      "claims_written": 1,
      "claims_superseded": 0,
      "decision_keys_persisted": 0,
      "linkage_keys_persisted": 0
    }
  },
  {
    "ts": "2026-04-28T15:10:20.079074+00:00",
    "source": "trello",
    "action": "event_processed",
    "data": {
      "event_key": "trello:6841fb86b5a143d21c1fea42",
      "content_key": "trello:6841fb86b5a143d21c1fea24:1360ddb640c4582dcfb53cc1d04eb3d9a4b1b1b261b4d8a5690645fa2f18190d"
    }
  },
  {
    "ts": "2026-04-28T15:10:20.585416+00:00",
    "source": "trello",
    "action": "wiki_v2_claim_written",
    "data": {
      "claim_id": "97a86d57-3b77-4f7d-b6fe-758166f13913",
      "blob_path": "memory/vault/claims/97a86d57-3b77-4f7d-b6fe-758166f13913.md",
      "entity_id": "67af6226a076ab3d6aac992d",
      "claim_type": "status"
    }
  },
  {
    "ts": "2026-04-28T15:10:20.592146+00:00",
    "source": "trello",
    "action": "wiki_v2_claim_written",
    "data": {
      "claim_id": "ddd9cc54-7c64-47a0-ad1b-250fe431fc39",
      "blob_path": "memory/vault/claims/ddd9cc54-7c64-47a0-ad1b-250fe431fc39.md",
      "entity_id": "67af6226a076ab3d6aac992d",
      "claim_type": "decision"
    }
  },
  {
    "ts": "2026-04-28T15:10:20.598232+00:00",
    "source": "trello",
    "action": "wiki_v2_claim_written",
    "data": {
      "claim_id": "a264a02f-9122-4d30-a1f2-1c8bd444550b",
      "blob_path": "memory/vault/claims/a264a02f-9122-4d30-a1f2-1c8bd444550b.md",
      "entity_id": "67af6226a076ab3d6aac992d",
      "claim_type": "linkage"
    }
  },
  {
    "ts": "2026-04-28T15:10:20.615242+00:00",
    "source": "trello",
    "action": "wiki_v2_event_processed",
    "data": {
      "event_key": "trello:683487c40ab44d79c35aaa9e",
      "claims_written": 3,
      "claims_superseded": 0,
      "decision_keys_persisted": 0,
      "linkage_keys_persisted": 0
    }
  },
  {
    "ts": "2026-04-28T15:10:20.651737+00:00",
    "source": "trello",
    "action": "event_processed",
    "data": {
      "event_key": "trello:683487c40ab44d79c35aaa9e",
      "content_key": "trello:67af6226a076ab3d6aac992d:784e29f1d60873499b43b8e5f05b4ac77b7ed4d28ce75bd099102ef280b5a504"
    }
  },
  {
    "ts": "2026-04-28T15:10:21.315910+00:00",
    "source": "trello",
    "action": "wiki_v2_claim_written",
    "data": {
      "claim_id": "650333a7-0591-4658-b304-5e9f3668f72d",
      "blob_path": "memory/vault/claims/650333a7-0591-4658-b304-5e9f3668f72d.md",
      "entity_id": "67af6226a076ab3d6aac992d",
      "claim_type": "status"
    }
  },
  {
    "ts": "2026-04-28T15:10:21.334422+00:00",
    "source": "trello",
    "action": "wiki_v2_event_processed",
    "data": {
      "event_key": "trello:683487c40ab44d79c35aaa71",
      "claims_written": 1,
      "claims_superseded": 0,
      "decision_keys_persisted": 0,
      "linkage_keys_persisted": 0
    }
  },
  {
    "ts": "2026-04-28T15:10:21.366934+00:00",
    "source": "trello",
    "action": "event_processed",
    "data": {
      "event_key": "trello:683487c40ab44d79c35aaa71",
      "content_key": "trello:67af6226a076ab3d6aac992d:3bb28448bf1742f00a6b636abacd0d57d5a21e9443dc5a67280bfe06abd4e6cf"
    }
  },
  {
    "ts": "2026-04-28T15:10:21.860806+00:00",
    "source": "trello",
    "action": "wiki_v2_claim_written",
    "data": {
      "claim_id": "a54998fe-111e-4e3e-af4d-faadf34ba7a3",
      "blob_path": "memory/vault/claims/a54998fe-111e-4e3e-af4d-faadf34ba7a3.md",
      "entity_id": "67af6226a076ab3d6aac992d",
      "claim_type": "status"
    }
  },
  {
    "ts": "2026-04-28T15:10:21.874553+00:00",
    "source": "trello",
    "action": "wiki_v2_event_processed",
    "data": {
      "event_key": "trello:67afc7a11c074f6ad40d6ec1",
      "claims_written": 1,
      "claims_superseded": 0,
      "decision_keys_persisted": 0,
      "linkage_keys_persisted": 0
    }
  },
  {
    "ts": "2026-04-28T15:10:21.908994+00:00",
    "source": "trello",
    "action": "event_processed",
    "data": {
      "event_key": "trello:67afc7a11c074f6ad40d6ec1",
      "content_key": "trello:67af6226a076ab3d6aac992d:f9965b5d19ab9183d5dac37c4a80234da176d6b712a0a37625cbd2c06efe4022"
    }
  },
  {
    "ts": "2026-04-28T15:10:22.420475+00:00",
    "source": "trello",
    "action": "wiki_v2_claim_written",
    "data": {
      "claim_id": "2c361e5b-5cc5-4c56-bd1c-e205d256b2d9",
      "blob_path": "memory/vault/claims/2c361e5b-5cc5-4c56-bd1c-e205d256b2d9.md",
      "entity_id": "67af6226a076ab3d6aac992d",
      "claim_type": "status"
    }
  },
  {
    "ts": "2026-04-28T15:10:22.442963+00:00",
    "source": "trello",
    "action": "wiki_v2_event_processed",
    "data": {
      "event_key": "trello:67afc7a0361cc097e4f48284",
      "claims_written": 1,
      "claims_superseded": 0,
      "decision_keys_persisted": 0,
      "linkage_keys_persisted": 0
    }
  },
  {
    "ts": "2026-04-28T15:10:22.491364+00:00",
    "source": "trello",
    "action": "event_processed",
    "data": {
      "event_key": "trello:67afc7a0361cc097e4f48284",
      "content_key": "trello:67af6226a076ab3d6aac992d:af64dae106f75600d02ff2d75540615311042e1b3a240e6e4e2e17e8f7edd1b8"
    }
  },
  {
    "ts": "2026-04-28T15:10:22.975793+00:00",
    "source": "trello",
    "action": "wiki_v2_claim_written",
    "data": {
      "claim_id": "5229fa7f-9004-4368-9d16-7d6e198c73e0",
      "blob_path": "memory/vault/claims/5229fa7f-9004-4368-9d16-7d6e198c73e0.md",
      "entity_id": "67af6226a076ab3d6aac992d",
      "claim_type": "status"
    }
  },
  {
    "ts": "2026-04-28T15:10:22.989586+00:00",
    "source": "trello",
    "action": "wiki_v2_event_processed",
    "data": {
      "event_key": "trello:67afc79e10387948d167cde3",
      "claims_written": 1,
      "claims_superseded": 0,
      "decision_keys_persisted": 0,
      "linkage_keys_persisted": 0
    }
  },
  {
    "ts": "2026-04-28T15:10:23.016851+00:00",
    "source": "trello",
    "action": "event_processed",
    "data": {
      "event_key": "trello:67afc79e10387948d167cde3",
      "content_key": "trello:67af6226a076ab3d6aac992d:ad3240795cb2bc84445e973dd78202b3730c55899898c852f2fd071f1e039a8f"
    }
  },
  {
    "ts": "2026-04-28T15:10:23.498085+00:00",
    "source": "trello",
    "action": "wiki_v2_claim_written",
    "data": {
      "claim_id": "cd59e060-a774-4b4d-a8f4-f32c38dc4f27",
      "blob_path": "memory/vault/claims/cd59e060-a774-4b4d-a8f4-f32c38dc4f27.md",
      "entity_id": "67af6226a076ab3d6aac992d",
      "claim_type": "status"
    }
  },
  {
    "ts": "2026-04-28T15:10:23.515691+00:00",
    "source": "trello",
    "action": "wiki_v2_event_processed",
    "data": {
      "event_key": "trello:67afc79c2eb24738aeaa52a5",
      "claims_written": 1,
      "claims_superseded": 0,
      "decision_keys_persisted": 0,
      "linkage_keys_persisted": 0
    }
  },
  {
    "ts": "2026-04-28T15:10:23.544730+00:00",
    "source": "trello",
    "action": "event_processed",
    "data": {
      "event_key": "trello:67afc79c2eb24738aeaa52a5",
      "content_key": "trello:67af6226a076ab3d6aac992d:c1a4812e2809c2cda605ce1f8b8376a3c578c1f1af9e9b4f0224146584841bc4"
    }
  },
  {
    "ts": "2026-04-28T15:10:24.057902+00:00",
    "source": "trello",
    "action": "wiki_v2_claim_written",
    "data": {
      "claim_id": "0c13e6d4-cf91-405a-8e90-4c530be0b67b",
      "blob_path": "memory/vault/claims/0c13e6d4-cf91-405a-8e90-4c530be0b67b.md",
      "entity_id": "67af6226a076ab3d6aac992d",
      "claim_type": "status"
    }
  },
  {
    "ts": "2026-04-28T15:10:24.078996+00:00",
    "source": "trello",
    "action": "wiki_v2_event_processed",
    "data": {
      "event_key": "trello:67afc79bd4b0f42e17c4a278",
      "claims_written": 1,
      "claims_superseded": 0,
      "decision_keys_persisted": 0,
      "linkage_keys_persisted": 0
    }
  },
  {
    "ts": "2026-04-28T15:10:24.114525+00:00",
    "source": "trello",
    "action": "event_processed",
    "data": {
      "event_key": "trello:67afc79bd4b0f42e17c4a278",
      "content_key": "trello:67af6226a076ab3d6aac992d:cfc3aedb3d948b5e6a3d2bdda5659f5456099b21262ae96e035c910a38f74955"
    }
  },
  {
    "ts": "2026-04-28T15:10:24.595957+00:00",
    "source": "trello",
    "action": "wiki_v2_claim_written",
    "data": {
      "claim_id": "539ebfc4-d932-4f75-a7aa-342c1ffecb08",
      "blob_path": "memory/vault/claims/539ebfc4-d932-4f75-a7aa-342c1ffecb08.md",
      "entity_id": "67af6226a076ab3d6aac992d",
      "claim_type": "status"
    }
  },
  {
    "ts": "2026-04-28T15:10:24.612854+00:00",
    "source": "trello",
    "action": "wiki_v2_event_processed",
    "data": {
      "event_key": "trello:67afc79ba4b51b3933c4c010",
      "claims_written": 1,
      "claims_superseded": 0,
      "decision_keys_persisted": 0,
      "linkage_keys_persisted": 0
    }
  },
  {
    "ts": "2026-04-28T15:10:24.649182+00:00",
    "source": "trello",
    "action": "event_processed",
    "data": {
      "event_key": "trello:67afc79ba4b51b3933c4c010",
      "content_key": "trello:67af6226a076ab3d6aac992d:5eb2ffd89657677ce98e8f75101f8fcc53942eec1129bbdf6dee415c53ea4442"
    }
  },
  {
    "ts": "2026-04-28T15:10:25.135900+00:00",
    "source": "trello",
    "action": "wiki_v2_claim_written",
    "data": {
      "claim_id": "5b5524b9-bde0-4bd7-9b54-6585b85a0fac",
      "blob_path": "memory/vault/claims/5b5524b9-bde0-4bd7-9b54-6585b85a0fac.md",
      "entity_id": "67af6226a076ab3d6aac992d",
      "claim_type": "status"
    }
  },
  {
    "ts": "2026-04-28T15:10:25.167049+00:00",
    "source": "trello",
    "action": "wiki_v2_event_processed",
    "data": {
      "event_key": "trello:67afc78573257443f7139429",
      "claims_written": 1,
      "claims_superseded": 0,
      "decision_keys_persisted": 0,
      "linkage_keys_persisted": 0
    }
  },
  {
    "ts": "2026-04-28T15:10:25.204100+00:00",
    "source": "trello",
    "action": "event_processed",
    "data": {
      "event_key": "trello:67afc78573257443f7139429",
      "content_key": "trello:67af6226a076ab3d6aac992d:5c2f049f5509f7a592282256e1474b7198a04defa4e045469b2736b7d90a21c8"
    }
  },
  {
    "ts": "2026-04-28T15:10:25.697531+00:00",
    "source": "trello",
    "action": "wiki_v2_claim_written",
    "data": {
      "claim_id": "5be8ab4a-7412-4fdf-9146-fccc85773bf5",
      "blob_path": "memory/vault/claims/5be8ab4a-7412-4fdf-9146-fccc85773bf5.md",
      "entity_id": "67af6226a076ab3d6aac992d",
      "claim_type": "status"
    }
  },
  {
    "ts": "2026-04-28T15:10:25.711360+00:00",
    "source": "trello",
    "action": "wiki_v2_event_processed",
    "data": {
      "event_key": "trello:67afc784c848aea7f90346b2",
      "claims_written": 1,
      "claims_superseded": 0,
      "decision_keys_persisted": 0,
      "linkage_keys_persisted": 0
    }
  },
  {
    "ts": "2026-04-28T15:10:25.738928+00:00",
    "source": "trello",
    "action": "event_processed",
    "data": {
      "event_key": "trello:67afc784c848aea7f90346b2",
      "content_key": "trello:67af6226a076ab3d6aac992d:97d07b396e8aa2d6a39e602c52653c2d0624d112f598b6072df72251956a89f2"
    }
  },
  {
    "ts": "2026-04-28T15:10:26.219137+00:00",
    "source": "trello",
    "action": "wiki_v2_claim_written",
    "data": {
      "claim_id": "ea7c6b8c-2474-4445-a6cc-22003b9b97c1",
      "blob_path": "memory/vault/claims/ea7c6b8c-2474-4445-a6cc-22003b9b97c1.md",
      "entity_id": "67af6226a076ab3d6aac992d",
      "claim_type": "status"
    }
  },
  {
    "ts": "2026-04-28T15:10:26.240556+00:00",
    "source": "trello",
    "action": "wiki_v2_event_processed",
    "data": {
      "event_key": "trello:67afc71ca11fbefd372a99bf",
      "claims_written": 1,
      "claims_superseded": 0,
      "decision_keys_persisted": 0,
      "linkage_keys_persisted": 0
    }
  },
  {
    "ts": "2026-04-28T15:10:26.289885+00:00",
    "source": "trello",
    "action": "event_processed",
    "data": {
      "event_key": "trello:67afc71ca11fbefd372a99bf",
      "content_key": "trello:67af6226a076ab3d6aac992d:fa6445c808effbccf4a4333a21c23043b899970cbfede433662759ee1c85a826"
    }
  },
  {
    "ts": "2026-04-28T15:10:26.773659+00:00",
    "source": "trello",
    "action": "wiki_v2_claim_written",
    "data": {
      "claim_id": "006eaf79-b040-4d8e-a739-fa0eb65b56a2",
      "blob_path": "memory/vault/claims/006eaf79-b040-4d8e-a739-fa0eb65b56a2.md",
      "entity_id": "67af6226a076ab3d6aac992d",
      "claim_type": "status"
    }
  },
  {
    "ts": "2026-04-28T15:10:26.791934+00:00",
    "source": "trello",
    "action": "wiki_v2_event_processed",
    "data": {
      "event_key": "trello:67af62579870b507b90ead15",
      "claims_written": 1,
      "claims_superseded": 0,
      "decision_keys_persisted": 0,
      "linkage_keys_persisted": 0
    }
  },
  {
    "ts": "2026-04-28T15:10:26.828232+00:00",
    "source": "trello",
    "action": "event_processed",
    "data": {
      "event_key": "trello:67af62579870b507b90ead15",
      "content_key": "trello:67af6226a076ab3d6aac992d:df1a4ed4d26f069656b2db152fba1c66524eef37880c3441d8220086c3676149"
    }
  },
  {
    "ts": "2026-04-28T15:10:27.322154+00:00",
    "source": "trello",
    "action": "wiki_v2_claim_written",
    "data": {
      "claim_id": "f6a79a2e-58a1-47e8-bcab-1abf825500e2",
      "blob_path": "memory/vault/claims/f6a79a2e-58a1-47e8-bcab-1abf825500e2.md",
      "entity_id": "67af6226a076ab3d6aac992d",
      "claim_type": "status"
    }
  },
  {
    "ts": "2026-04-28T15:10:27.339226+00:00",
    "source": "trello",
    "action": "wiki_v2_event_processed",
    "data": {
      "event_key": "trello:67af6226a076ab3d6aac9949",
      "claims_written": 1,
      "claims_superseded": 0,
      "decision_keys_persisted": 0,
      "linkage_keys_persisted": 0
    }
  },
  {
    "ts": "2026-04-28T15:10:27.375159+00:00",
    "source": "trello",
    "action": "event_processed",
    "data": {
      "event_key": "trello:67af6226a076ab3d6aac9949",
      "content_key": "trello:67af6226a076ab3d6aac992d:3806aad50621574611ab2b7c5f762129776a3f78221aa6da36dbfc51fb7274ab"
    }
  },
  {
    "ts": "2026-04-28T15:10:27.897963+00:00",
    "source": "trello",
    "action": "wiki_v2_claim_written",
    "data": {
      "claim_id": "ef364568-3b26-486a-b1f9-53ee57ccbcfb",
      "blob_path": "memory/vault/claims/ef364568-3b26-486a-b1f9-53ee57ccbcfb.md",
      "entity_id": "66a2a6f8677d3d582f98f35d",
      "claim_type": "status"
    }
  },
  {
    "ts": "2026-04-28T15:10:27.908413+00:00",
    "source": "trello",
    "action": "wiki_v2_claim_written",
    "data": {
      "claim_id": "e5970372-f494-4371-9619-153f41eaeedf",
      "blob_path": "memory/vault/claims/e5970372-f494-4371-9619-153f41eaeedf.md",
      "entity_id": "66a2a6f8677d3d582f98f35d",
      "claim_type": "decision"
    }
  },
  {
    "ts": "2026-04-28T15:10:27.920510+00:00",
    "source": "trello",
    "action": "wiki_v2_claim_written",
    "data": {
      "claim_id": "56de0870-8425-4109-a213-14d63d9c94b1",
      "blob_path": "memory/vault/claims/56de0870-8425-4109-a213-14d63d9c94b1.md",
      "entity_id": "66a2a6f8677d3d582f98f35d",
      "claim_type": "linkage"
    }
  },
  {
    "ts": "2026-04-28T15:10:27.939073+00:00",
    "source": "trello",
    "action": "wiki_v2_event_processed",
    "data": {
      "event_key": "trello:6720d23ffd19df13fdf6e5c7",
      "claims_written": 3,
      "claims_superseded": 0,
      "decision_keys_persisted": 0,
      "linkage_keys_persisted": 0
    }
  },
  {
    "ts": "2026-04-28T15:10:27.990311+00:00",
    "source": "trello",
    "action": "event_processed",
    "data": {
      "event_key": "trello:6720d23ffd19df13fdf6e5c7",
      "content_key": "trello:66a2a6f8677d3d582f98f35d:f379a64a5aaee20053b35b50db646d963ded1eeeb44f91499a9a71dad192ff03"
    }
  },
  {
    "ts": "2026-04-28T15:10:28.461140+00:00",
    "source": "trello",
    "action": "wiki_v2_claim_written",
    "data": {
      "claim_id": "4033c5c9-0c46-4b77-b765-5e048e7e4962",
      "blob_path": "memory/vault/claims/4033c5c9-0c46-4b77-b765-5e048e7e4962.md",
      "entity_id": "66a2a6f8677d3d582f98f35d",
      "claim_type": "status"
    }
  },
  {
    "ts": "2026-04-28T15:10:28.475228+00:00",
    "source": "trello",
    "action": "wiki_v2_event_processed",
    "data": {
      "event_key": "trello:6720d23ffd19df13fdf6e59f",
      "claims_written": 1,
      "claims_superseded": 0,
      "decision_keys_persisted": 0,
      "linkage_keys_persisted": 0
    }
  },
  {
    "ts": "2026-04-28T15:10:28.503543+00:00",
    "source": "trello",
    "action": "event_processed",
    "data": {
      "event_key": "trello:6720d23ffd19df13fdf6e59f",
      "content_key": "trello:66a2a6f8677d3d582f98f35d:675e3ea3ed685fe43240979389cdf48d496223f98244acd7da7edffa057610f8"
    }
  },
  {
    "ts": "2026-04-28T15:10:29.002527+00:00",
    "source": "trello",
    "action": "wiki_v2_claim_written",
    "data": {
      "claim_id": "abeb9381-b02d-44e2-8df4-bfd8d30cc92e",
      "blob_path": "memory/vault/claims/abeb9381-b02d-44e2-8df4-bfd8d30cc92e.md",
      "entity_id": "66a2a6f8677d3d582f98f35d",
      "claim_type": "status"
    }
  },
  {
    "ts": "2026-04-28T15:10:29.017474+00:00",
    "source": "trello",
    "action": "wiki_v2_event_processed",
    "data": {
      "event_key": "trello:66a2a71650a3e9ac5d1dac52",
      "claims_written": 1,
      "claims_superseded": 0,
      "decision_keys_persisted": 0,
      "linkage_keys_persisted": 0
    }
  },
  {
    "ts": "2026-04-28T15:10:29.062600+00:00",
    "source": "trello",
    "action": "event_processed",
    "data": {
      "event_key": "trello:66a2a71650a3e9ac5d1dac52",
      "content_key": "trello:66a2a6f8677d3d582f98f35d:c3e91c66734843a6e85dafc6c2750cb2e6700a51ae6161a183f90c01ec3c5c7f"
    }
  },
  {
    "ts": "2026-04-28T15:10:29.533208+00:00",
    "source": "trello",
    "action": "wiki_v2_claim_written",
    "data": {
      "claim_id": "ca8f90cc-0be3-4099-8a90-51921c179345",
      "blob_path": "memory/vault/claims/ca8f90cc-0be3-4099-8a90-51921c179345.md",
      "entity_id": "66a2a6f8677d3d582f98f35d",
      "claim_type": "status"
    }
  },
  {
    "ts": "2026-04-28T15:10:29.552114+00:00",
    "source": "trello",
    "action": "wiki_v2_event_processed",
    "data": {
      "event_key": "trello:66a2a70300ce3cc7b13b7de8",
      "claims_written": 1,
      "claims_superseded": 0,
      "decision_keys_persisted": 0,
      "linkage_keys_persisted": 0
    }
  },
  {
    "ts": "2026-04-28T15:10:29.587537+00:00",
    "source": "trello",
    "action": "event_processed",
    "data": {
      "event_key": "trello:66a2a70300ce3cc7b13b7de8",
      "content_key": "trello:66a2a6f8677d3d582f98f35d:f211b63851b61fa507f4875b22c6c02651adc95557e7dd92b8c597f48d954d65"
    }
  },
  {
    "ts": "2026-04-28T15:10:30.101670+00:00",
    "source": "trello",
    "action": "wiki_v2_claim_written",
    "data": {
      "claim_id": "e6ff32b7-9671-4f43-9948-33a401290244",
      "blob_path": "memory/vault/claims/e6ff32b7-9671-4f43-9948-33a401290244.md",
      "entity_id": "66a2a6f8677d3d582f98f35d",
      "claim_type": "status"
    }
  },
  {
    "ts": "2026-04-28T15:10:30.115802+00:00",
    "source": "trello",
    "action": "wiki_v2_event_processed",
    "data": {
      "event_key": "trello:66a2a7028ba22f961f383285",
      "claims_written": 1,
      "claims_superseded": 0,
      "decision_keys_persisted": 0,
      "linkage_keys_persisted": 0
    }
  },
  {
    "ts": "2026-04-28T15:10:30.144216+00:00",
    "source": "trello",
    "action": "event_processed",
    "data": {
      "event_key": "trello:66a2a7028ba22f961f383285",
      "content_key": "trello:66a2a6f8677d3d582f98f35d:6e41994c54138977a8d4239e89b2b587e639235eaae5eb2dd19f0971f2292f30"
    }
  },
  {
    "ts": "2026-04-28T15:10:30.617694+00:00",
    "source": "trello",
    "action": "wiki_v2_claim_written",
    "data": {
      "claim_id": "e6e33d60-cd1b-4dbe-b22b-d54aee9f7bcf",
      "blob_path": "memory/vault/claims/e6e33d60-cd1b-4dbe-b22b-d54aee9f7bcf.md",
      "entity_id": "66a2a6f8677d3d582f98f35d",
      "claim_type": "status"
    }
  },
  {
    "ts": "2026-04-28T15:10:30.636187+00:00",
    "source": "trello",
    "action": "wiki_v2_event_processed",
    "data": {
      "event_key": "trello:66a2a6f8677d3d582f98f366",
      "claims_written": 1,
      "claims_superseded": 0,
      "decision_keys_persisted": 0,
      "linkage_keys_persisted": 0
    }
  },
  {
    "ts": "2026-04-28T15:10:30.678144+00:00",
    "source": "trello",
    "action": "event_processed",
    "data": {
      "event_key": "trello:66a2a6f8677d3d582f98f366",
      "content_key": "trello:66a2a6f8677d3d582f98f35d:34073ad775dfaadefc1b4e26cd24d6e1eb05636f63aae01fb1b51adb3b2b2279"
    }
  },
  {
    "ts": "2026-04-28T15:10:31.234670+00:00",
    "source": "trello",
    "action": "wiki_v2_claim_written",
    "data": {
      "claim_id": "775e7f6c-f203-49b4-89e6-a80d80df63d7",
      "blob_path": "memory/vault/claims/775e7f6c-f203-49b4-89e6-a80d80df63d7.md",
      "entity_id": "660ff59443c16914926a3da7",
      "claim_type": "status"
    }
  },
  {
    "ts": "2026-04-28T15:10:31.255069+00:00",
    "source": "trello",
    "action": "wiki_v2_event_processed",
    "data": {
      "event_key": "trello:660ff5e6d69ef5dd10581ddb",
      "claims_written": 1,
      "claims_superseded": 0,
      "decision_keys_persisted": 0,
      "linkage_keys_persisted": 0
    }
  },
  {
    "ts": "2026-04-28T15:10:31.285063+00:00",
    "source": "trello",
    "action": "event_processed",
    "data": {
      "event_key": "trello:660ff5e6d69ef5dd10581ddb",
      "content_key": "trello:660ff59443c16914926a3da7:020fb51699ff32d6fd793b99ddeb1dbf6c521d824a9bfb3ae4d93afcbc92877c"
    }
  },
  {
    "ts": "2026-04-28T15:10:31.788948+00:00",
    "source": "trello",
    "action": "wiki_v2_claim_written",
    "data": {
      "claim_id": "2176959d-41e6-494c-8227-b7a6f3ee5b42",
      "blob_path": "memory/vault/claims/2176959d-41e6-494c-8227-b7a6f3ee5b42.md",
      "entity_id": "660ff59443c16914926a3da7",
      "claim_type": "status"
    }
  },
  {
    "ts": "2026-04-28T15:10:31.806429+00:00",
    "source": "trello",
    "action": "wiki_v2_event_processed",
    "data": {
      "event_key": "trello:660ff5e43e6f04759f684e18",
      "claims_written": 1,
      "claims_superseded": 0,
      "decision_keys_persisted": 0,
      "linkage_keys_persisted": 0
    }
  },
  {
    "ts": "2026-04-28T15:10:31.877419+00:00",
    "source": "trello",
    "action": "event_processed",
    "data": {
      "event_key": "trello:660ff5e43e6f04759f684e18",
      "content_key": "trello:660ff59443c16914926a3da7:655863237930f86831229bb3dd7f7b506cc02e7aa72aa5aad537bffa8b2e32fd"
    }
  },
  {
    "ts": "2026-04-28T15:10:32.398558+00:00",
    "source": "trello",
    "action": "wiki_v2_claim_written",
    "data": {
      "claim_id": "2214f49f-c88d-46f3-9c37-267f27a94c1a",
      "blob_path": "memory/vault/claims/2214f49f-c88d-46f3-9c37-267f27a94c1a.md",
      "entity_id": "660ff59443c16914926a3da7",
      "claim_type": "status"
    }
  },
  {
    "ts": "2026-04-28T15:10:32.418668+00:00",
    "source": "trello",
    "action": "wiki_v2_event_processed",
    "data": {
      "event_key": "trello:660ff5e4c8371bacb25ad262",
      "claims_written": 1,
      "claims_superseded": 0,
      "decision_keys_persisted": 0,
      "linkage_keys_persisted": 0
    }
  },
  {
    "ts": "2026-04-28T15:10:32.461682+00:00",
    "source": "trello",
    "action": "event_processed",
    "data": {
      "event_key": "trello:660ff5e4c8371bacb25ad262",
      "content_key": "trello:660ff59443c16914926a3da7:a782bda5c16571e6cf622556cb890a85924fa070bb1109feb2b615ee88a8a86e"
    }
  },
  {
    "ts": "2026-04-28T15:10:32.954088+00:00",
    "source": "trello",
    "action": "wiki_v2_claim_written",
    "data": {
      "claim_id": "166b786c-a346-4675-b64b-4b237b23451c",
      "blob_path": "memory/vault/claims/166b786c-a346-4675-b64b-4b237b23451c.md",
      "entity_id": "660ff59443c16914926a3da7",
      "claim_type": "status"
    }
  },
  {
    "ts": "2026-04-28T15:10:32.981238+00:00",
    "source": "trello",
    "action": "wiki_v2_event_processed",
    "data": {
      "event_key": "trello:660ff5e2cdb41805a0accbf9",
      "claims_written": 1,
      "claims_superseded": 0,
      "decision_keys_persisted": 0,
      "linkage_keys_persisted": 0
    }
  },
  {
    "ts": "2026-04-28T15:10:33.028779+00:00",
    "source": "trello",
    "action": "event_processed",
    "data": {
      "event_key": "trello:660ff5e2cdb41805a0accbf9",
      "content_key": "trello:660ff59443c16914926a3da7:3c360005f104fe9014e0b036266daa4e179b552b2d3b1c4fdcf4b865f36f69c4"
    }
  },
  {
    "ts": "2026-04-28T15:10:33.572142+00:00",
    "source": "trello",
    "action": "wiki_v2_claim_written",
    "data": {
      "claim_id": "7470d8f3-ff74-4698-98b7-e163c83bf979",
      "blob_path": "memory/vault/claims/7470d8f3-ff74-4698-98b7-e163c83bf979.md",
      "entity_id": "660ff59443c16914926a3da7",
      "claim_type": "status"
    }
  },
  {
    "ts": "2026-04-28T15:10:33.592248+00:00",
    "source": "trello",
    "action": "wiki_v2_event_processed",
    "data": {
      "event_key": "trello:660ff5e088b719da2bcad8c1",
      "claims_written": 1,
      "claims_superseded": 0,
      "decision_keys_persisted": 0,
      "linkage_keys_persisted": 0
    }
  },
  {
    "ts": "2026-04-28T15:10:33.633772+00:00",
    "source": "trello",
    "action": "event_processed",
    "data": {
      "event_key": "trello:660ff5e088b719da2bcad8c1",
      "content_key": "trello:660ff59443c16914926a3da7:86a1387ec03f2a95dcb362ca649661acfa6b4c7cfd7825e2cad745362628fc7c"
    }
  },
  {
    "ts": "2026-04-28T15:10:34.200086+00:00",
    "source": "trello",
    "action": "wiki_v2_claim_written",
    "data": {
      "claim_id": "bd9a7598-8019-465a-960f-fb58d7d3463a",
      "blob_path": "memory/vault/claims/bd9a7598-8019-465a-960f-fb58d7d3463a.md",
      "entity_id": "660ff59443c16914926a3da7",
      "claim_type": "status"
    }
  },
  {
    "ts": "2026-04-28T15:10:34.226573+00:00",
    "source": "trello",
    "action": "wiki_v2_event_processed",
    "data": {
      "event_key": "trello:660ff59443c16914926a3db0",
      "claims_written": 1,
      "claims_superseded": 0,
      "decision_keys_persisted": 0,
      "linkage_keys_persisted": 0
    }
  },
  {
    "ts": "2026-04-28T15:10:34.271678+00:00",
    "source": "trello",
    "action": "event_processed",
    "data": {
      "event_key": "trello:660ff59443c16914926a3db0",
      "content_key": "trello:660ff59443c16914926a3da7:8fc4f02b2817c1209fa98f714008870a6c85a5d5703f0d7bfe7c3ef1fa2f29d1"
    }
  },
  {
    "ts": "2026-04-28T15:10:34.728865+00:00",
    "source": "trello",
    "action": "wiki_v2_claim_written",
    "data": {
      "claim_id": "6bb46944-ef5a-47f3-8e04-092ea6f3a4a9",
      "blob_path": "memory/vault/claims/6bb46944-ef5a-47f3-8e04-092ea6f3a4a9.md",
      "entity_id": "6697cdb1b388dea00a594ce0",
      "claim_type": "status"
    }
  },
  {
    "ts": "2026-04-28T15:10:34.734607+00:00",
    "source": "trello",
    "action": "wiki_v2_claim_written",
    "data": {
      "claim_id": "5cee47ec-95f7-4325-97cc-a440b4f114d7",
      "blob_path": "memory/vault/claims/5cee47ec-95f7-4325-97cc-a440b4f114d7.md",
      "entity_id": "6697cdb1b388dea00a594ce0",
      "claim_type": "decision"
    }
  },
  {
    "ts": "2026-04-28T15:10:34.753136+00:00",
    "source": "trello",
    "action": "wiki_v2_claim_written",
    "data": {
      "claim_id": "194d4525-e141-4a35-b851-201d9efd585c",
      "blob_path": "memory/vault/claims/194d4525-e141-4a35-b851-201d9efd585c.md",
      "entity_id": "6697cdb1b388dea00a594ce0",
      "claim_type": "linkage"
    }
  },
  {
    "ts": "2026-04-28T15:10:34.773097+00:00",
    "source": "trello",
    "action": "wiki_v2_event_processed",
    "data": {
      "event_key": "trello:6980cbbc2bfe48c3ac6d4059",
      "claims_written": 3,
      "claims_superseded": 0,
      "decision_keys_persisted": 0,
      "linkage_keys_persisted": 1
    }
  },
  {
    "ts": "2026-04-28T15:10:34.818124+00:00",
    "source": "trello",
    "action": "event_processed",
    "data": {
      "event_key": "trello:6980cbbc2bfe48c3ac6d4059",
      "content_key": "trello:6697cdb1b388dea00a594ce0:e0cfd9a0e42da0c28bf89839180ec642c5068df8ca04d5ad0421e5914bb9aa9c"
    }
  },
  {
    "ts": "2026-04-28T15:10:35.317865+00:00",
    "source": "trello",
    "action": "wiki_v2_claim_written",
    "data": {
      "claim_id": "eadc58c5-9c9a-49d4-b86b-efa1f5591496",
      "blob_path": "memory/vault/claims/eadc58c5-9c9a-49d4-b86b-efa1f5591496.md",
      "entity_id": "68f6745e8e18bf6209977a85",
      "claim_type": "status"
    }
  },
  {
    "ts": "2026-04-28T15:10:35.335385+00:00",
    "source": "trello",
    "action": "wiki_v2_event_processed",
    "data": {
      "event_key": "trello:6980cbb7a630955f52676402",
      "claims_written": 1,
      "claims_superseded": 0,
      "decision_keys_persisted": 0,
      "linkage_keys_persisted": 0
    }
  },
  {
    "ts": "2026-04-28T15:10:35.371937+00:00",
    "source": "trello",
    "action": "event_processed",
    "data": {
      "event_key": "trello:6980cbb7a630955f52676402",
      "content_key": "trello:68f6745e8e18bf6209977a85:fd024414b8e65ebb7391eab15438a0be53586e42155f848f6c67ce723806a964"
    }
  },
  {
    "ts": "2026-04-28T15:10:35.870794+00:00",
    "source": "trello",
    "action": "wiki_v2_claim_written",
    "data": {
      "claim_id": "86f94010-8ac7-4a22-a76a-4776f544b2fe",
      "blob_path": "memory/vault/claims/86f94010-8ac7-4a22-a76a-4776f544b2fe.md",
      "entity_id": "6980cb9154b839fdac55146c",
      "claim_type": "status"
    }
  },
  {
    "ts": "2026-04-28T15:10:35.889850+00:00",
    "source": "trello",
    "action": "wiki_v2_event_processed",
    "data": {
      "event_key": "trello:6980cb9bdaed4586118b9555",
      "claims_written": 1,
      "claims_superseded": 0,
      "decision_keys_persisted": 0,
      "linkage_keys_persisted": 0
    }
  },
  {
    "ts": "2026-04-28T15:10:35.919094+00:00",
    "source": "trello",
    "action": "event_processed",
    "data": {
      "event_key": "trello:6980cb9bdaed4586118b9555",
      "content_key": "trello:6980cb9154b839fdac55146c:f8b5307e58361317933c120dbee9699098ef622e01327f8522e6e9c6855ebc56"
    }
  },
  {
    "ts": "2026-04-28T15:10:36.424887+00:00",
    "source": "trello",
    "action": "wiki_v2_claim_written",
    "data": {
      "claim_id": "ab60762d-5cd4-45b2-82c7-5e71f507e889",
      "blob_path": "memory/vault/claims/ab60762d-5cd4-45b2-82c7-5e71f507e889.md",
      "entity_id": "6980cb9154b839fdac55146c",
      "claim_type": "status"
    }
  },
  {
    "ts": "2026-04-28T15:10:36.441545+00:00",
    "source": "trello",
    "action": "wiki_v2_event_processed",
    "data": {
      "event_key": "trello:6980cb980ef67a72367ee809",
      "claims_written": 1,
      "claims_superseded": 0,
      "decision_keys_persisted": 0,
      "linkage_keys_persisted": 0
    }
  },
  {
    "ts": "2026-04-28T15:10:36.477873+00:00",
    "source": "trello",
    "action": "event_processed",
    "data": {
      "event_key": "trello:6980cb980ef67a72367ee809",
      "content_key": "trello:6980cb9154b839fdac55146c:93136f9cb55396fbe748d517804e7fa9fb079a18340f16894e0a7dbebb1726c6"
    }
  },
  {
    "ts": "2026-04-28T15:10:36.945398+00:00",
    "source": "trello",
    "action": "wiki_v2_claim_written",
    "data": {
      "claim_id": "b4efdd97-2ffc-4cc4-b518-9fc46cce599b",
      "blob_path": "memory/vault/claims/b4efdd97-2ffc-4cc4-b518-9fc46cce599b.md",
      "entity_id": "6980cb9154b839fdac55146c",
      "claim_type": "status"
    }
  },
  {
    "ts": "2026-04-28T15:10:36.960736+00:00",
    "source": "trello",
    "action": "wiki_v2_event_processed",
    "data": {
      "event_key": "trello:6980cb956aae2a987b09f898",
      "claims_written": 1,
      "claims_superseded": 0,
      "decision_keys_persisted": 0,
      "linkage_keys_persisted": 0
    }
  },
  {
    "ts": "2026-04-28T15:10:36.989037+00:00",
    "source": "trello",
    "action": "event_processed",
    "data": {
      "event_key": "trello:6980cb956aae2a987b09f898",
      "content_key": "trello:6980cb9154b839fdac55146c:52c8fe20227f4bb7439efd629f14547f872493cbd47f9f5367cdc5ed877e9d90"
    }
  },
  {
    "ts": "2026-04-28T15:10:37.468601+00:00",
    "source": "trello",
    "action": "wiki_v2_claim_written",
    "data": {
      "claim_id": "9eed101e-e544-4153-904d-bfbfc7700e5f",
      "blob_path": "memory/vault/claims/9eed101e-e544-4153-904d-bfbfc7700e5f.md",
      "entity_id": "6980cb9154b839fdac55146c",
      "claim_type": "status"
    }
  },
  {
    "ts": "2026-04-28T15:10:37.489183+00:00",
    "source": "trello",
    "action": "wiki_v2_event_processed",
    "data": {
      "event_key": "trello:6980cb9154b839fdac551492",
      "claims_written": 1,
      "claims_superseded": 0,
      "decision_keys_persisted": 0,
      "linkage_keys_persisted": 0
    }
  },
  {
    "ts": "2026-04-28T15:10:37.531126+00:00",
    "source": "trello",
    "action": "event_processed",
    "data": {
      "event_key": "trello:6980cb9154b839fdac551492",
      "content_key": "trello:6980cb9154b839fdac55146c:7ccca592773794c749ebd8bab7cfff95cbeb2199b337ada884955285550dfd13"
    }
  },
  {
    "ts": "2026-04-28T15:10:38.008888+00:00",
    "source": "trello",
    "action": "wiki_v2_claim_written",
    "data": {
      "claim_id": "eea39256-6125-4f64-8708-cf115906e6ca",
      "blob_path": "memory/vault/claims/eea39256-6125-4f64-8708-cf115906e6ca.md",
      "entity_id": "6697cdb1b388dea00a594cdc",
      "claim_type": "status"
    }
  },
  {
    "ts": "2026-04-28T15:10:38.022149+00:00",
    "source": "trello",
    "action": "wiki_v2_event_processed",
    "data": {
      "event_key": "trello:6980cb808bc47118893aa82c",
      "claims_written": 1,
      "claims_superseded": 0,
      "decision_keys_persisted": 0,
      "linkage_keys_persisted": 0
    }
  },
  {
    "ts": "2026-04-28T15:10:38.057390+00:00",
    "source": "trello",
    "action": "event_processed",
    "data": {
      "event_key": "trello:6980cb808bc47118893aa82c",
      "content_key": "trello:6697cdb1b388dea00a594cdc:4ebed35ce6e273749dfdd843a9c4668bbe5aae65a60b011b5eaa3238b63ae2a1"
    }
  },
  {
    "ts": "2026-04-28T15:10:38.526238+00:00",
    "source": "trello",
    "action": "wiki_v2_claim_written",
    "data": {
      "claim_id": "22a2a0df-a491-41d6-8f50-1384ea3bed62",
      "blob_path": "memory/vault/claims/22a2a0df-a491-41d6-8f50-1384ea3bed62.md",
      "entity_id": "6697cdb1b388dea00a594cdc",
      "claim_type": "status"
    }
  },
  {
    "ts": "2026-04-28T15:10:38.539765+00:00",
    "source": "trello",
    "action": "wiki_v2_event_processed",
    "data": {
      "event_key": "trello:6980cb756c17be990ce50080",
      "claims_written": 1,
      "claims_superseded": 0,
      "decision_keys_persisted": 0,
      "linkage_keys_persisted": 0
    }
  },
  {
    "ts": "2026-04-28T15:10:38.567568+00:00",
    "source": "trello",
    "action": "event_processed",
    "data": {
      "event_key": "trello:6980cb756c17be990ce50080",
      "content_key": "trello:6697cdb1b388dea00a594cdc:2ff75c18af6e3d29b0dc0a7f0cb4fb548c2e71c1680202469efb9c5af8c1df26"
    }
  },
  {
    "ts": "2026-04-28T15:10:39.047807+00:00",
    "source": "trello",
    "action": "wiki_v2_claim_written",
    "data": {
      "claim_id": "4ead0f6c-cb6a-4589-a08c-9a38f9ad9e71",
      "blob_path": "memory/vault/claims/4ead0f6c-cb6a-4589-a08c-9a38f9ad9e71.md",
      "entity_id": "6697cdb1b388dea00a594cdc",
      "claim_type": "status"
    }
  },
  {
    "ts": "2026-04-28T15:10:39.066528+00:00",
    "source": "trello",
    "action": "wiki_v2_event_processed",
    "data": {
      "event_key": "trello:6980cb710e02e4035bfd789d",
      "claims_written": 1,
      "claims_superseded": 0,
      "decision_keys_persisted": 0,
      "linkage_keys_persisted": 0
    }
  },
  {
    "ts": "2026-04-28T15:10:39.113023+00:00",
    "source": "trello",
    "action": "event_processed",
    "data": {
      "event_key": "trello:6980cb710e02e4035bfd789d",
      "content_key": "trello:6697cdb1b388dea00a594cdc:1da3aeee83e24e39f27ab9b5bfc781c6b5e49f90ec6bd552a8b77508e576917e"
    }
  },
  {
    "ts": "2026-04-28T15:10:39.737934+00:00",
    "source": "trello",
    "action": "wiki_v2_claim_written",
    "data": {
      "claim_id": "e2b833ff-2602-461b-b80d-4519bba0449a",
      "blob_path": "memory/vault/claims/e2b833ff-2602-461b-b80d-4519bba0449a.md",
      "entity_id": "6697cdb1b388dea00a594cdc",
      "claim_type": "status"
    }
  },
  {
    "ts": "2026-04-28T15:10:39.750973+00:00",
    "source": "trello",
    "action": "wiki_v2_event_processed",
    "data": {
      "event_key": "trello:6980cb525acb0b4779acabe9",
      "claims_written": 1,
      "claims_superseded": 0,
      "decision_keys_persisted": 0,
      "linkage_keys_persisted": 0
    }
  },
  {
    "ts": "2026-04-28T15:10:39.779113+00:00",
    "source": "trello",
    "action": "event_processed",
    "data": {
      "event_key": "trello:6980cb525acb0b4779acabe9",
      "content_key": "trello:6697cdb1b388dea00a594cdc:305f400fabf99ff75c8fee808860b29bfc00b529c1e9247bae23448e826f64ff"
    }
  },
  {
    "ts": "2026-04-28T15:10:40.245400+00:00",
    "source": "trello",
    "action": "wiki_v2_claim_written",
    "data": {
      "claim_id": "f9c1a552-6991-4664-a022-35fae14502fb",
      "blob_path": "memory/vault/claims/f9c1a552-6991-4664-a022-35fae14502fb.md",
      "entity_id": "6697cdb1b388dea00a594cdc",
      "claim_type": "status"
    }
  },
  {
    "ts": "2026-04-28T15:10:40.265719+00:00",
    "source": "trello",
    "action": "wiki_v2_event_processed",
    "data": {
      "event_key": "trello:6980cb45a7d9341174afd7ac",
      "claims_written": 1,
      "claims_superseded": 0,
      "decision_keys_persisted": 0,
      "linkage_keys_persisted": 0
    }
  },
  {
    "ts": "2026-04-28T15:10:40.303316+00:00",
    "source": "trello",
    "action": "event_processed",
    "data": {
      "event_key": "trello:6980cb45a7d9341174afd7ac",
      "content_key": "trello:6697cdb1b388dea00a594cdc:c1e5ea9265352232db090e876be1340896add957921ee0ab084338245c4ba6ec"
    }
  },
  {
    "ts": "2026-04-28T15:10:40.779403+00:00",
    "source": "trello",
    "action": "wiki_v2_claim_written",
    "data": {
      "claim_id": "91e791f4-6473-4145-8a41-27af023810e2",
      "blob_path": "memory/vault/claims/91e791f4-6473-4145-8a41-27af023810e2.md",
      "entity_id": "6697cdb1b388dea00a594cdc",
      "claim_type": "status"
    }
  },
  {
    "ts": "2026-04-28T15:10:40.800592+00:00",
    "source": "trello",
    "action": "wiki_v2_event_processed",
    "data": {
      "event_key": "trello:6980ca95ea737cc7a65d0b82",
      "claims_written": 1,
      "claims_superseded": 0,
      "decision_keys_persisted": 0,
      "linkage_keys_persisted": 0
    }
  },
  {
    "ts": "2026-04-28T15:10:40.849583+00:00",
    "source": "trello",
    "action": "event_processed",
    "data": {
      "event_key": "trello:6980ca95ea737cc7a65d0b82",
      "content_key": "trello:6697cdb1b388dea00a594cdc:8f851f5f855621a960dc7296f795a92f953b3b26d98ec40664d59929be80cf93"
    }
  },
  {
    "ts": "2026-04-28T15:10:41.338977+00:00",
    "source": "trello",
    "action": "wiki_v2_claim_written",
    "data": {
      "claim_id": "1149bde7-2e3a-4cc8-a40b-cc546499434b",
      "blob_path": "memory/vault/claims/1149bde7-2e3a-4cc8-a40b-cc546499434b.md",
      "entity_id": "68f6745e8e18bf6209977a85",
      "claim_type": "status"
    }
  },
  {
    "ts": "2026-04-28T15:10:41.357483+00:00",
    "source": "trello",
    "action": "wiki_v2_event_processed",
    "data": {
      "event_key": "trello:68f6746c58f3495fada224ce",
      "claims_written": 1,
      "claims_superseded": 0,
      "decision_keys_persisted": 0,
      "linkage_keys_persisted": 0
    }
  },
  {
    "ts": "2026-04-28T15:10:41.402938+00:00",
    "source": "trello",
    "action": "event_processed",
    "data": {
      "event_key": "trello:68f6746c58f3495fada224ce",
      "content_key": "trello:68f6745e8e18bf6209977a85:2bb0cc98c4e4079fa6b97523f1f0d4d6c918d536b80b3f914803d2feccce41b2"
    }
  },
  {
    "ts": "2026-04-28T15:10:41.887347+00:00",
    "source": "trello",
    "action": "wiki_v2_claim_written",
    "data": {
      "claim_id": "db947be4-6320-4c62-b66a-67c80343453c",
      "blob_path": "memory/vault/claims/db947be4-6320-4c62-b66a-67c80343453c.md",
      "entity_id": "68f6745e8e18bf6209977a85",
      "claim_type": "status"
    }
  },
  {
    "ts": "2026-04-28T15:10:41.907010+00:00",
    "source": "trello",
    "action": "wiki_v2_event_processed",
    "data": {
      "event_key": "trello:68f6745e8e18bf6209977aad",
      "claims_written": 1,
      "claims_superseded": 0,
      "decision_keys_persisted": 0,
      "linkage_keys_persisted": 0
    }
  },
  {
    "ts": "2026-04-28T15:10:41.951890+00:00",
    "source": "trello",
    "action": "event_processed",
    "data": {
      "event_key": "trello:68f6745e8e18bf6209977aad",
      "content_key": "trello:68f6745e8e18bf6209977a85:6172eda6282311b796b75fc762b2c1c0aa7d4325cc7b23585525f21133d68d30"
    }
  },
  {
    "ts": "2026-04-28T15:10:42.526403+00:00",
    "source": "trello",
    "action": "wiki_v2_claim_written",
    "data": {
      "claim_id": "32c0b0e8-ba24-422c-97f7-7744d53a988e",
      "blob_path": "memory/vault/claims/32c0b0e8-ba24-422c-97f7-7744d53a988e.md",
      "entity_id": "68c08560176a1e0e8fa3d5af",
      "claim_type": "status"
    }
  },
  {
    "ts": "2026-04-28T15:10:42.536053+00:00",
    "source": "trello",
    "action": "wiki_v2_claim_written",
    "data": {
      "claim_id": "6b21b6ad-8b1e-49ff-b0e7-706e9eab53e6",
      "blob_path": "memory/vault/claims/6b21b6ad-8b1e-49ff-b0e7-706e9eab53e6.md",
      "entity_id": "68c08560176a1e0e8fa3d5af",
      "claim_type": "decision"
    }
  },
  {
    "ts": "2026-04-28T15:10:42.559425+00:00",
    "source": "trello",
    "action": "wiki_v2_claim_written",
    "data": {
      "claim_id": "def81423-eee0-47e3-bf43-ffdcd3c119d8",
      "blob_path": "memory/vault/claims/def81423-eee0-47e3-bf43-ffdcd3c119d8.md",
      "entity_id": "68c08560176a1e0e8fa3d5af",
      "claim_type": "linkage"
    }
  },
  {
    "ts": "2026-04-28T15:10:42.585165+00:00",
    "source": "trello",
    "action": "wiki_v2_event_processed",
    "data": {
      "event_key": "trello:68c0872c9a790336839d3747",
      "claims_written": 3,
      "claims_superseded": 0,
      "decision_keys_persisted": 0,
      "linkage_keys_persisted": 1
    }
  },
  {
    "ts": "2026-04-28T15:10:42.642305+00:00",
    "source": "trello",
    "action": "event_processed",
    "data": {
      "event_key": "trello:68c0872c9a790336839d3747",
      "content_key": "trello:68c08560176a1e0e8fa3d5af:dbcfcc488590dc8d1e7e42a4fbba12555c5b882ab4bd58b520f80b03a1cf23a2"
    }
  },
  {
    "ts": "2026-04-28T15:10:43.129222+00:00",
    "source": "trello",
    "action": "wiki_v2_claim_written",
    "data": {
      "claim_id": "29de66d3-3d83-4cd3-84fd-71937329f90c",
      "blob_path": "memory/vault/claims/29de66d3-3d83-4cd3-84fd-71937329f90c.md",
      "entity_id": "68c08560176a1e0e8fa3d5af",
      "claim_type": "status"
    }
  },
  {
    "ts": "2026-04-28T15:10:43.148677+00:00",
    "source": "trello",
    "action": "wiki_v2_claim_written",
    "data": {
      "claim_id": "f5a7fcec-db62-4a13-a0ed-cd1fcdf7af26",
      "blob_path": "memory/vault/claims/f5a7fcec-db62-4a13-a0ed-cd1fcdf7af26.md",
      "entity_id": "68c08560176a1e0e8fa3d5af",
      "claim_type": "decision"
    }
  },
  {
    "ts": "2026-04-28T15:10:43.167010+00:00",
    "source": "trello",
    "action": "wiki_v2_claim_written",
    "data": {
      "claim_id": "e85d6c6f-7661-4e21-ae2f-beb845396061",
      "blob_path": "memory/vault/claims/e85d6c6f-7661-4e21-ae2f-beb845396061.md",
      "entity_id": "68c08560176a1e0e8fa3d5af",
      "claim_type": "linkage"
    }
  },
  {
    "ts": "2026-04-28T15:10:43.199212+00:00",
    "source": "trello",
    "action": "wiki_v2_event_processed",
    "data": {
      "event_key": "trello:68c0868ba49067dbbd18addd",
      "claims_written": 3,
      "claims_superseded": 0,
      "decision_keys_persisted": 0,
      "linkage_keys_persisted": 0
    }
  },
  {
    "ts": "2026-04-28T15:10:43.239265+00:00",
    "source": "trello",
    "action": "event_processed",
    "data": {
      "event_key": "trello:68c0868ba49067dbbd18addd",
      "content_key": "trello:68c08560176a1e0e8fa3d5af:8ddad247e727202f3d6a9e730a8c442719a213fed0b4e69203bfd25f83c82737"
    }
  },
  {
    "ts": "2026-04-28T15:10:43.729696+00:00",
    "source": "trello",
    "action": "wiki_v2_claim_written",
    "data": {
      "claim_id": "0e583d2f-35ad-41cb-ba54-af99efb157dd",
      "blob_path": "memory/vault/claims/0e583d2f-35ad-41cb-ba54-af99efb157dd.md",
      "entity_id": "68c08560176a1e0e8fa3d5af",
      "claim_type": "status"
    }
  },
  {
    "ts": "2026-04-28T15:10:43.737887+00:00",
    "source": "trello",
    "action": "wiki_v2_claim_written",
    "data": {
      "claim_id": "9011464f-f0ce-419b-be48-8b5df6456ea9",
      "blob_path": "memory/vault/claims/9011464f-f0ce-419b-be48-8b5df6456ea9.md",
      "entity_id": "68c08560176a1e0e8fa3d5af",
      "claim_type": "decision"
    }
  },
  {
    "ts": "2026-04-28T15:10:43.743745+00:00",
    "source": "trello",
    "action": "wiki_v2_claim_written",
    "data": {
      "claim_id": "2e7d9479-5c25-4c0c-aa57-4264402ae94b",
      "blob_path": "memory/vault/claims/2e7d9479-5c25-4c0c-aa57-4264402ae94b.md",
      "entity_id": "68c08560176a1e0e8fa3d5af",
      "claim_type": "linkage"
    }
  },
  {
    "ts": "2026-04-28T15:10:43.759379+00:00",
    "source": "trello",
    "action": "wiki_v2_event_processed",
    "data": {
      "event_key": "trello:68c08563f0751f791a71fa2a",
      "claims_written": 3,
      "claims_superseded": 0,
      "decision_keys_persisted": 0,
      "linkage_keys_persisted": 0
    }
  },
  {
    "ts": "2026-04-28T15:10:43.786696+00:00",
    "source": "trello",
    "action": "event_processed",
    "data": {
      "event_key": "trello:68c08563f0751f791a71fa2a",
      "content_key": "trello:68c08560176a1e0e8fa3d5af:10e02f08f3d249115ded5b2298521d72a59e771ab2428d0f02b47bb66cc8c5fc"
    }
  },
  {
    "ts": "2026-04-28T15:10:44.272694+00:00",
    "source": "trello",
    "action": "wiki_v2_claim_written",
    "data": {
      "claim_id": "80c5c344-4221-4ef4-980c-013f83863ba7",
      "blob_path": "memory/vault/claims/80c5c344-4221-4ef4-980c-013f83863ba7.md",
      "entity_id": "68c08560176a1e0e8fa3d5af",
      "claim_type": "status"
    }
  },
  {
    "ts": "2026-04-28T15:10:44.285421+00:00",
    "source": "trello",
    "action": "wiki_v2_claim_written",
    "data": {
      "claim_id": "2313bba5-1177-40d2-b9bb-cb1eee6a9bda",
      "blob_path": "memory/vault/claims/2313bba5-1177-40d2-b9bb-cb1eee6a9bda.md",
      "entity_id": "68c08560176a1e0e8fa3d5af",
      "claim_type": "decision"
    }
  },
  {
    "ts": "2026-04-28T15:10:44.293617+00:00",
    "source": "trello",
    "action": "wiki_v2_claim_written",
    "data": {
      "claim_id": "dac85977-f691-42a2-ad39-3e2b31263a79",
      "blob_path": "memory/vault/claims/dac85977-f691-42a2-ad39-3e2b31263a79.md",
      "entity_id": "68c08560176a1e0e8fa3d5af",
      "claim_type": "linkage"
    }
  },
  {
    "ts": "2026-04-28T15:10:44.312374+00:00",
    "source": "trello",
    "action": "wiki_v2_event_processed",
    "data": {
      "event_key": "trello:68c08560176a1e0e8fa3d5d7",
      "claims_written": 3,
      "claims_superseded": 0,
      "decision_keys_persisted": 0,
      "linkage_keys_persisted": 0
    }
  },
  {
    "ts": "2026-04-28T15:10:44.347296+00:00",
    "source": "trello",
    "action": "event_processed",
    "data": {
      "event_key": "trello:68c08560176a1e0e8fa3d5d7",
      "content_key": "trello:68c08560176a1e0e8fa3d5af:becf5ceb597cb8c7136255bab2b87867f2d4b076f57a6f0ed482b43a7029ce55"
    }
  },
  {
    "ts": "2026-04-28T15:10:44.814745+00:00",
    "source": "trello",
    "action": "wiki_v2_claim_written",
    "data": {
      "claim_id": "0be58293-70d9-4ce9-ac43-3e197da4cbd3",
      "blob_path": "memory/vault/claims/0be58293-70d9-4ce9-ac43-3e197da4cbd3.md",
      "entity_id": "6697cfc054319d38a90161f0",
      "claim_type": "status"
    }
  },
  {
    "ts": "2026-04-28T15:10:44.820819+00:00",
    "source": "trello",
    "action": "wiki_v2_claim_written",
    "data": {
      "claim_id": "ab131d18-b2a5-4185-ab2a-f5ac4efabaf2",
      "blob_path": "memory/vault/claims/ab131d18-b2a5-4185-ab2a-f5ac4efabaf2.md",
      "entity_id": "6697cfc054319d38a90161f0",
      "claim_type": "decision"
    }
  },
  {
    "ts": "2026-04-28T15:10:44.841770+00:00",
    "source": "trello",
    "action": "wiki_v2_claim_written",
    "data": {
      "claim_id": "3099f8d6-d955-4e81-a665-dd7b693064e5",
      "blob_path": "memory/vault/claims/3099f8d6-d955-4e81-a665-dd7b693064e5.md",
      "entity_id": "6697cfc054319d38a90161f0",
      "claim_type": "linkage"
    }
  },
  {
    "ts": "2026-04-28T15:10:44.865772+00:00",
    "source": "trello",
    "action": "wiki_v2_event_processed",
    "data": {
      "event_key": "trello:68b73e796b749bbc533c04e5",
      "claims_written": 3,
      "claims_superseded": 0,
      "decision_keys_persisted": 0,
      "linkage_keys_persisted": 1
    }
  },
  {
    "ts": "2026-04-28T15:10:44.911771+00:00",
    "source": "trello",
    "action": "event_processed",
    "data": {
      "event_key": "trello:68b73e796b749bbc533c04e5",
      "content_key": "trello:6697cfc054319d38a90161f0:b18f667b9110f2e04c12c5db11dc5cea7ce5f901dab854d44fd6edccb4a5332d"
    }
  },
  {
    "ts": "2026-04-28T15:10:45.437147+00:00",
    "source": "trello",
    "action": "wiki_v2_claim_written",
    "data": {
      "claim_id": "e052c11e-e7c6-49b1-b49b-7e90f34c8019",
      "blob_path": "memory/vault/claims/e052c11e-e7c6-49b1-b49b-7e90f34c8019.md",
      "entity_id": "6697cfc054319d38a90161f0",
      "claim_type": "status"
    }
  },
  {
    "ts": "2026-04-28T15:10:45.445828+00:00",
    "source": "trello",
    "action": "wiki_v2_claim_written",
    "data": {
      "claim_id": "7c672baa-3272-4164-9d0b-82b37c212bf2",
      "blob_path": "memory/vault/claims/7c672baa-3272-4164-9d0b-82b37c212bf2.md",
      "entity_id": "6697cfc054319d38a90161f0",
      "claim_type": "decision"
    }
  },
  {
    "ts": "2026-04-28T15:10:45.454197+00:00",
    "source": "trello",
    "action": "wiki_v2_claim_written",
    "data": {
      "claim_id": "6fca8e62-8aa5-4c36-8e7c-b687778ad47c",
      "blob_path": "memory/vault/claims/6fca8e62-8aa5-4c36-8e7c-b687778ad47c.md",
      "entity_id": "6697cfc054319d38a90161f0",
      "claim_type": "linkage"
    }
  },
  {
    "ts": "2026-04-28T15:10:45.478029+00:00",
    "source": "trello",
    "action": "wiki_v2_event_processed",
    "data": {
      "event_key": "trello:68b73e79ea27aac04d872fbe",
      "claims_written": 3,
      "claims_superseded": 0,
      "decision_keys_persisted": 0,
      "linkage_keys_persisted": 0
    }
  },
  {
    "ts": "2026-04-28T15:10:45.521415+00:00",
    "source": "trello",
    "action": "event_processed",
    "data": {
      "event_key": "trello:68b73e79ea27aac04d872fbe",
      "content_key": "trello:6697cfc054319d38a90161f0:e324ac7457751900d487f956b8d4024453839f462488898425e92651673f1f70"
    }
  },
  {
    "ts": "2026-04-28T15:10:46.036116+00:00",
    "source": "trello",
    "action": "wiki_v2_claim_written",
    "data": {
      "claim_id": "90e0c72d-4cd5-4887-ba59-62f910245284",
      "blob_path": "memory/vault/claims/90e0c72d-4cd5-4887-ba59-62f910245284.md",
      "entity_id": "6697cfc054319d38a90161f0",
      "claim_type": "status"
    }
  },
  {
    "ts": "2026-04-28T15:10:46.068586+00:00",
    "source": "trello",
    "action": "wiki_v2_event_processed",
    "data": {
      "event_key": "trello:68b73e79ea27aac04d872f9d",
      "claims_written": 1,
      "claims_superseded": 0,
      "decision_keys_persisted": 0,
      "linkage_keys_persisted": 0
    }
  },
  {
    "ts": "2026-04-28T15:10:46.152824+00:00",
    "source": "trello",
    "action": "event_processed",
    "data": {
      "event_key": "trello:68b73e79ea27aac04d872f9d",
      "content_key": "trello:6697cfc054319d38a90161f0:b236074b56fc8640b854d4a054196d59db79dd0237189044c8730b73ee91ab13"
    }
  },
  {
    "ts": "2026-04-28T15:10:46.703254+00:00",
    "source": "trello",
    "action": "wiki_v2_claim_written",
    "data": {
      "claim_id": "578e00f6-f29e-462c-84d7-cfd170568676",
      "blob_path": "memory/vault/claims/578e00f6-f29e-462c-84d7-cfd170568676.md",
      "entity_id": "6697cdb1b388dea00a594cee",
      "claim_type": "status"
    }
  },
  {
    "ts": "2026-04-28T15:10:46.710096+00:00",
    "source": "trello",
    "action": "wiki_v2_claim_written",
    "data": {
      "claim_id": "2cb1468e-2b93-4b29-ab0d-2db66ee050d2",
      "blob_path": "memory/vault/claims/2cb1468e-2b93-4b29-ab0d-2db66ee050d2.md",
      "entity_id": "6697cdb1b388dea00a594cee",
      "claim_type": "decision"
    }
  },
  {
    "ts": "2026-04-28T15:10:46.753918+00:00",
    "source": "trello",
    "action": "wiki_v2_claim_written",
    "data": {
      "claim_id": "e0875ed6-101a-44c3-b6d9-980e246956d2",
      "blob_path": "memory/vault/claims/e0875ed6-101a-44c3-b6d9-980e246956d2.md",
      "entity_id": "6697cdb1b388dea00a594cee",
      "claim_type": "linkage"
    }
  },
  {
    "ts": "2026-04-28T15:10:46.814185+00:00",
    "source": "trello",
    "action": "wiki_v2_event_processed",
    "data": {
      "event_key": "trello:68b73e770efea634bb3adfc4",
      "claims_written": 3,
      "claims_superseded": 0,
      "decision_keys_persisted": 0,
      "linkage_keys_persisted": 1
    }
  },
  {
    "ts": "2026-04-28T15:10:46.875005+00:00",
    "source": "trello",
    "action": "event_processed",
    "data": {
      "event_key": "trello:68b73e770efea634bb3adfc4",
      "content_key": "trello:6697cdb1b388dea00a594cee:c3b2ef9c6d3b08fab9dc6a1b7bd05430f249af8e9ae9c175cdbe4262761f6cb8"
    }
  },
  {
    "ts": "2026-04-28T15:10:47.354363+00:00",
    "source": "trello",
    "action": "wiki_v2_claim_written",
    "data": {
      "claim_id": "6d457168-be30-4257-8f27-625d96c9e585",
      "blob_path": "memory/vault/claims/6d457168-be30-4257-8f27-625d96c9e585.md",
      "entity_id": "6697cdb1b388dea00a594cee",
      "claim_type": "status"
    }
  },
  {
    "ts": "2026-04-28T15:10:47.363825+00:00",
    "source": "trello",
    "action": "wiki_v2_claim_written",
    "data": {
      "claim_id": "0602eb1f-b70b-4d6e-bd07-2f0891e4aca3",
      "blob_path": "memory/vault/claims/0602eb1f-b70b-4d6e-bd07-2f0891e4aca3.md",
      "entity_id": "6697cdb1b388dea00a594cee",
      "claim_type": "decision"
    }
  },
  {
    "ts": "2026-04-28T15:10:47.372959+00:00",
    "source": "trello",
    "action": "wiki_v2_claim_written",
    "data": {
      "claim_id": "38a2d09e-0a84-4ff1-9a0d-17888908330a",
      "blob_path": "memory/vault/claims/38a2d09e-0a84-4ff1-9a0d-17888908330a.md",
      "entity_id": "6697cdb1b388dea00a594cee",
      "claim_type": "linkage"
    }
  },
  {
    "ts": "2026-04-28T15:10:47.413642+00:00",
    "source": "trello",
    "action": "wiki_v2_event_processed",
    "data": {
      "event_key": "trello:68b73e7724ff8deaeff2efd5",
      "claims_written": 3,
      "claims_superseded": 0,
      "decision_keys_persisted": 0,
      "linkage_keys_persisted": 0
    }
  },
  {
    "ts": "2026-04-28T15:10:47.470156+00:00",
    "source": "trello",
    "action": "event_processed",
    "data": {
      "event_key": "trello:68b73e7724ff8deaeff2efd5",
      "content_key": "trello:6697cdb1b388dea00a594cee:c18e20e8e232bb8a91b98e5eced083c16d2252da706633d2853beac77cb343a7"
    }
  },
  {
    "ts": "2026-04-28T15:10:47.973157+00:00",
    "source": "trello",
    "action": "wiki_v2_claim_written",
    "data": {
      "claim_id": "fcc5f224-1bde-4222-b034-c6e975f7e730",
      "blob_path": "memory/vault/claims/fcc5f224-1bde-4222-b034-c6e975f7e730.md",
      "entity_id": "6697cdb1b388dea00a594cee",
      "claim_type": "status"
    }
  },
  {
    "ts": "2026-04-28T15:10:48.011573+00:00",
    "source": "trello",
    "action": "wiki_v2_event_processed",
    "data": {
      "event_key": "trello:68b73e7724ff8deaeff2efb4",
      "claims_written": 1,
      "claims_superseded": 0,
      "decision_keys_persisted": 0,
      "linkage_keys_persisted": 0
    }
  },
  {
    "ts": "2026-04-28T15:10:48.055438+00:00",
    "source": "trello",
    "action": "event_processed",
    "data": {
      "event_key": "trello:68b73e7724ff8deaeff2efb4",
      "content_key": "trello:6697cdb1b388dea00a594cee:eb0842c0b31e669ee30b0c5b8b79b5bdee5a0ea790c51722a112610c97c778a9"
    }
  },
  {
    "ts": "2026-04-28T15:10:48.626801+00:00",
    "source": "trello",
    "action": "wiki_v2_claim_written",
    "data": {
      "claim_id": "0b6f584a-2732-47ad-a529-62ec3eac17d2",
      "blob_path": "memory/vault/claims/0b6f584a-2732-47ad-a529-62ec3eac17d2.md",
      "entity_id": "68b73693bcf0f8fb6f8eb700",
      "claim_type": "status"
    }
  },
  {
    "ts": "2026-04-28T15:10:48.636048+00:00",
    "source": "trello",
    "action": "wiki_v2_claim_written",
    "data": {
      "claim_id": "bf98adc1-fef7-4601-8859-5f9034c7dd16",
      "blob_path": "memory/vault/claims/bf98adc1-fef7-4601-8859-5f9034c7dd16.md",
      "entity_id": "68b73693bcf0f8fb6f8eb700",
      "claim_type": "decision"
    }
  },
  {
    "ts": "2026-04-28T15:10:48.662316+00:00",
    "source": "trello",
    "action": "wiki_v2_claim_written",
    "data": {
      "claim_id": "67b97e55-da82-4922-82b0-04d60ab90c94",
      "blob_path": "memory/vault/claims/67b97e55-da82-4922-82b0-04d60ab90c94.md",
      "entity_id": "68b73693bcf0f8fb6f8eb700",
      "claim_type": "linkage"
    }
  },
  {
    "ts": "2026-04-28T15:10:48.679622+00:00",
    "source": "trello",
    "action": "wiki_v2_event_processed",
    "data": {
      "event_key": "trello:68b73e5051599a29a73d247a",
      "claims_written": 3,
      "claims_superseded": 0,
      "decision_keys_persisted": 0,
      "linkage_keys_persisted": 1
    }
  },
  {
    "ts": "2026-04-28T15:10:48.710926+00:00",
    "source": "trello",
    "action": "event_processed",
    "data": {
      "event_key": "trello:68b73e5051599a29a73d247a",
      "content_key": "trello:68b73693bcf0f8fb6f8eb700:ecd63f6b2b4929c85a78db63897d385316c4b2a1272e8053b8ab47a9ce99bf32"
    }
  },
  {
    "ts": "2026-04-28T15:10:49.242754+00:00",
    "source": "trello",
    "action": "wiki_v2_claim_written",
    "data": {
      "claim_id": "f9b4cc3e-748b-4ce2-94e7-ca74606d9e2d",
      "blob_path": "memory/vault/claims/f9b4cc3e-748b-4ce2-94e7-ca74606d9e2d.md",
      "entity_id": "68b73693bcf0f8fb6f8eb700",
      "claim_type": "status"
    }
  },
  {
    "ts": "2026-04-28T15:10:49.249511+00:00",
    "source": "trello",
    "action": "wiki_v2_claim_written",
    "data": {
      "claim_id": "a899b6a8-8a14-4a90-aff6-a34af7da7196",
      "blob_path": "memory/vault/claims/a899b6a8-8a14-4a90-aff6-a34af7da7196.md",
      "entity_id": "68b73693bcf0f8fb6f8eb700",
      "claim_type": "decision"
    }
  },
  {
    "ts": "2026-04-28T15:10:49.255247+00:00",
    "source": "trello",
    "action": "wiki_v2_claim_written",
    "data": {
      "claim_id": "33f95584-91a1-4486-b6f1-36e6a4b659a5",
      "blob_path": "memory/vault/claims/33f95584-91a1-4486-b6f1-36e6a4b659a5.md",
      "entity_id": "68b73693bcf0f8fb6f8eb700",
      "claim_type": "linkage"
    }
  },
  {
    "ts": "2026-04-28T15:10:49.273917+00:00",
    "source": "trello",
    "action": "wiki_v2_event_processed",
    "data": {
      "event_key": "trello:68b73e50cd0a461695e6c56d",
      "claims_written": 3,
      "claims_superseded": 0,
      "decision_keys_persisted": 0,
      "linkage_keys_persisted": 0
    }
  },
  {
    "ts": "2026-04-28T15:10:49.359239+00:00",
    "source": "trello",
    "action": "event_processed",
    "data": {
      "event_key": "trello:68b73e50cd0a461695e6c56d",
      "content_key": "trello:68b73693bcf0f8fb6f8eb700:d7f72f624c817b0878c1f349a4e01c07b7e7c73efcf874669b6f63f078eb7a69"
    }
  },
  {
    "ts": "2026-04-28T15:10:49.847148+00:00",
    "source": "trello",
    "action": "wiki_v2_claim_written",
    "data": {
      "claim_id": "d618d6cb-fca4-4c80-9720-c712a778c9b0",
      "blob_path": "memory/vault/claims/d618d6cb-fca4-4c80-9720-c712a778c9b0.md",
      "entity_id": "68b73693bcf0f8fb6f8eb700",
      "claim_type": "status"
    }
  },
  {
    "ts": "2026-04-28T15:10:49.869587+00:00",
    "source": "trello",
    "action": "wiki_v2_event_processed",
    "data": {
      "event_key": "trello:68b73e50cd0a461695e6c54e",
      "claims_written": 1,
      "claims_superseded": 0,
      "decision_keys_persisted": 0,
      "linkage_keys_persisted": 0
    }
  },
  {
    "ts": "2026-04-28T15:10:49.910592+00:00",
    "source": "trello",
    "action": "event_processed",
    "data": {
      "event_key": "trello:68b73e50cd0a461695e6c54e",
      "content_key": "trello:68b73693bcf0f8fb6f8eb700:26b3a649224c4312b759351bd54a59e1804ed5d2a034ff83fbc7525c8af46383"
    }
  },
  {
    "ts": "2026-04-28T15:10:50.467945+00:00",
    "source": "trello",
    "action": "wiki_v2_claim_written",
    "data": {
      "claim_id": "c4076e7e-d684-4ba1-861f-17db939b8100",
      "blob_path": "memory/vault/claims/c4076e7e-d684-4ba1-861f-17db939b8100.md",
      "entity_id": "68b73693bcf0f8fb6f8eb700",
      "claim_type": "status"
    }
  },
  {
    "ts": "2026-04-28T15:10:50.526617+00:00",
    "source": "trello",
    "action": "wiki_v2_event_processed",
    "data": {
      "event_key": "trello:68b736a7084d6ae5d8ee8924",
      "claims_written": 1,
      "claims_superseded": 0,
      "decision_keys_persisted": 0,
      "linkage_keys_persisted": 0
    }
  },
  {
    "ts": "2026-04-28T15:10:50.638648+00:00",
    "source": "trello",
    "action": "event_processed",
    "data": {
      "event_key": "trello:68b736a7084d6ae5d8ee8924",
      "content_key": "trello:68b73693bcf0f8fb6f8eb700:c73b82838ff8c7eb1cc913cb55907d047a1e31e112f6182bf01fb4e6e2add17d"
    }
  },
  {
    "ts": "2026-04-28T15:10:51.150479+00:00",
    "source": "trello",
    "action": "wiki_v2_claim_written",
    "data": {
      "claim_id": "84c6154d-ea23-4be8-847e-34b4755cfb73",
      "blob_path": "memory/vault/claims/84c6154d-ea23-4be8-847e-34b4755cfb73.md",
      "entity_id": "68b73693bcf0f8fb6f8eb700",
      "claim_type": "status"
    }
  },
  {
    "ts": "2026-04-28T15:10:51.222967+00:00",
    "source": "trello",
    "action": "wiki_v2_event_processed",
    "data": {
      "event_key": "trello:68b736a7084d6ae5d8ee8919",
      "claims_written": 1,
      "claims_superseded": 0,
      "decision_keys_persisted": 0,
      "linkage_keys_persisted": 0
    }
  },
  {
    "ts": "2026-04-28T15:10:51.346835+00:00",
    "source": "trello",
    "action": "event_processed",
    "data": {
      "event_key": "trello:68b736a7084d6ae5d8ee8919",
      "content_key": "trello:68b73693bcf0f8fb6f8eb700:8caad46149f2f6f705eb8e8f5ce43f3ffbf6df8cc02e4b50ce6519cc357500ad"
    }
  },
  {
    "ts": "2026-04-28T15:10:52.014129+00:00",
    "source": "trello",
    "action": "wiki_v2_claim_written",
    "data": {
      "claim_id": "a8965144-e5c2-4489-95e6-b637c7616e64",
      "blob_path": "memory/vault/claims/a8965144-e5c2-4489-95e6-b637c7616e64.md",
      "entity_id": "68b73693bcf0f8fb6f8eb700",
      "claim_type": "status"
    }
  },
  {
    "ts": "2026-04-28T15:10:52.075729+00:00",
    "source": "trello",
    "action": "wiki_v2_event_processed",
    "data": {
      "event_key": "trello:68b73693bcf0f8fb6f8eb727",
      "claims_written": 1,
      "claims_superseded": 0,
      "decision_keys_persisted": 0,
      "linkage_keys_persisted": 0
    }
  },
  {
    "ts": "2026-04-28T15:10:52.124481+00:00",
    "source": "trello",
    "action": "event_processed",
    "data": {
      "event_key": "trello:68b73693bcf0f8fb6f8eb727",
      "content_key": "trello:68b73693bcf0f8fb6f8eb700:6f3f10b554e1fda01aee42e135186b103def0906018187dfb0c13f85ecf12841"
    }
  },
  {
    "ts": "2026-04-28T15:10:52.660860+00:00",
    "source": "trello",
    "action": "wiki_v2_claim_written",
    "data": {
      "claim_id": "5cb716da-bf4a-4332-ac7b-188ba8530a32",
      "blob_path": "memory/vault/claims/5cb716da-bf4a-4332-ac7b-188ba8530a32.md",
      "entity_id": "6697cfc054319d38a90161f0",
      "claim_type": "status"
    }
  },
  {
    "ts": "2026-04-28T15:10:52.686984+00:00",
    "source": "trello",
    "action": "wiki_v2_event_processed",
    "data": {
      "event_key": "trello:6697eaa53dd0f1dbe8a72dbe",
      "claims_written": 1,
      "claims_superseded": 0,
      "decision_keys_persisted": 0,
      "linkage_keys_persisted": 0
    }
  },
  {
    "ts": "2026-04-28T15:10:52.748891+00:00",
    "source": "trello",
    "action": "event_processed",
    "data": {
      "event_key": "trello:6697eaa53dd0f1dbe8a72dbe",
      "content_key": "trello:6697cfc054319d38a90161f0:7e8c68c17924951f6de46424083818ee7c8228b533b1c03b7a939a5e24c7631c"
    }
  },
  {
    "ts": "2026-04-28T15:10:53.256008+00:00",
    "source": "trello",
    "action": "wiki_v2_claim_written",
    "data": {
      "claim_id": "648e6014-05c0-41b5-8a0d-f4810f98602f",
      "blob_path": "memory/vault/claims/648e6014-05c0-41b5-8a0d-f4810f98602f.md",
      "entity_id": "6697cdb1b388dea00a594cee",
      "claim_type": "status"
    }
  },
  {
    "ts": "2026-04-28T15:10:53.279423+00:00",
    "source": "trello",
    "action": "wiki_v2_event_processed",
    "data": {
      "event_key": "trello:6697eaa13775d24066fe2c7a",
      "claims_written": 1,
      "claims_superseded": 0,
      "decision_keys_persisted": 0,
      "linkage_keys_persisted": 0
    }
  },
  {
    "ts": "2026-04-28T15:10:53.321801+00:00",
    "source": "trello",
    "action": "event_processed",
    "data": {
      "event_key": "trello:6697eaa13775d24066fe2c7a",
      "content_key": "trello:6697cdb1b388dea00a594cee:8be67a55befc387ba1676934fc0341ed063cd51b1593dc724876ae1a8b1affa8"
    }
  },
  {
    "ts": "2026-04-28T15:10:53.823761+00:00",
    "source": "trello",
    "action": "wiki_v2_claim_written",
    "data": {
      "claim_id": "3283780b-1a25-4c9f-a032-9f05e89924f8",
      "blob_path": "memory/vault/claims/3283780b-1a25-4c9f-a032-9f05e89924f8.md",
      "entity_id": "6697cdb1b388dea00a594ce6",
      "claim_type": "status"
    }
  },
  {
    "ts": "2026-04-28T15:10:53.852445+00:00",
    "source": "trello",
    "action": "wiki_v2_event_processed",
    "data": {
      "event_key": "trello:6697ea87ab2a16feabc5157c",
      "claims_written": 1,
      "claims_superseded": 0,
      "decision_keys_persisted": 0,
      "linkage_keys_persisted": 0
    }
  },
  {
    "ts": "2026-04-28T15:10:53.888767+00:00",
    "source": "trello",
    "action": "event_processed",
    "data": {
      "event_key": "trello:6697ea87ab2a16feabc5157c",
      "content_key": "trello:6697cdb1b388dea00a594ce6:98d2048cc65fb1cb456bcfd8faa861c0d92636dd4606b9be8630c3d94b2e24e4"
    }
  },
  {
    "ts": "2026-04-28T15:10:54.370723+00:00",
    "source": "trello",
    "action": "wiki_v2_claim_written",
    "data": {
      "claim_id": "336b04d3-634c-4dda-8ad4-ab67551ad425",
      "blob_path": "memory/vault/claims/336b04d3-634c-4dda-8ad4-ab67551ad425.md",
      "entity_id": "6697cdb1b388dea00a594cea",
      "claim_type": "status"
    }
  },
  {
    "ts": "2026-04-28T15:10:54.408868+00:00",
    "source": "trello",
    "action": "wiki_v2_event_processed",
    "data": {
      "event_key": "trello:6697ea80076518cc438ec7de",
      "claims_written": 1,
      "claims_superseded": 0,
      "decision_keys_persisted": 0,
      "linkage_keys_persisted": 0
    }
  },
  {
    "ts": "2026-04-28T15:10:54.463816+00:00",
    "source": "trello",
    "action": "event_processed",
    "data": {
      "event_key": "trello:6697ea80076518cc438ec7de",
      "content_key": "trello:6697cdb1b388dea00a594cea:a5dd670c9c5d9807af3a1a87d1c3492ac8dd095fabd46a1e1d7cf14461d7907f"
    }
  },
  {
    "ts": "2026-04-28T15:10:54.923987+00:00",
    "source": "trello",
    "action": "wiki_v2_claim_written",
    "data": {
      "claim_id": "603dffee-2379-4853-9382-d6c83dd21b8c",
      "blob_path": "memory/vault/claims/603dffee-2379-4853-9382-d6c83dd21b8c.md",
      "entity_id": "6697cdb1b388dea00a594ce8",
      "claim_type": "status"
    }
  },
  {
    "ts": "2026-04-28T15:10:54.941222+00:00",
    "source": "trello",
    "action": "wiki_v2_event_processed",
    "data": {
      "event_key": "trello:6697ea7ee8e6da29ebd5a675",
      "claims_written": 1,
      "claims_superseded": 0,
      "decision_keys_persisted": 0,
      "linkage_keys_persisted": 0
    }
  },
  {
    "ts": "2026-04-28T15:10:54.982977+00:00",
    "source": "trello",
    "action": "event_processed",
    "data": {
      "event_key": "trello:6697ea7ee8e6da29ebd5a675",
      "content_key": "trello:6697cdb1b388dea00a594ce8:90d55aaf0369410feea92e5c2c3c8b291642d2ce7688444f39021c202e780594"
    }
  },
  {
    "ts": "2026-04-28T15:10:55.466737+00:00",
    "source": "trello",
    "action": "wiki_v2_claim_written",
    "data": {
      "claim_id": "238749df-19ef-4ef9-9b14-1002b5742a95",
      "blob_path": "memory/vault/claims/238749df-19ef-4ef9-9b14-1002b5742a95.md",
      "entity_id": "6697cfc054319d38a90161f0",
      "claim_type": "status"
    }
  },
  {
    "ts": "2026-04-28T15:10:55.490108+00:00",
    "source": "trello",
    "action": "wiki_v2_event_processed",
    "data": {
      "event_key": "trello:6697d03675e9d94e19b4c0c4",
      "claims_written": 1,
      "claims_superseded": 0,
      "decision_keys_persisted": 0,
      "linkage_keys_persisted": 0
    }
  },
  {
    "ts": "2026-04-28T15:10:55.544602+00:00",
    "source": "trello",
    "action": "event_processed",
    "data": {
      "event_key": "trello:6697d03675e9d94e19b4c0c4",
      "content_key": "trello:6697cfc054319d38a90161f0:8d0c692a1c6fd3c023d193dafd95d377c2308655c21f67a89a09085d17ac623d"
    }
  },
  {
    "ts": "2026-04-28T15:10:56.056063+00:00",
    "source": "trello",
    "action": "wiki_v2_claim_written",
    "data": {
      "claim_id": "af0eb5de-407d-472b-a391-2045becd2f39",
      "blob_path": "memory/vault/claims/af0eb5de-407d-472b-a391-2045becd2f39.md",
      "entity_id": "6697cfc054319d38a90161f0",
      "claim_type": "status"
    }
  },
  {
    "ts": "2026-04-28T15:10:56.102402+00:00",
    "source": "trello",
    "action": "wiki_v2_event_processed",
    "data": {
      "event_key": "trello:6697cfc655c2d56706cd1261",
      "claims_written": 1,
      "claims_superseded": 0,
      "decision_keys_persisted": 0,
      "linkage_keys_persisted": 0
    }
  },
  {
    "ts": "2026-04-28T15:10:56.183043+00:00",
    "source": "trello",
    "action": "event_processed",
    "data": {
      "event_key": "trello:6697cfc655c2d56706cd1261",
      "content_key": "trello:6697cfc054319d38a90161f0:42a3b3dc290ee4a6c21dc96279335f3825a01996ac8652796913023ac3427f00"
    }
  },
  {
    "ts": "2026-04-28T15:10:56.679258+00:00",
    "source": "trello",
    "action": "wiki_v2_claim_written",
    "data": {
      "claim_id": "8c3f9f6c-2b2b-4dce-b01b-fa76020d0a65",
      "blob_path": "memory/vault/claims/8c3f9f6c-2b2b-4dce-b01b-fa76020d0a65.md",
      "entity_id": "6697cfc054319d38a90161f0",
      "claim_type": "status"
    }
  },
  {
    "ts": "2026-04-28T15:10:56.699068+00:00",
    "source": "trello",
    "action": "wiki_v2_event_processed",
    "data": {
      "event_key": "trello:6697cfc054319d38a9016207",
      "claims_written": 1,
      "claims_superseded": 0,
      "decision_keys_persisted": 0,
      "linkage_keys_persisted": 0
    }
  },
  {
    "ts": "2026-04-28T15:10:56.739693+00:00",
    "source": "trello",
    "action": "event_processed",
    "data": {
      "event_key": "trello:6697cfc054319d38a9016207",
      "content_key": "trello:6697cfc054319d38a90161f0:2f6be446eec2e55b64c89b8eef38a1a32e488cfb9f83d5cea27bb49a242bd690"
    }
  },
  {
    "ts": "2026-04-28T15:10:57.242090+00:00",
    "source": "trello",
    "action": "wiki_v2_claim_written",
    "data": {
      "claim_id": "d09e6d3a-4e2d-4230-8c3e-e348b2bef2aa",
      "blob_path": "memory/vault/claims/d09e6d3a-4e2d-4230-8c3e-e348b2bef2aa.md",
      "entity_id": "6697cdb1b388dea00a594cee",
      "claim_type": "status"
    }
  },
  {
    "ts": "2026-04-28T15:10:57.275060+00:00",
    "source": "trello",
    "action": "wiki_v2_event_processed",
    "data": {
      "event_key": "trello:6697cf971088eaf726f294a5",
      "claims_written": 1,
      "claims_superseded": 0,
      "decision_keys_persisted": 0,
      "linkage_keys_persisted": 0
    }
  },
  {
    "ts": "2026-04-28T15:10:57.323958+00:00",
    "source": "trello",
    "action": "event_processed",
    "data": {
      "event_key": "trello:6697cf971088eaf726f294a5",
      "content_key": "trello:6697cdb1b388dea00a594cee:e6865f7c173bfc6e074cb0b2d69190f2af7cc59a2f95a3e4cad41851d5dab129"
    }
  },
  {
    "ts": "2026-04-28T15:10:57.813949+00:00",
    "source": "trello",
    "action": "wiki_v2_claim_written",
    "data": {
      "claim_id": "31287dea-e41f-48d0-a5d8-2ff3a7121d5e",
      "blob_path": "memory/vault/claims/31287dea-e41f-48d0-a5d8-2ff3a7121d5e.md",
      "entity_id": "6697cdb1b388dea00a594cee",
      "claim_type": "status"
    }
  },
  {
    "ts": "2026-04-28T15:10:57.830799+00:00",
    "source": "trello",
    "action": "wiki_v2_event_processed",
    "data": {
      "event_key": "trello:6697cf5eb512f11580ecda73",
      "claims_written": 1,
      "claims_superseded": 0,
      "decision_keys_persisted": 0,
      "linkage_keys_persisted": 0
    }
  },
  {
    "ts": "2026-04-28T15:10:57.869129+00:00",
    "source": "trello",
    "action": "event_processed",
    "data": {
      "event_key": "trello:6697cf5eb512f11580ecda73",
      "content_key": "trello:6697cdb1b388dea00a594cee:eb69647323cf7596afc553277680610021a830c853e05aa499af093d47e9aeae"
    }
  },
  {
    "ts": "2026-04-28T15:10:58.391430+00:00",
    "source": "trello",
    "action": "wiki_v2_claim_written",
    "data": {
      "claim_id": "6b6fe709-4e78-4c0f-bc67-edbb6b204ad2",
      "blob_path": "memory/vault/claims/6b6fe709-4e78-4c0f-bc67-edbb6b204ad2.md",
      "entity_id": "6697cdb1b388dea00a594cee",
      "claim_type": "status"
    }
  },
  {
    "ts": "2026-04-28T15:10:58.433389+00:00",
    "source": "trello",
    "action": "wiki_v2_event_processed",
    "data": {
      "event_key": "trello:6697ce17aa90933f19a43062",
      "claims_written": 1,
      "claims_superseded": 0,
      "decision_keys_persisted": 0,
      "linkage_keys_persisted": 0
    }
  },
  {
    "ts": "2026-04-28T15:10:58.509228+00:00",
    "source": "trello",
    "action": "event_processed",
    "data": {
      "event_key": "trello:6697ce17aa90933f19a43062",
      "content_key": "trello:6697cdb1b388dea00a594cee:f6e4fb3cdb62eb00694a103052a7de352157d63aca05d709348a6f0d4287991b"
    }
  },
  {
    "ts": "2026-04-28T15:10:59.043793+00:00",
    "source": "trello",
    "action": "wiki_v2_claim_written",
    "data": {
      "claim_id": "8caca826-1906-43ba-b06e-0daac3b476c7",
      "blob_path": "memory/vault/claims/8caca826-1906-43ba-b06e-0daac3b476c7.md",
      "entity_id": "6697cdb1b388dea00a594cee",
      "claim_type": "status"
    }
  },
  {
    "ts": "2026-04-28T15:10:59.060969+00:00",
    "source": "trello",
    "action": "wiki_v2_event_processed",
    "data": {
      "event_key": "trello:6697ce164583240515b89f75",
      "claims_written": 1,
      "claims_superseded": 0,
      "decision_keys_persisted": 0,
      "linkage_keys_persisted": 0
    }
  },
  {
    "ts": "2026-04-28T15:10:59.104808+00:00",
    "source": "trello",
    "action": "event_processed",
    "data": {
      "event_key": "trello:6697ce164583240515b89f75",
      "content_key": "trello:6697cdb1b388dea00a594cee:f6e03d919514bcee16c9cd8ab4d4db12b7103b0baa0fc8f875bce503bdaaa240"
    }
  },
  {
    "ts": "2026-04-28T15:10:59.658364+00:00",
    "source": "trello",
    "action": "wiki_v2_claim_written",
    "data": {
      "claim_id": "d0ecde76-4d18-4dc2-935d-11ebd1e4b5de",
      "blob_path": "memory/vault/claims/d0ecde76-4d18-4dc2-935d-11ebd1e4b5de.md",
      "entity_id": "6697cdb1b388dea00a594cee",
      "claim_type": "status"
    }
  },
  {
    "ts": "2026-04-28T15:10:59.688054+00:00",
    "source": "trello",
    "action": "wiki_v2_event_processed",
    "data": {
      "event_key": "trello:6697ce151aa89bf15b36155a",
      "claims_written": 1,
      "claims_superseded": 0,
      "decision_keys_persisted": 0,
      "linkage_keys_persisted": 0
    }
  },
  {
    "ts": "2026-04-28T15:10:59.740546+00:00",
    "source": "trello",
    "action": "event_processed",
    "data": {
      "event_key": "trello:6697ce151aa89bf15b36155a",
      "content_key": "trello:6697cdb1b388dea00a594cee:be6ee31a669b079b5befce8a242c1b685456e29e982ab2981a872c31e29a4a5d"
    }
  },
  {
    "ts": "2026-04-28T15:11:00.257573+00:00",
    "source": "trello",
    "action": "wiki_v2_claim_written",
    "data": {
      "claim_id": "c55fd75e-0ae6-4330-8903-c29a152e49bf",
      "blob_path": "memory/vault/claims/c55fd75e-0ae6-4330-8903-c29a152e49bf.md",
      "entity_id": "6697cdb1b388dea00a594cee",
      "claim_type": "status"
    }
  },
  {
    "ts": "2026-04-28T15:11:00.286340+00:00",
    "source": "trello",
    "action": "wiki_v2_event_processed",
    "data": {
      "event_key": "trello:6697ce10936dfe21a0064e0a",
      "claims_written": 1,
      "claims_superseded": 0,
      "decision_keys_persisted": 0,
      "linkage_keys_persisted": 0
    }
  },
  {
    "ts": "2026-04-28T15:11:00.331751+00:00",
    "source": "trello",
    "action": "event_processed",
    "data": {
      "event_key": "trello:6697ce10936dfe21a0064e0a",
      "content_key": "trello:6697cdb1b388dea00a594cee:70ba9363d809220f3420b4d4f9f4d405a429ae417b3d0e428ac46729ee0d11ea"
    }
  },
  {
    "ts": "2026-04-28T15:11:00.863777+00:00",
    "source": "trello",
    "action": "wiki_v2_claim_written",
    "data": {
      "claim_id": "9008ee8c-8b9d-4381-a69b-5144f647b211",
      "blob_path": "memory/vault/claims/9008ee8c-8b9d-4381-a69b-5144f647b211.md",
      "entity_id": "69f0c26457a5542167ef4302",
      "claim_type": "status"
    }
  },
  {
    "ts": "2026-04-28T15:11:00.899273+00:00",
    "source": "trello",
    "action": "wiki_v2_event_processed",
    "data": {
      "event_key": "trello:69f0c2b308b3f7e44c33ae72",
      "claims_written": 1,
      "claims_superseded": 0,
      "decision_keys_persisted": 0,
      "linkage_keys_persisted": 0
    }
  },
  {
    "ts": "2026-04-28T15:11:00.958683+00:00",
    "source": "trello",
    "action": "event_processed",
    "data": {
      "event_key": "trello:69f0c2b308b3f7e44c33ae72",
      "content_key": "trello:69f0c26457a5542167ef4302:e662b1b53d50b69793b7449521ca3e9d002a49d42d68d667d031b6612b4bc6ef"
    }
  },
  {
    "ts": "2026-04-28T15:11:01.455617+00:00",
    "source": "trello",
    "action": "wiki_v2_claim_written",
    "data": {
      "claim_id": "8fcdf06b-a9ff-4f94-8f07-de9df082d5a8",
      "blob_path": "memory/vault/claims/8fcdf06b-a9ff-4f94-8f07-de9df082d5a8.md",
      "entity_id": "69f0c26457a5542167ef4302",
      "claim_type": "status"
    }
  },
  {
    "ts": "2026-04-28T15:11:01.480230+00:00",
    "source": "trello",
    "action": "wiki_v2_event_processed",
    "data": {
      "event_key": "trello:69f0c2b208b3f7e44c33ae64",
      "claims_written": 1,
      "claims_superseded": 0,
      "decision_keys_persisted": 0,
      "linkage_keys_persisted": 0
    }
  },
  {
    "ts": "2026-04-28T15:11:01.619428+00:00",
    "source": "trello",
    "action": "event_processed",
    "data": {
      "event_key": "trello:69f0c2b208b3f7e44c33ae64",
      "content_key": "trello:69f0c26457a5542167ef4302:a4c2a0520ac75cf9f1e95a875b0334d905617f31266be834f193b86824fdac9d"
    }
  },
  {
    "ts": "2026-04-28T15:11:02.138475+00:00",
    "source": "trello",
    "action": "wiki_v2_claim_written",
    "data": {
      "claim_id": "49f32b11-1c8b-439b-aa80-4856e41d1f02",
      "blob_path": "memory/vault/claims/49f32b11-1c8b-439b-aa80-4856e41d1f02.md",
      "entity_id": "69f0c26457a5542167ef4302",
      "claim_type": "status"
    }
  },
  {
    "ts": "2026-04-28T15:11:02.176737+00:00",
    "source": "trello",
    "action": "wiki_v2_event_processed",
    "data": {
      "event_key": "trello:69f0c279a778cbfcb55faa43",
      "claims_written": 1,
      "claims_superseded": 0,
      "decision_keys_persisted": 0,
      "linkage_keys_persisted": 0
    }
  },
  {
    "ts": "2026-04-28T15:11:02.234128+00:00",
    "source": "trello",
    "action": "event_processed",
    "data": {
      "event_key": "trello:69f0c279a778cbfcb55faa43",
      "content_key": "trello:69f0c26457a5542167ef4302:c943794a6820f06f97118dff708bb14786510e1436f450a8e05fa9069aa2d29c"
    }
  },
  {
    "ts": "2026-04-28T15:11:02.732233+00:00",
    "source": "trello",
    "action": "wiki_v2_claim_written",
    "data": {
      "claim_id": "3748f5bb-4e49-46cf-8b75-03a170044cd1",
      "blob_path": "memory/vault/claims/3748f5bb-4e49-46cf-8b75-03a170044cd1.md",
      "entity_id": "69f0c26457a5542167ef4302",
      "claim_type": "status"
    }
  },
  {
    "ts": "2026-04-28T15:11:02.759254+00:00",
    "source": "trello",
    "action": "wiki_v2_event_processed",
    "data": {
      "event_key": "trello:69f0c272f4ebacd320ba96d4",
      "claims_written": 1,
      "claims_superseded": 0,
      "decision_keys_persisted": 0,
      "linkage_keys_persisted": 0
    }
  },
  {
    "ts": "2026-04-28T15:11:02.812398+00:00",
    "source": "trello",
    "action": "event_processed",
    "data": {
      "event_key": "trello:69f0c272f4ebacd320ba96d4",
      "content_key": "trello:69f0c26457a5542167ef4302:87da1e7a0196301f4fdcd0490c84eb6be4c7a79acc89ef7381fa1867ffbec8f4"
    }
  },
  {
    "ts": "2026-04-28T15:11:03.283826+00:00",
    "source": "trello",
    "action": "wiki_v2_claim_written",
    "data": {
      "claim_id": "51b4ded2-0b8e-4010-bcad-32eb01cc31cc",
      "blob_path": "memory/vault/claims/51b4ded2-0b8e-4010-bcad-32eb01cc31cc.md",
      "entity_id": "69f0c26457a5542167ef4302",
      "claim_type": "status"
    }
  },
  {
    "ts": "2026-04-28T15:11:03.309067+00:00",
    "source": "trello",
    "action": "wiki_v2_event_processed",
    "data": {
      "event_key": "trello:69f0c26c7202c54d7a9d1618",
      "claims_written": 1,
      "claims_superseded": 0,
      "decision_keys_persisted": 0,
      "linkage_keys_persisted": 0
    }
  },
  {
    "ts": "2026-04-28T15:11:03.378265+00:00",
    "source": "trello",
    "action": "event_processed",
    "data": {
      "event_key": "trello:69f0c26c7202c54d7a9d1618",
      "content_key": "trello:69f0c26457a5542167ef4302:43925df0225777e774c23b9309c98d998bf135b92b8538b49395aec2165b7319"
    }
  },
  {
    "ts": "2026-04-28T15:11:03.886906+00:00",
    "source": "trello",
    "action": "wiki_v2_claim_written",
    "data": {
      "claim_id": "450a16e3-cb97-4cd9-b7ac-7291900e7be0",
      "blob_path": "memory/vault/claims/450a16e3-cb97-4cd9-b7ac-7291900e7be0.md",
      "entity_id": "69f0c26457a5542167ef4302",
      "claim_type": "status"
    }
  },
  {
    "ts": "2026-04-28T15:11:03.924479+00:00",
    "source": "trello",
    "action": "wiki_v2_event_processed",
    "data": {
      "event_key": "trello:69f0c26557a5542167ef4327",
      "claims_written": 1,
      "claims_superseded": 0,
      "decision_keys_persisted": 0,
      "linkage_keys_persisted": 0
    }
  },
  {
    "ts": "2026-04-28T15:11:03.975978+00:00",
    "source": "trello",
    "action": "event_processed",
    "data": {
      "event_key": "trello:69f0c26557a5542167ef4327",
      "content_key": "trello:69f0c26457a5542167ef4302:1574165a7b19b900f5f6bd13576653e98c638c05f9a98f306f12b4f26a949799"
    }
  },
  {
    "ts": "2026-04-28T15:11:04.478360+00:00",
    "source": "trello",
    "action": "wiki_v2_claim_written",
    "data": {
      "claim_id": "5021f7fb-05a7-48bf-8380-c726562d2f8a",
      "blob_path": "memory/vault/claims/5021f7fb-05a7-48bf-8380-c726562d2f8a.md",
      "entity_id": "69cc17e6f61f8032ac00eeb0",
      "claim_type": "status"
    }
  },
  {
    "ts": "2026-04-28T15:11:04.487127+00:00",
    "source": "trello",
    "action": "wiki_v2_claim_written",
    "data": {
      "claim_id": "0451753a-3f11-4993-858c-852030acf8c3",
      "blob_path": "memory/vault/claims/0451753a-3f11-4993-858c-852030acf8c3.md",
      "entity_id": "69cc17e6f61f8032ac00eeb0",
      "claim_type": "decision"
    }
  },
  {
    "ts": "2026-04-28T15:11:04.514998+00:00",
    "source": "trello",
    "action": "wiki_v2_claim_written",
    "data": {
      "claim_id": "12c91a49-2e28-4006-8193-37d4ffdd5816",
      "blob_path": "memory/vault/claims/12c91a49-2e28-4006-8193-37d4ffdd5816.md",
      "entity_id": "69cc17e6f61f8032ac00eeb0",
      "claim_type": "linkage"
    }
  },
  {
    "ts": "2026-04-28T15:11:04.544648+00:00",
    "source": "trello",
    "action": "wiki_v2_event_processed",
    "data": {
      "event_key": "trello:69cc198f98433c520981f6b0",
      "claims_written": 3,
      "claims_superseded": 0,
      "decision_keys_persisted": 0,
      "linkage_keys_persisted": 1
    }
  },
  {
    "ts": "2026-04-28T15:11:04.601901+00:00",
    "source": "trello",
    "action": "event_processed",
    "data": {
      "event_key": "trello:69cc198f98433c520981f6b0",
      "content_key": "trello:69cc17e6f61f8032ac00eeb0:cdbece1903b75febc79fd02f7842498e42ef1ebe34b547a61642a1dc23fc972a"
    }
  },
  {
    "ts": "2026-04-28T15:11:05.093943+00:00",
    "source": "trello",
    "action": "wiki_v2_claim_written",
    "data": {
      "claim_id": "1000ef31-fbc5-40d4-b64c-d3c53ac44e65",
      "blob_path": "memory/vault/claims/1000ef31-fbc5-40d4-b64c-d3c53ac44e65.md",
      "entity_id": "69cc17e6f61f8032ac00eeb0",
      "claim_type": "status"
    }
  },
  {
    "ts": "2026-04-28T15:11:05.115226+00:00",
    "source": "trello",
    "action": "wiki_v2_event_processed",
    "data": {
      "event_key": "trello:69cc198f98433c520981f665",
      "claims_written": 1,
      "claims_superseded": 0,
      "decision_keys_persisted": 0,
      "linkage_keys_persisted": 0
    }
  },
  {
    "ts": "2026-04-28T15:11:05.179637+00:00",
    "source": "trello",
    "action": "event_processed",
    "data": {
      "event_key": "trello:69cc198f98433c520981f665",
      "content_key": "trello:69cc17e6f61f8032ac00eeb0:f49d82fbc442a8ec393d8a6e609089c690925ba0dcbc4ace0c15703edf8accc4"
    }
  },
  {
    "ts": "2026-04-28T15:11:35.677529+00:00",
    "source": "trello",
    "action": "wiki_v2_claim_written",
    "data": {
      "claim_id": "9851ea4d-2673-4f21-a332-34dee44fe8b7",
      "blob_path": "memory/vault/claims/9851ea4d-2673-4f21-a332-34dee44fe8b7.md",
      "entity_id": "69cc17e67a77a6e2263ef84b",
      "claim_type": "status"
    }
  },
  {
    "ts": "2026-04-28T15:11:35.684689+00:00",
    "source": "trello",
    "action": "wiki_v2_claim_written",
    "data": {
      "claim_id": "f942f202-95a7-4bd2-a75e-0fb32ccea214",
      "blob_path": "memory/vault/claims/f942f202-95a7-4bd2-a75e-0fb32ccea214.md",
      "entity_id": "69cc17e67a77a6e2263ef84b",
      "claim_type": "decision"
    }
  },
  {
    "ts": "2026-04-28T15:11:35.712217+00:00",
    "source": "trello",
    "action": "wiki_v2_claim_written",
    "data": {
      "claim_id": "52067ffd-a25a-49cb-9eaf-657f785b9a65",
      "blob_path": "memory/vault/claims/52067ffd-a25a-49cb-9eaf-657f785b9a65.md",
      "entity_id": "69cc17e67a77a6e2263ef84b",
      "claim_type": "linkage"
    }
  },
  {
    "ts": "2026-04-28T15:11:35.737970+00:00",
    "source": "trello",
    "action": "wiki_v2_event_processed",
    "data": {
      "event_key": "trello:69cc198eeb620802bd917874",
      "claims_written": 3,
      "claims_superseded": 0,
      "decision_keys_persisted": 0,
      "linkage_keys_persisted": 1
    }
  },
  {
    "ts": "2026-04-28T15:11:35.787833+00:00",
    "source": "trello",
    "action": "event_processed",
    "data": {
      "event_key": "trello:69cc198eeb620802bd917874",
      "content_key": "trello:69cc17e67a77a6e2263ef84b:c07b70703f500b57bc02eee301b206a30a0a2c40b60b8d111ccf66bde25d4934"
    }
  },
  {
    "ts": "2026-04-28T15:11:36.267820+00:00",
    "source": "trello",
    "action": "wiki_v2_claim_written",
    "data": {
      "claim_id": "fb3abf76-2913-4b1b-80a9-262f72c3f36c",
      "blob_path": "memory/vault/claims/fb3abf76-2913-4b1b-80a9-262f72c3f36c.md",
      "entity_id": "69cc17e67a77a6e2263ef84b",
      "claim_type": "status"
    }
  },
  {
    "ts": "2026-04-28T15:11:36.294562+00:00",
    "source": "trello",
    "action": "wiki_v2_event_processed",
    "data": {
      "event_key": "trello:69cc198eeb620802bd91783c",
      "claims_written": 1,
      "claims_superseded": 0,
      "decision_keys_persisted": 0,
      "linkage_keys_persisted": 0
    }
  },
  {
    "ts": "2026-04-28T15:11:36.345754+00:00",
    "source": "trello",
    "action": "event_processed",
    "data": {
      "event_key": "trello:69cc198eeb620802bd91783c",
      "content_key": "trello:69cc17e67a77a6e2263ef84b:de248d0ab3da2a6f6f163044bce929bc0fe45eae249c32a5aa03efbebf7cc0b0"
    }
  },
  {
    "ts": "2026-04-28T15:11:36.934883+00:00",
    "source": "trello",
    "action": "wiki_v2_claim_written",
    "data": {
      "claim_id": "e9dbc9a1-ecdf-4a6c-93b4-7c58f9ab077e",
      "blob_path": "memory/vault/claims/e9dbc9a1-ecdf-4a6c-93b4-7c58f9ab077e.md",
      "entity_id": "69cc17e88e0eb93cd2fbbf1c",
      "claim_type": "status"
    }
  },
  {
    "ts": "2026-04-28T15:11:36.959291+00:00",
    "source": "trello",
    "action": "wiki_v2_event_processed",
    "data": {
      "event_key": "trello:69cc17e88e0eb93cd2fbbf75",
      "claims_written": 1,
      "claims_superseded": 0,
      "decision_keys_persisted": 0,
      "linkage_keys_persisted": 0
    }
  },
  {
    "ts": "2026-04-28T15:11:37.002409+00:00",
    "source": "trello",
    "action": "event_processed",
    "data": {
      "event_key": "trello:69cc17e88e0eb93cd2fbbf75",
      "content_key": "trello:69cc17e88e0eb93cd2fbbf1c:00f49a0450e5124ca6780b6db04b8d65e9ceccc948fd9de0b3679a2b010ba28f"
    }
  },
  {
    "ts": "2026-04-28T15:11:37.501642+00:00",
    "source": "trello",
    "action": "wiki_v2_claim_written",
    "data": {
      "claim_id": "12e7bf0e-699b-4ec6-82db-b32949dd90d3",
      "blob_path": "memory/vault/claims/12e7bf0e-699b-4ec6-82db-b32949dd90d3.md",
      "entity_id": "69cc17e88e0eb93cd2fbbf1c",
      "claim_type": "status"
    }
  },
  {
    "ts": "2026-04-28T15:11:37.524271+00:00",
    "source": "trello",
    "action": "wiki_v2_event_processed",
    "data": {
      "event_key": "trello:69cc17e88e0eb93cd2fbbf64",
      "claims_written": 1,
      "claims_superseded": 0,
      "decision_keys_persisted": 0,
      "linkage_keys_persisted": 0
    }
  },
  {
    "ts": "2026-04-28T15:11:37.568699+00:00",
    "source": "trello",
    "action": "event_processed",
    "data": {
      "event_key": "trello:69cc17e88e0eb93cd2fbbf64",
      "content_key": "trello:69cc17e88e0eb93cd2fbbf1c:0ac7d345f79d54261a735acd9d2baa626e0a8237aa2911c126417552f57e3e5f"
    }
  },
  {
    "ts": "2026-04-28T15:11:38.043168+00:00",
    "source": "trello",
    "action": "wiki_v2_claim_written",
    "data": {
      "claim_id": "ccbaf067-c601-4075-926f-747023be56e4",
      "blob_path": "memory/vault/claims/ccbaf067-c601-4075-926f-747023be56e4.md",
      "entity_id": "69cc17e88e0eb93cd2fbbf1c",
      "claim_type": "status"
    }
  },
  {
    "ts": "2026-04-28T15:11:38.081700+00:00",
    "source": "trello",
    "action": "wiki_v2_event_processed",
    "data": {
      "event_key": "trello:69cc17e88e0eb93cd2fbbf5d",
      "claims_written": 1,
      "claims_superseded": 0,
      "decision_keys_persisted": 0,
      "linkage_keys_persisted": 0
    }
  },
  {
    "ts": "2026-04-28T15:11:38.124962+00:00",
    "source": "trello",
    "action": "event_processed",
    "data": {
      "event_key": "trello:69cc17e88e0eb93cd2fbbf5d",
      "content_key": "trello:69cc17e88e0eb93cd2fbbf1c:af053d965d693b1b7e66dabf2a919745490bfb44b77b83fb7f39c49d9ac126f9"
    }
  },
  {
    "ts": "2026-04-28T15:11:38.601706+00:00",
    "source": "trello",
    "action": "wiki_v2_claim_written",
    "data": {
      "claim_id": "c22201d0-2807-403b-ab21-b48ffae347f5",
      "blob_path": "memory/vault/claims/c22201d0-2807-403b-ab21-b48ffae347f5.md",
      "entity_id": "69cc17e70825650fb24ee25b",
      "claim_type": "status"
    }
  },
  {
    "ts": "2026-04-28T15:11:38.623452+00:00",
    "source": "trello",
    "action": "wiki_v2_event_processed",
    "data": {
      "event_key": "trello:69cc17e80825650fb24ee2b4",
      "claims_written": 1,
      "claims_superseded": 0,
      "decision_keys_persisted": 0,
      "linkage_keys_persisted": 0
    }
  },
  {
    "ts": "2026-04-28T15:11:38.666010+00:00",
    "source": "trello",
    "action": "event_processed",
    "data": {
      "event_key": "trello:69cc17e80825650fb24ee2b4",
      "content_key": "trello:69cc17e70825650fb24ee25b:7d005db25763b105ac0f77d27a7851241634f7136fc1cea0eafdb32c88876a0b"
    }
  },
  {
    "ts": "2026-04-28T15:11:39.158875+00:00",
    "source": "trello",
    "action": "wiki_v2_claim_written",
    "data": {
      "claim_id": "02a120da-a63f-442b-a10c-5590417ec700",
      "blob_path": "memory/vault/claims/02a120da-a63f-442b-a10c-5590417ec700.md",
      "entity_id": "69cc17e70825650fb24ee25b",
      "claim_type": "status"
    }
  },
  {
    "ts": "2026-04-28T15:11:39.187576+00:00",
    "source": "trello",
    "action": "wiki_v2_event_processed",
    "data": {
      "event_key": "trello:69cc17e80825650fb24ee2a3",
      "claims_written": 1,
      "claims_superseded": 0,
      "decision_keys_persisted": 0,
      "linkage_keys_persisted": 0
    }
  },
  {
    "ts": "2026-04-28T15:11:39.247393+00:00",
    "source": "trello",
    "action": "event_processed",
    "data": {
      "event_key": "trello:69cc17e80825650fb24ee2a3",
      "content_key": "trello:69cc17e70825650fb24ee25b:264c4800fcf2703ec9a07d7a911233679b57f615f6c5a52dee1cee5ba3fa3563"
    }
  },
  {
    "ts": "2026-04-28T15:11:39.736708+00:00",
    "source": "trello",
    "action": "wiki_v2_claim_written",
    "data": {
      "claim_id": "087e40fd-9fe7-4c3d-9ae9-46e8e67b0f5f",
      "blob_path": "memory/vault/claims/087e40fd-9fe7-4c3d-9ae9-46e8e67b0f5f.md",
      "entity_id": "69cc17e70825650fb24ee25b",
      "claim_type": "status"
    }
  },
  {
    "ts": "2026-04-28T15:11:39.767096+00:00",
    "source": "trello",
    "action": "wiki_v2_event_processed",
    "data": {
      "event_key": "trello:69cc17e80825650fb24ee29c",
      "claims_written": 1,
      "claims_superseded": 0,
      "decision_keys_persisted": 0,
      "linkage_keys_persisted": 0
    }
  },
  {
    "ts": "2026-04-28T15:11:39.831850+00:00",
    "source": "trello",
    "action": "event_processed",
    "data": {
      "event_key": "trello:69cc17e80825650fb24ee29c",
      "content_key": "trello:69cc17e70825650fb24ee25b:f7ed2726daddfff75ba6382ab6aed4ad99d31a4ca65139a854e8d1d7039fd58b"
    }
  },
  {
    "ts": "2026-04-28T15:11:40.322620+00:00",
    "source": "trello",
    "action": "wiki_v2_claim_written",
    "data": {
      "claim_id": "50ebaf1c-d2c2-4498-ae51-b2f8366104cb",
      "blob_path": "memory/vault/claims/50ebaf1c-d2c2-4498-ae51-b2f8366104cb.md",
      "entity_id": "69cc17e7a704b04165a0aff9",
      "claim_type": "status"
    }
  },
  {
    "ts": "2026-04-28T15:11:40.346891+00:00",
    "source": "trello",
    "action": "wiki_v2_event_processed",
    "data": {
      "event_key": "trello:69cc17e7a704b04165a0b052",
      "claims_written": 1,
      "claims_superseded": 0,
      "decision_keys_persisted": 0,
      "linkage_keys_persisted": 0
    }
  },
  {
    "ts": "2026-04-28T15:11:40.409549+00:00",
    "source": "trello",
    "action": "event_processed",
    "data": {
      "event_key": "trello:69cc17e7a704b04165a0b052",
      "content_key": "trello:69cc17e7a704b04165a0aff9:7c2646582e5d02d31206574edf23d158905a623218758e828bd66772b231c267"
    }
  },
  {
    "ts": "2026-04-28T15:11:40.917769+00:00",
    "source": "trello",
    "action": "wiki_v2_claim_written",
    "data": {
      "claim_id": "335343a8-c088-4c44-968a-fc64e4c033cf",
      "blob_path": "memory/vault/claims/335343a8-c088-4c44-968a-fc64e4c033cf.md",
      "entity_id": "69cc17e7a704b04165a0aff9",
      "claim_type": "status"
    }
  },
  {
    "ts": "2026-04-28T15:11:40.941221+00:00",
    "source": "trello",
    "action": "wiki_v2_event_processed",
    "data": {
      "event_key": "trello:69cc17e7a704b04165a0b041",
      "claims_written": 1,
      "claims_superseded": 0,
      "decision_keys_persisted": 0,
      "linkage_keys_persisted": 0
    }
  },
  {
    "ts": "2026-04-28T15:11:40.992274+00:00",
    "source": "trello",
    "action": "event_processed",
    "data": {
      "event_key": "trello:69cc17e7a704b04165a0b041",
      "content_key": "trello:69cc17e7a704b04165a0aff9:d8280ca10a30405a2c263a1da7cf72572c578b7a0714a62d58a10655d0e7fb75"
    }
  },
  {
    "ts": "2026-04-28T15:11:41.504704+00:00",
    "source": "trello",
    "action": "wiki_v2_claim_written",
    "data": {
      "claim_id": "73798f54-020e-4d54-b320-bb4555c189fd",
      "blob_path": "memory/vault/claims/73798f54-020e-4d54-b320-bb4555c189fd.md",
      "entity_id": "69cc17e7a704b04165a0aff9",
      "claim_type": "status"
    }
  },
  {
    "ts": "2026-04-28T15:11:41.527723+00:00",
    "source": "trello",
    "action": "wiki_v2_event_processed",
    "data": {
      "event_key": "trello:69cc17e7a704b04165a0b03a",
      "claims_written": 1,
      "claims_superseded": 0,
      "decision_keys_persisted": 0,
      "linkage_keys_persisted": 0
    }
  },
  {
    "ts": "2026-04-28T15:11:41.585131+00:00",
    "source": "trello",
    "action": "event_processed",
    "data": {
      "event_key": "trello:69cc17e7a704b04165a0b03a",
      "content_key": "trello:69cc17e7a704b04165a0aff9:81b6964a783147ba229207a5b384868631f1314c9e2895c3f971d81044edb15e"
    }
  },
  {
    "ts": "2026-04-28T15:11:42.118226+00:00",
    "source": "trello",
    "action": "wiki_v2_claim_written",
    "data": {
      "claim_id": "93fda715-bc51-4cea-bc33-3a29278a908d",
      "blob_path": "memory/vault/claims/93fda715-bc51-4cea-bc33-3a29278a908d.md",
      "entity_id": "69cc17e6f61f8032ac00eeb0",
      "claim_type": "status"
    }
  },
  {
    "ts": "2026-04-28T15:11:42.152087+00:00",
    "source": "trello",
    "action": "wiki_v2_event_processed",
    "data": {
      "event_key": "trello:69cc17e6f61f8032ac00ef69",
      "claims_written": 1,
      "claims_superseded": 0,
      "decision_keys_persisted": 0,
      "linkage_keys_persisted": 0
    }
  },
  {
    "ts": "2026-04-28T15:11:42.213907+00:00",
    "source": "trello",
    "action": "event_processed",
    "data": {
      "event_key": "trello:69cc17e6f61f8032ac00ef69",
      "content_key": "trello:69cc17e6f61f8032ac00eeb0:b4c4fb4d19ed0a5bbfda6fb2e14fa8684418e37a97088607cda5d15f2fa10ef3"
    }
  },
  {
    "ts": "2026-04-28T15:11:42.700730+00:00",
    "source": "trello",
    "action": "wiki_v2_claim_written",
    "data": {
      "claim_id": "5acc2b6f-dfea-499a-a7c6-eb96630a8fb3",
      "blob_path": "memory/vault/claims/5acc2b6f-dfea-499a-a7c6-eb96630a8fb3.md",
      "entity_id": "69cc17e6f61f8032ac00eeb0",
      "claim_type": "status"
    }
  },
  {
    "ts": "2026-04-28T15:11:42.721910+00:00",
    "source": "trello",
    "action": "wiki_v2_event_processed",
    "data": {
      "event_key": "trello:69cc17e6f61f8032ac00ef32",
      "claims_written": 1,
      "claims_superseded": 0,
      "decision_keys_persisted": 0,
      "linkage_keys_persisted": 0
    }
  },
  {
    "ts": "2026-04-28T15:11:42.765658+00:00",
    "source": "trello",
    "action": "event_processed",
    "data": {
      "event_key": "trello:69cc17e6f61f8032ac00ef32",
      "content_key": "trello:69cc17e6f61f8032ac00eeb0:9c2425af36e00bb9adcec710e47a7ac8de9a5df6a5c944a661a64f1e36ae5ec3"
    }
  },
  {
    "ts": "2026-04-28T15:11:43.268767+00:00",
    "source": "trello",
    "action": "wiki_v2_claim_written",
    "data": {
      "claim_id": "ae6de363-1e0d-43e8-a871-c8e8701e5e30",
      "blob_path": "memory/vault/claims/ae6de363-1e0d-43e8-a871-c8e8701e5e30.md",
      "entity_id": "69cc17e6f61f8032ac00eeb0",
      "claim_type": "status"
    }
  },
  {
    "ts": "2026-04-28T15:11:43.289876+00:00",
    "source": "trello",
    "action": "wiki_v2_event_processed",
    "data": {
      "event_key": "trello:69cc17e6f61f8032ac00ef2b",
      "claims_written": 1,
      "claims_superseded": 0,
      "decision_keys_persisted": 0,
      "linkage_keys_persisted": 0
    }
  },
  {
    "ts": "2026-04-28T15:11:43.333543+00:00",
    "source": "trello",
    "action": "event_processed",
    "data": {
      "event_key": "trello:69cc17e6f61f8032ac00ef2b",
      "content_key": "trello:69cc17e6f61f8032ac00eeb0:1a9d946b7d3a317f5769b84bc4e3dda8306176016a708c8e416f0cf4686c25f5"
    }
  },
  {
    "ts": "2026-04-28T15:11:43.816656+00:00",
    "source": "trello",
    "action": "wiki_v2_claim_written",
    "data": {
      "claim_id": "fb2661f1-280b-422e-b1b7-4f45ad3949e5",
      "blob_path": "memory/vault/claims/fb2661f1-280b-422e-b1b7-4f45ad3949e5.md",
      "entity_id": "69cc17e67a77a6e2263ef84b",
      "claim_type": "status"
    }
  },
  {
    "ts": "2026-04-28T15:11:43.848777+00:00",
    "source": "trello",
    "action": "wiki_v2_event_processed",
    "data": {
      "event_key": "trello:69cc17e67a77a6e2263ef8e0",
      "claims_written": 1,
      "claims_superseded": 0,
      "decision_keys_persisted": 0,
      "linkage_keys_persisted": 0
    }
  },
  {
    "ts": "2026-04-28T15:11:43.913358+00:00",
    "source": "trello",
    "action": "event_processed",
    "data": {
      "event_key": "trello:69cc17e67a77a6e2263ef8e0",
      "content_key": "trello:69cc17e67a77a6e2263ef84b:8713680fc49cd0c4573ce55b1456bf15a7e00d2ffdd2ec571cf0d8424d046614"
    }
  },
  {
    "ts": "2026-04-28T15:11:44.445080+00:00",
    "source": "trello",
    "action": "wiki_v2_claim_written",
    "data": {
      "claim_id": "8acdb77f-3cbb-4c79-8824-279abcf5ed42",
      "blob_path": "memory/vault/claims/8acdb77f-3cbb-4c79-8824-279abcf5ed42.md",
      "entity_id": "69cc17e67a77a6e2263ef84b",
      "claim_type": "status"
    }
  },
  {
    "ts": "2026-04-28T15:11:44.474504+00:00",
    "source": "trello",
    "action": "wiki_v2_event_processed",
    "data": {
      "event_key": "trello:69cc17e67a77a6e2263ef8ce",
      "claims_written": 1,
      "claims_superseded": 0,
      "decision_keys_persisted": 0,
      "linkage_keys_persisted": 0
    }
  },
  {
    "ts": "2026-04-28T15:11:44.530663+00:00",
    "source": "trello",
    "action": "event_processed",
    "data": {
      "event_key": "trello:69cc17e67a77a6e2263ef8ce",
      "content_key": "trello:69cc17e67a77a6e2263ef84b:3294d94daf8c67d2633f7a897c2b19d88550f511624ebfaa8f2ecb99c689c376"
    }
  },
  {
    "ts": "2026-04-28T15:11:45.063356+00:00",
    "source": "trello",
    "action": "wiki_v2_claim_written",
    "data": {
      "claim_id": "a09257c4-051e-4746-8fa8-61e9f28220bf",
      "blob_path": "memory/vault/claims/a09257c4-051e-4746-8fa8-61e9f28220bf.md",
      "entity_id": "69cc17e67a77a6e2263ef84b",
      "claim_type": "status"
    }
  },
  {
    "ts": "2026-04-28T15:11:45.089857+00:00",
    "source": "trello",
    "action": "wiki_v2_event_processed",
    "data": {
      "event_key": "trello:69cc17e67a77a6e2263ef8c7",
      "claims_written": 1,
      "claims_superseded": 0,
      "decision_keys_persisted": 0,
      "linkage_keys_persisted": 0
    }
  },
  {
    "ts": "2026-04-28T15:11:45.134372+00:00",
    "source": "trello",
    "action": "event_processed",
    "data": {
      "event_key": "trello:69cc17e67a77a6e2263ef8c7",
      "content_key": "trello:69cc17e67a77a6e2263ef84b:04db29bd0d1a8d68f8de793845d7c9e7f8067b198cb5cc7e7e41d2953b57ee08"
    }
  },
  {
    "ts": "2026-04-28T15:11:45.665229+00:00",
    "source": "trello",
    "action": "wiki_v2_claim_written",
    "data": {
      "claim_id": "7c874d99-1a90-43c4-ab92-15b827360a0e",
      "blob_path": "memory/vault/claims/7c874d99-1a90-43c4-ab92-15b827360a0e.md",
      "entity_id": "699736e5f2a0311093abdd27",
      "claim_type": "status"
    }
  },
  {
    "ts": "2026-04-28T15:11:45.672599+00:00",
    "source": "trello",
    "action": "wiki_v2_claim_written",
    "data": {
      "claim_id": "87a8edaf-8b44-4716-ab78-4cd456495b2a",
      "blob_path": "memory/vault/claims/87a8edaf-8b44-4716-ab78-4cd456495b2a.md",
      "entity_id": "699736e5f2a0311093abdd27",
      "claim_type": "decision"
    }
  },
  {
    "ts": "2026-04-28T15:11:45.696383+00:00",
    "source": "trello",
    "action": "wiki_v2_claim_written",
    "data": {
      "claim_id": "8967fac1-ccfd-4370-a150-e4a37341066b",
      "blob_path": "memory/vault/claims/8967fac1-ccfd-4370-a150-e4a37341066b.md",
      "entity_id": "699736e5f2a0311093abdd27",
      "claim_type": "linkage"
    }
  },
  {
    "ts": "2026-04-28T15:11:45.717561+00:00",
    "source": "trello",
    "action": "wiki_v2_event_processed",
    "data": {
      "event_key": "trello:69c8777f811001ec3026d1d9",
      "claims_written": 3,
      "claims_superseded": 0,
      "decision_keys_persisted": 0,
      "linkage_keys_persisted": 1
    }
  },
  {
    "ts": "2026-04-28T15:11:45.758570+00:00",
    "source": "trello",
    "action": "event_processed",
    "data": {
      "event_key": "trello:69c8777f811001ec3026d1d9",
      "content_key": "trello:699736e5f2a0311093abdd27:7a143b0d018a2da0ff5eda5bc3d3dc9b8ca1282664a39fa73b9ac2e478180377"
    }
  },
  {
    "ts": "2026-04-28T15:11:46.242310+00:00",
    "source": "trello",
    "action": "wiki_v2_claim_written",
    "data": {
      "claim_id": "7cd1f09d-5e7c-4073-a663-ac4c25407ffe",
      "blob_path": "memory/vault/claims/7cd1f09d-5e7c-4073-a663-ac4c25407ffe.md",
      "entity_id": "69bbf8c61001813089a6f988",
      "claim_type": "status"
    }
  },
  {
    "ts": "2026-04-28T15:11:46.261055+00:00",
    "source": "trello",
    "action": "wiki_v2_event_processed",
    "data": {
      "event_key": "trello:69bd9b78807b20ddc8c79528",
      "claims_written": 1,
      "claims_superseded": 0,
      "decision_keys_persisted": 0,
      "linkage_keys_persisted": 0
    }
  },
  {
    "ts": "2026-04-28T15:11:46.320123+00:00",
    "source": "trello",
    "action": "event_processed",
    "data": {
      "event_key": "trello:69bd9b78807b20ddc8c79528",
      "content_key": "trello:69bbf8c61001813089a6f988:d8a42cb52a60da23fc0198de57baf4845fcf69f729e2e3eabe1af4d384f6db2a"
    }
  },
  {
    "ts": "2026-04-28T15:11:46.802667+00:00",
    "source": "trello",
    "action": "wiki_v2_claim_written",
    "data": {
      "claim_id": "e15aea60-b9ff-4d88-9484-2dd6cbc726bb",
      "blob_path": "memory/vault/claims/e15aea60-b9ff-4d88-9484-2dd6cbc726bb.md",
      "entity_id": "69bab0b91988e671a38c7cf7",
      "claim_type": "status"
    }
  },
  {
    "ts": "2026-04-28T15:11:46.823349+00:00",
    "source": "trello",
    "action": "wiki_v2_event_processed",
    "data": {
      "event_key": "trello:69bd9b76b97f87df21b3b439",
      "claims_written": 1,
      "claims_superseded": 0,
      "decision_keys_persisted": 0,
      "linkage_keys_persisted": 0
    }
  },
  {
    "ts": "2026-04-28T15:11:46.862882+00:00",
    "source": "trello",
    "action": "event_processed",
    "data": {
      "event_key": "trello:69bd9b76b97f87df21b3b439",
      "content_key": "trello:69bab0b91988e671a38c7cf7:478717fbd85f1b28d03001b2251c1a80e5ed526bd4e293e31a3b321789b29a4b"
    }
  },
  {
    "ts": "2026-04-28T15:11:47.364685+00:00",
    "source": "trello",
    "action": "wiki_v2_claim_written",
    "data": {
      "claim_id": "a2818198-9c66-453b-a2d3-e2d4cf0349a2",
      "blob_path": "memory/vault/claims/a2818198-9c66-453b-a2d3-e2d4cf0349a2.md",
      "entity_id": "69bc82fbea79d78b4e65744f",
      "claim_type": "status"
    }
  },
  {
    "ts": "2026-04-28T15:11:47.390713+00:00",
    "source": "trello",
    "action": "wiki_v2_event_processed",
    "data": {
      "event_key": "trello:69bc8310239d71455aad6e50",
      "claims_written": 1,
      "claims_superseded": 0,
      "decision_keys_persisted": 0,
      "linkage_keys_persisted": 0
    }
  },
  {
    "ts": "2026-04-28T15:11:47.441788+00:00",
    "source": "trello",
    "action": "event_processed",
    "data": {
      "event_key": "trello:69bc8310239d71455aad6e50",
      "content_key": "trello:69bc82fbea79d78b4e65744f:f845e3280cabf3e226f9845a1a9606f2963186cba62eee34bdd41faffcb72fc2"
    }
  },
  {
    "ts": "2026-04-28T15:11:47.936776+00:00",
    "source": "trello",
    "action": "wiki_v2_claim_written",
    "data": {
      "claim_id": "f0fb8f9f-40d2-4cfd-9c53-b8930efa4f01",
      "blob_path": "memory/vault/claims/f0fb8f9f-40d2-4cfd-9c53-b8930efa4f01.md",
      "entity_id": "69bc82fbea79d78b4e65744f",
      "claim_type": "status"
    }
  },
  {
    "ts": "2026-04-28T15:11:47.971647+00:00",
    "source": "trello",
    "action": "wiki_v2_event_processed",
    "data": {
      "event_key": "trello:69bc830568181bb370f8a9ee",
      "claims_written": 1,
      "claims_superseded": 0,
      "decision_keys_persisted": 0,
      "linkage_keys_persisted": 0
    }
  },
  {
    "ts": "2026-04-28T15:11:48.049922+00:00",
    "source": "trello",
    "action": "event_processed",
    "data": {
      "event_key": "trello:69bc830568181bb370f8a9ee",
      "content_key": "trello:69bc82fbea79d78b4e65744f:04fea8f48a28446ab7581f50256905176b8c18fb89158149f54e1dbe4b02354e"
    }
  },
  {
    "ts": "2026-04-28T15:11:48.594282+00:00",
    "source": "trello",
    "action": "wiki_v2_claim_written",
    "data": {
      "claim_id": "d8852744-d0bb-4c70-9f23-629dc08ace88",
      "blob_path": "memory/vault/claims/d8852744-d0bb-4c70-9f23-629dc08ace88.md",
      "entity_id": "69bc82fbea79d78b4e65744f",
      "claim_type": "status"
    }
  },
  {
    "ts": "2026-04-28T15:11:48.617112+00:00",
    "source": "trello",
    "action": "wiki_v2_event_processed",
    "data": {
      "event_key": "trello:69bc82fbea79d78b4e657474",
      "claims_written": 1,
      "claims_superseded": 0,
      "decision_keys_persisted": 0,
      "linkage_keys_persisted": 0
    }
  },
  {
    "ts": "2026-04-28T15:11:48.670509+00:00",
    "source": "trello",
    "action": "event_processed",
    "data": {
      "event_key": "trello:69bc82fbea79d78b4e657474",
      "content_key": "trello:69bc82fbea79d78b4e65744f:ac048916193ff81bdb537adfc8b39619eebaa8bd3ac7483970ce7cf10a9f62b7"
    }
  },
  {
    "ts": "2026-04-28T15:11:49.182262+00:00",
    "source": "trello",
    "action": "wiki_v2_claim_written",
    "data": {
      "claim_id": "b7e0bde3-0f15-430f-934a-86ba0aba9034",
      "blob_path": "memory/vault/claims/b7e0bde3-0f15-430f-934a-86ba0aba9034.md",
      "entity_id": "69bbf8c61001813089a6f988",
      "claim_type": "status"
    }
  },
  {
    "ts": "2026-04-28T15:11:49.213519+00:00",
    "source": "trello",
    "action": "wiki_v2_event_processed",
    "data": {
      "event_key": "trello:69bbf9496e44c04864c99b59",
      "claims_written": 1,
      "claims_superseded": 0,
      "decision_keys_persisted": 0,
      "linkage_keys_persisted": 0
    }
  },
  {
    "ts": "2026-04-28T15:11:49.298364+00:00",
    "source": "trello",
    "action": "event_processed",
    "data": {
      "event_key": "trello:69bbf9496e44c04864c99b59",
      "content_key": "trello:69bbf8c61001813089a6f988:c148380a4958d0420b1b91b7b2859ebe994763ab096a364620346fccf9a3d9c9"
    }
  },
  {
    "ts": "2026-04-28T15:11:49.825530+00:00",
    "source": "trello",
    "action": "wiki_v2_claim_written",
    "data": {
      "claim_id": "4f890de3-d8ec-410e-b5ed-f67c4f674b3a",
      "blob_path": "memory/vault/claims/4f890de3-d8ec-410e-b5ed-f67c4f674b3a.md",
      "entity_id": "69bbf8c61001813089a6f988",
      "claim_type": "status"
    }
  },
  {
    "ts": "2026-04-28T15:11:49.846661+00:00",
    "source": "trello",
    "action": "wiki_v2_event_processed",
    "data": {
      "event_key": "trello:69bbf8c61001813089a6fa13",
      "claims_written": 1,
      "claims_superseded": 0,
      "decision_keys_persisted": 0,
      "linkage_keys_persisted": 0
    }
  },
  {
    "ts": "2026-04-28T15:11:49.900911+00:00",
    "source": "trello",
    "action": "event_processed",
    "data": {
      "event_key": "trello:69bbf8c61001813089a6fa13",
      "content_key": "trello:69bbf8c61001813089a6f988:07b45bddea65acee4abaf97b0ab248e54a17652e2ff035667d4785d1120ae61f"
    }
  },
  {
    "ts": "2026-04-28T15:11:50.412538+00:00",
    "source": "trello",
    "action": "wiki_v2_claim_written",
    "data": {
      "claim_id": "577ef501-74fd-4697-8725-4f886f2251d0",
      "blob_path": "memory/vault/claims/577ef501-74fd-4697-8725-4f886f2251d0.md",
      "entity_id": "69bbf8c61001813089a6f988",
      "claim_type": "status"
    }
  },
  {
    "ts": "2026-04-28T15:11:50.444247+00:00",
    "source": "trello",
    "action": "wiki_v2_event_processed",
    "data": {
      "event_key": "trello:69bbf8c61001813089a6f9d7",
      "claims_written": 1,
      "claims_superseded": 0,
      "decision_keys_persisted": 0,
      "linkage_keys_persisted": 0
    }
  },
  {
    "ts": "2026-04-28T15:11:50.516190+00:00",
    "source": "trello",
    "action": "event_processed",
    "data": {
      "event_key": "trello:69bbf8c61001813089a6f9d7",
      "content_key": "trello:69bbf8c61001813089a6f988:09aeeecd1cf9d914fb3d2b674f8d442265851a030b7c38cdace3914187aac21e"
    }
  },
  {
    "ts": "2026-04-28T15:11:51.092878+00:00",
    "source": "trello",
    "action": "wiki_v2_claim_written",
    "data": {
      "claim_id": "f5d27894-70b1-4c29-9317-1e3b1dab8726",
      "blob_path": "memory/vault/claims/f5d27894-70b1-4c29-9317-1e3b1dab8726.md",
      "entity_id": "69bbf8c61001813089a6f988",
      "claim_type": "status"
    }
  },
  {
    "ts": "2026-04-28T15:11:51.202740+00:00",
    "source": "trello",
    "action": "wiki_v2_event_processed",
    "data": {
      "event_key": "trello:69bbf8c61001813089a6f9b3",
      "claims_written": 1,
      "claims_superseded": 0,
      "decision_keys_persisted": 0,
      "linkage_keys_persisted": 0
    }
  },
  {
    "ts": "2026-04-28T15:11:51.336762+00:00",
    "source": "trello",
    "action": "event_processed",
    "data": {
      "event_key": "trello:69bbf8c61001813089a6f9b3",
      "content_key": "trello:69bbf8c61001813089a6f988:601b965571d476bb79125e8f54b19af9cedcfb2eb304986653677b0ebe4f747b"
    }
  },
  {
    "ts": "2026-04-28T15:11:51.975723+00:00",
    "source": "trello",
    "action": "wiki_v2_claim_written",
    "data": {
      "claim_id": "2f8e5e3d-18bb-4683-ba50-991e07a7996e",
      "blob_path": "memory/vault/claims/2f8e5e3d-18bb-4683-ba50-991e07a7996e.md",
      "entity_id": "69bb2bf21ef2945fbe944c38",
      "claim_type": "status"
    }
  },
  {
    "ts": "2026-04-28T15:11:52.055561+00:00",
    "source": "trello",
    "action": "wiki_v2_event_processed",
    "data": {
      "event_key": "trello:69bb2bf21ef2945fbe944c82",
      "claims_written": 1,
      "claims_superseded": 0,
      "decision_keys_persisted": 0,
      "linkage_keys_persisted": 0
    }
  },
  {
    "ts": "2026-04-28T15:11:52.114617+00:00",
    "source": "trello",
    "action": "event_processed",
    "data": {
      "event_key": "trello:69bb2bf21ef2945fbe944c82",
      "content_key": "trello:69bb2bf21ef2945fbe944c38:0d2c11cd9622820ea0453946bace8338b800131417b679ad3c5f5d0a00504974"
    }
  },
  {
    "ts": "2026-04-28T15:11:52.704465+00:00",
    "source": "trello",
    "action": "wiki_v2_claim_written",
    "data": {
      "claim_id": "22b7cb16-2be9-4adf-83cf-376d41fee4d8",
      "blob_path": "memory/vault/claims/22b7cb16-2be9-4adf-83cf-376d41fee4d8.md",
      "entity_id": "69bb2bf21ef2945fbe944c38",
      "claim_type": "status"
    }
  },
  {
    "ts": "2026-04-28T15:11:52.740236+00:00",
    "source": "trello",
    "action": "wiki_v2_event_processed",
    "data": {
      "event_key": "trello:69bb2bf21ef2945fbe944c70",
      "claims_written": 1,
      "claims_superseded": 0,
      "decision_keys_persisted": 0,
      "linkage_keys_persisted": 0
    }
  },
  {
    "ts": "2026-04-28T15:11:52.803894+00:00",
    "source": "trello",
    "action": "event_processed",
    "data": {
      "event_key": "trello:69bb2bf21ef2945fbe944c70",
      "content_key": "trello:69bb2bf21ef2945fbe944c38:2d60dfcffd1f67e0a1be45b6237efb5897271999229a81016dbaec908dd63a28"
    }
  },
  {
    "ts": "2026-04-28T15:11:53.340245+00:00",
    "source": "trello",
    "action": "wiki_v2_claim_written",
    "data": {
      "claim_id": "8e118e70-cc31-4c3e-9837-946686e9696a",
      "blob_path": "memory/vault/claims/8e118e70-cc31-4c3e-9837-946686e9696a.md",
      "entity_id": "69bab0b91988e671a38c7cf7",
      "claim_type": "status"
    }
  },
  {
    "ts": "2026-04-28T15:11:53.365290+00:00",
    "source": "trello",
    "action": "wiki_v2_event_processed",
    "data": {
      "event_key": "trello:69bab0b91988e671a38c7d74",
      "claims_written": 1,
      "claims_superseded": 0,
      "decision_keys_persisted": 0,
      "linkage_keys_persisted": 0
    }
  },
  {
    "ts": "2026-04-28T15:11:53.412306+00:00",
    "source": "trello",
    "action": "event_processed",
    "data": {
      "event_key": "trello:69bab0b91988e671a38c7d74",
      "content_key": "trello:69bab0b91988e671a38c7cf7:8cc0b50a94572df6f352f779c1c8c2602c034f044fd89d11450d4f4dbea54c52"
    }
  },
  {
    "ts": "2026-04-28T15:11:53.908357+00:00",
    "source": "trello",
    "action": "wiki_v2_claim_written",
    "data": {
      "claim_id": "50360fad-2dd8-41f8-9a69-23db08fb6350",
      "blob_path": "memory/vault/claims/50360fad-2dd8-41f8-9a69-23db08fb6350.md",
      "entity_id": "69bab0b91988e671a38c7cf7",
      "claim_type": "status"
    }
  },
  {
    "ts": "2026-04-28T15:11:53.930602+00:00",
    "source": "trello",
    "action": "wiki_v2_event_processed",
    "data": {
      "event_key": "trello:69bab0b91988e671a38c7d59",
      "claims_written": 1,
      "claims_superseded": 0,
      "decision_keys_persisted": 0,
      "linkage_keys_persisted": 0
    }
  },
  {
    "ts": "2026-04-28T15:11:53.980607+00:00",
    "source": "trello",
    "action": "event_processed",
    "data": {
      "event_key": "trello:69bab0b91988e671a38c7d59",
      "content_key": "trello:69bab0b91988e671a38c7cf7:bb403be4a487493a12861f58e6f5a7b9c942dd92710becc2b395eacb552d56b1"
    }
  },
  {
    "ts": "2026-04-28T15:11:54.478001+00:00",
    "source": "trello",
    "action": "wiki_v2_claim_written",
    "data": {
      "claim_id": "dcc4ddb2-96dc-47b5-a82d-ead07deaba0f",
      "blob_path": "memory/vault/claims/dcc4ddb2-96dc-47b5-a82d-ead07deaba0f.md",
      "entity_id": "69ba053856cb8061467fbd36",
      "claim_type": "status"
    }
  },
  {
    "ts": "2026-04-28T15:11:54.505217+00:00",
    "source": "trello",
    "action": "wiki_v2_event_processed",
    "data": {
      "event_key": "trello:69ba054396a22a992939980d",
      "claims_written": 1,
      "claims_superseded": 0,
      "decision_keys_persisted": 0,
      "linkage_keys_persisted": 0
    }
  },
  {
    "ts": "2026-04-28T15:11:54.550242+00:00",
    "source": "trello",
    "action": "event_processed",
    "data": {
      "event_key": "trello:69ba054396a22a992939980d",
      "content_key": "trello:69ba053856cb8061467fbd36:a04fe6e9eb2f69daebb361ef8c80e7086045fb53e99444dfe18a87d5157a7c84"
    }
  },
  {
    "ts": "2026-04-28T15:11:55.028940+00:00",
    "source": "trello",
    "action": "wiki_v2_claim_written",
    "data": {
      "claim_id": "933f04eb-671b-414f-93af-f493c02fc53e",
      "blob_path": "memory/vault/claims/933f04eb-671b-414f-93af-f493c02fc53e.md",
      "entity_id": "69ba053856cb8061467fbd36",
      "claim_type": "status"
    }
  },
  {
    "ts": "2026-04-28T15:11:55.050782+00:00",
    "source": "trello",
    "action": "wiki_v2_event_processed",
    "data": {
      "event_key": "trello:69ba05400f09a15872870f99",
      "claims_written": 1,
      "claims_superseded": 0,
      "decision_keys_persisted": 0,
      "linkage_keys_persisted": 0
    }
  },
  {
    "ts": "2026-04-28T15:11:55.090991+00:00",
    "source": "trello",
    "action": "event_processed",
    "data": {
      "event_key": "trello:69ba05400f09a15872870f99",
      "content_key": "trello:69ba053856cb8061467fbd36:471b93eac2f6153e0ede787ff124ef2c509e470c557a761a4cf9408c1032d1f3"
    }
  },
  {
    "ts": "2026-04-28T15:11:55.594529+00:00",
    "source": "trello",
    "action": "wiki_v2_claim_written",
    "data": {
      "claim_id": "3cf749bb-f249-45bc-bd07-a40b040007c2",
      "blob_path": "memory/vault/claims/3cf749bb-f249-45bc-bd07-a40b040007c2.md",
      "entity_id": "69ba053856cb8061467fbd36",
      "claim_type": "status"
    }
  },
  {
    "ts": "2026-04-28T15:11:55.621187+00:00",
    "source": "trello",
    "action": "wiki_v2_event_processed",
    "data": {
      "event_key": "trello:69ba053856cb8061467fbd5b",
      "claims_written": 1,
      "claims_superseded": 0,
      "decision_keys_persisted": 0,
      "linkage_keys_persisted": 0
    }
  },
  {
    "ts": "2026-04-28T15:11:55.700135+00:00",
    "source": "trello",
    "action": "event_processed",
    "data": {
      "event_key": "trello:69ba053856cb8061467fbd5b",
      "content_key": "trello:69ba053856cb8061467fbd36:8011e2bda642d9e5b7dfebf6ea17d8601bf198e7b5e568344e67a46e2c1a3643"
    }
  },
  {
    "ts": "2026-04-28T15:11:56.222755+00:00",
    "source": "trello",
    "action": "wiki_v2_claim_written",
    "data": {
      "claim_id": "4d898548-a648-44fc-b831-bd9de6565916",
      "blob_path": "memory/vault/claims/4d898548-a648-44fc-b831-bd9de6565916.md",
      "entity_id": "69b9c84f7154c45d4699f448",
      "claim_type": "status"
    }
  },
  {
    "ts": "2026-04-28T15:11:56.244731+00:00",
    "source": "trello",
    "action": "wiki_v2_event_processed",
    "data": {
      "event_key": "trello:69b9c8507154c45d4699f5e1",
      "claims_written": 1,
      "claims_superseded": 0,
      "decision_keys_persisted": 0,
      "linkage_keys_persisted": 0
    }
  },
  {
    "ts": "2026-04-28T15:11:56.285359+00:00",
    "source": "trello",
    "action": "event_processed",
    "data": {
      "event_key": "trello:69b9c8507154c45d4699f5e1",
      "content_key": "trello:69b9c84f7154c45d4699f448:cb91a889b83a583d5dc792f279285c68174c561a2c7847750f9aeafe2bc8a9ef"
    }
  },
  {
    "ts": "2026-04-28T15:11:56.804645+00:00",
    "source": "trello",
    "action": "wiki_v2_claim_written",
    "data": {
      "claim_id": "4a794f0b-51fa-44d9-b47b-9c47f9f298f9",
      "blob_path": "memory/vault/claims/4a794f0b-51fa-44d9-b47b-9c47f9f298f9.md",
      "entity_id": "69b9c84f7154c45d4699f448",
      "claim_type": "status"
    }
  },
  {
    "ts": "2026-04-28T15:11:56.832282+00:00",
    "source": "trello",
    "action": "wiki_v2_event_processed",
    "data": {
      "event_key": "trello:69b9c84f7154c45d4699f56a",
      "claims_written": 1,
      "claims_superseded": 0,
      "decision_keys_persisted": 0,
      "linkage_keys_persisted": 0
    }
  },
  {
    "ts": "2026-04-28T15:11:56.891210+00:00",
    "source": "trello",
    "action": "event_processed",
    "data": {
      "event_key": "trello:69b9c84f7154c45d4699f56a",
      "content_key": "trello:69b9c84f7154c45d4699f448:6122f6d6cad1af48f28a9549d7eb1da7c327db2f8cfd45531ba4c7806b4f4045"
    }
  },
  {
    "ts": "2026-04-28T15:11:57.410278+00:00",
    "source": "trello",
    "action": "wiki_v2_claim_written",
    "data": {
      "claim_id": "1fc2b316-49d0-43db-851e-00d99aa418af",
      "blob_path": "memory/vault/claims/1fc2b316-49d0-43db-851e-00d99aa418af.md",
      "entity_id": "69b2b329d31fee8fc71ba17c",
      "claim_type": "status"
    }
  },
  {
    "ts": "2026-04-28T15:11:57.419841+00:00",
    "source": "trello",
    "action": "wiki_v2_claim_written",
    "data": {
      "claim_id": "4cddcec6-2c2c-4fdc-a558-b99028e09247",
      "blob_path": "memory/vault/claims/4cddcec6-2c2c-4fdc-a558-b99028e09247.md",
      "entity_id": "69b2b329d31fee8fc71ba17c",
      "claim_type": "decision"
    }
  },
  {
    "ts": "2026-04-28T15:11:57.451120+00:00",
    "source": "trello",
    "action": "wiki_v2_claim_written",
    "data": {
      "claim_id": "d095efa2-2a51-4252-9f59-f2d09af5fc8c",
      "blob_path": "memory/vault/claims/d095efa2-2a51-4252-9f59-f2d09af5fc8c.md",
      "entity_id": "69b2b329d31fee8fc71ba17c",
      "claim_type": "linkage"
    }
  },
  {
    "ts": "2026-04-28T15:11:57.492821+00:00",
    "source": "trello",
    "action": "wiki_v2_event_processed",
    "data": {
      "event_key": "trello:69b9c67eee2cd99c758d9aa0",
      "claims_written": 3,
      "claims_superseded": 0,
      "decision_keys_persisted": 0,
      "linkage_keys_persisted": 1
    }
  },
  {
    "ts": "2026-04-28T15:11:57.578525+00:00",
    "source": "trello",
    "action": "event_processed",
    "data": {
      "event_key": "trello:69b9c67eee2cd99c758d9aa0",
      "content_key": "trello:69b2b329d31fee8fc71ba17c:fa11174fcbc2fdbd90a25f28bb8c2b6e0593db8a39814a49baa9990b96b6864e"
    }
  },
  {
    "ts": "2026-04-28T15:11:58.073507+00:00",
    "source": "trello",
    "action": "wiki_v2_claim_written",
    "data": {
      "claim_id": "149998ec-df9a-4491-94d3-2d34ae29c3ad",
      "blob_path": "memory/vault/claims/149998ec-df9a-4491-94d3-2d34ae29c3ad.md",
      "entity_id": "69b2b329d31fee8fc71ba17c",
      "claim_type": "status"
    }
  },
  {
    "ts": "2026-04-28T15:11:58.100811+00:00",
    "source": "trello",
    "action": "wiki_v2_event_processed",
    "data": {
      "event_key": "trello:69b9c67eee2cd99c758d9a7a",
      "claims_written": 1,
      "claims_superseded": 0,
      "decision_keys_persisted": 0,
      "linkage_keys_persisted": 0
    }
  },
  {
    "ts": "2026-04-28T15:11:58.175177+00:00",
    "source": "trello",
    "action": "event_processed",
    "data": {
      "event_key": "trello:69b9c67eee2cd99c758d9a7a",
      "content_key": "trello:69b2b329d31fee8fc71ba17c:001f4faaa5089fa864a2748335a0ea4cb8daa24d87bf2052f42b956cbf7d38c1"
    }
  },
  {
    "ts": "2026-04-28T15:11:58.680064+00:00",
    "source": "trello",
    "action": "wiki_v2_claim_written",
    "data": {
      "claim_id": "1f99dab3-e2a1-44b7-85a8-b4dfb1b332eb",
      "blob_path": "memory/vault/claims/1f99dab3-e2a1-44b7-85a8-b4dfb1b332eb.md",
      "entity_id": "69b2b329d31fee8fc71ba17c",
      "claim_type": "status"
    }
  },
  {
    "ts": "2026-04-28T15:11:58.716167+00:00",
    "source": "trello",
    "action": "wiki_v2_event_processed",
    "data": {
      "event_key": "trello:69b9c67b98276135a9f9dad8",
      "claims_written": 1,
      "claims_superseded": 0,
      "decision_keys_persisted": 0,
      "linkage_keys_persisted": 0
    }
  },
  {
    "ts": "2026-04-28T15:11:58.795599+00:00",
    "source": "trello",
    "action": "event_processed",
    "data": {
      "event_key": "trello:69b9c67b98276135a9f9dad8",
      "content_key": "trello:69b2b329d31fee8fc71ba17c:f766cd6cc50ccdc5fa201631f343549fa986870aca9c7f35ff83a2debddc28dc"
    }
  },
  {
    "ts": "2026-04-28T15:11:59.277497+00:00",
    "source": "trello",
    "action": "wiki_v2_claim_written",
    "data": {
      "claim_id": "46c5b191-c853-45f5-91ba-68aee4adc4db",
      "blob_path": "memory/vault/claims/46c5b191-c853-45f5-91ba-68aee4adc4db.md",
      "entity_id": "69b999b8426e280f8e70ef0d",
      "claim_type": "status"
    }
  },
  {
    "ts": "2026-04-28T15:11:59.298452+00:00",
    "source": "trello",
    "action": "wiki_v2_event_processed",
    "data": {
      "event_key": "trello:69b9c676af7e9980143ab221",
      "claims_written": 1,
      "claims_superseded": 0,
      "decision_keys_persisted": 0,
      "linkage_keys_persisted": 0
    }
  },
  {
    "ts": "2026-04-28T15:11:59.367087+00:00",
    "source": "trello",
    "action": "event_processed",
    "data": {
      "event_key": "trello:69b9c676af7e9980143ab221",
      "content_key": "trello:69b999b8426e280f8e70ef0d:ff9f331ee9876d9b68f6ac12354685632b974ad7decdc13f2f41a31709526ca5"
    }
  },
  {
    "ts": "2026-04-28T15:11:59.883657+00:00",
    "source": "trello",
    "action": "wiki_v2_claim_written",
    "data": {
      "claim_id": "b336a342-42dc-4c1a-aacf-beca8aaeacce",
      "blob_path": "memory/vault/claims/b336a342-42dc-4c1a-aacf-beca8aaeacce.md",
      "entity_id": "69b999b8426e280f8e70ef0d",
      "claim_type": "status"
    }
  },
  {
    "ts": "2026-04-28T15:11:59.908983+00:00",
    "source": "trello",
    "action": "wiki_v2_event_processed",
    "data": {
      "event_key": "trello:69b9c676af7e9980143ab1ff",
      "claims_written": 1,
      "claims_superseded": 0,
      "decision_keys_persisted": 0,
      "linkage_keys_persisted": 0
    }
  },
  {
    "ts": "2026-04-28T15:11:59.969729+00:00",
    "source": "trello",
    "action": "event_processed",
    "data": {
      "event_key": "trello:69b9c676af7e9980143ab1ff",
      "content_key": "trello:69b999b8426e280f8e70ef0d:afa5fc99b2e07416a70c31108a52c9a436018133e75640289df7ea1e3199ed94"
    }
  },
  {
    "ts": "2026-04-28T15:12:00.518993+00:00",
    "source": "trello",
    "action": "wiki_v2_claim_written",
    "data": {
      "claim_id": "3fca675c-6937-4e59-82e3-6719c19dff2e",
      "blob_path": "memory/vault/claims/3fca675c-6937-4e59-82e3-6719c19dff2e.md",
      "entity_id": "69b9ab579d58cd4ce5730c4c",
      "claim_type": "status"
    }
  },
  {
    "ts": "2026-04-28T15:12:00.563037+00:00",
    "source": "trello",
    "action": "wiki_v2_event_processed",
    "data": {
      "event_key": "trello:69b9c6740a8a045fd724824c",
      "claims_written": 1,
      "claims_superseded": 0,
      "decision_keys_persisted": 0,
      "linkage_keys_persisted": 0
    }
  },
  {
    "ts": "2026-04-28T15:12:00.667121+00:00",
    "source": "trello",
    "action": "event_processed",
    "data": {
      "event_key": "trello:69b9c6740a8a045fd724824c",
      "content_key": "trello:69b9ab579d58cd4ce5730c4c:6c2ad4f065e1105436a9b088646f631d476aab3941563069b2593aad000f997c"
    }
  },
  {
    "ts": "2026-04-28T15:12:01.192776+00:00",
    "source": "trello",
    "action": "wiki_v2_claim_written",
    "data": {
      "claim_id": "2482fec8-0a62-478c-8891-0c37d6b5f5e1",
      "blob_path": "memory/vault/claims/2482fec8-0a62-478c-8891-0c37d6b5f5e1.md",
      "entity_id": "69ab53b177a6699e13c5ee21",
      "claim_type": "status"
    }
  },
  {
    "ts": "2026-04-28T15:12:01.238664+00:00",
    "source": "trello",
    "action": "wiki_v2_event_processed",
    "data": {
      "event_key": "trello:69ab53c870e4b4f4d99b2fb7",
      "claims_written": 1,
      "claims_superseded": 0,
      "decision_keys_persisted": 0,
      "linkage_keys_persisted": 0
    }
  },
  {
    "ts": "2026-04-28T15:12:01.322796+00:00",
    "source": "trello",
    "action": "event_processed",
    "data": {
      "event_key": "trello:69ab53c870e4b4f4d99b2fb7",
      "content_key": "trello:69ab53b177a6699e13c5ee21:dd5be0f2f3781a64ff99536bc20743d99bb128a9ac3955e81dda42a1327e5585"
    }
  },
  {
    "ts": "2026-04-28T15:12:01.836884+00:00",
    "source": "trello",
    "action": "wiki_v2_claim_written",
    "data": {
      "claim_id": "8394f348-b9cf-456a-af9a-6b31ea4cd91d",
      "blob_path": "memory/vault/claims/8394f348-b9cf-456a-af9a-6b31ea4cd91d.md",
      "entity_id": "69ab53b177a6699e13c5ee21",
      "claim_type": "status"
    }
  },
  {
    "ts": "2026-04-28T15:12:01.862437+00:00",
    "source": "trello",
    "action": "wiki_v2_event_processed",
    "data": {
      "event_key": "trello:69ab53b277a6699e13c5f07e",
      "claims_written": 1,
      "claims_superseded": 0,
      "decision_keys_persisted": 0,
      "linkage_keys_persisted": 0
    }
  },
  {
    "ts": "2026-04-28T15:12:01.938858+00:00",
    "source": "trello",
    "action": "event_processed",
    "data": {
      "event_key": "trello:69ab53b277a6699e13c5f07e",
      "content_key": "trello:69ab53b177a6699e13c5ee21:5b112fb3d654501f986191451af9ed97334a5be77eb9f3944bd6bfb3e6125203"
    }
  },
  {
    "ts": "2026-04-28T15:12:02.457790+00:00",
    "source": "trello",
    "action": "wiki_v2_claim_written",
    "data": {
      "claim_id": "740a707b-2b12-4ac1-a48a-15f18c027e33",
      "blob_path": "memory/vault/claims/740a707b-2b12-4ac1-a48a-15f18c027e33.md",
      "entity_id": "69ab53b177a6699e13c5ee21",
      "claim_type": "status"
    }
  },
  {
    "ts": "2026-04-28T15:12:02.493868+00:00",
    "source": "trello",
    "action": "wiki_v2_event_processed",
    "data": {
      "event_key": "trello:69ab53b177a6699e13c5ee84",
      "claims_written": 1,
      "claims_superseded": 0,
      "decision_keys_persisted": 0,
      "linkage_keys_persisted": 0
    }
  },
  {
    "ts": "2026-04-28T15:12:02.555288+00:00",
    "source": "trello",
    "action": "event_processed",
    "data": {
      "event_key": "trello:69ab53b177a6699e13c5ee84",
      "content_key": "trello:69ab53b177a6699e13c5ee21:dfa1cb0cb1b455330dc1d2af0b701886645978beecdb968a742faf7afd5ed748"
    }
  },
  {
    "ts": "2026-04-28T15:12:03.070413+00:00",
    "source": "trello",
    "action": "wiki_v2_claim_written",
    "data": {
      "claim_id": "5c19813e-24b8-4447-a694-781e6c69846b",
      "blob_path": "memory/vault/claims/5c19813e-24b8-4447-a694-781e6c69846b.md",
      "entity_id": "699e2d643b3afb8d0f6dd777",
      "claim_type": "status"
    }
  },
  {
    "ts": "2026-04-28T15:12:03.106777+00:00",
    "source": "trello",
    "action": "wiki_v2_event_processed",
    "data": {
      "event_key": "trello:699e2d653b3afb8d0f6dd7c7",
      "claims_written": 1,
      "claims_superseded": 0,
      "decision_keys_persisted": 0,
      "linkage_keys_persisted": 0
    }
  },
  {
    "ts": "2026-04-28T15:12:03.172671+00:00",
    "source": "trello",
    "action": "event_processed",
    "data": {
      "event_key": "trello:699e2d653b3afb8d0f6dd7c7",
      "content_key": "trello:699e2d643b3afb8d0f6dd777:a7dc330df630a681e8f801c1176bc13febca1a5c5fab0c928e9c6d8b16910bc9"
    }
  },
  {
    "ts": "2026-04-28T15:12:03.658989+00:00",
    "source": "trello",
    "action": "wiki_v2_claim_written",
    "data": {
      "claim_id": "ddeb132c-b553-43c9-8ba6-0fd82dc5ea84",
      "blob_path": "memory/vault/claims/ddeb132c-b553-43c9-8ba6-0fd82dc5ea84.md",
      "entity_id": "6973e09b1fde0e54e003dc5d",
      "claim_type": "status"
    }
  },
  {
    "ts": "2026-04-28T15:12:03.690240+00:00",
    "source": "trello",
    "action": "wiki_v2_event_processed",
    "data": {
      "event_key": "trello:6973e0b499a88bcfd23db2e1",
      "claims_written": 1,
      "claims_superseded": 0,
      "decision_keys_persisted": 0,
      "linkage_keys_persisted": 0
    }
  },
  {
    "ts": "2026-04-28T15:12:03.752649+00:00",
    "source": "trello",
    "action": "event_processed",
    "data": {
      "event_key": "trello:6973e0b499a88bcfd23db2e1",
      "content_key": "trello:6973e09b1fde0e54e003dc5d:4ce9b0fe4d9653fd4d57323a623c044193150645d2c47ff7fd2b7265d8613ca4"
    }
  },
  {
    "ts": "2026-04-28T15:12:04.257580+00:00",
    "source": "trello",
    "action": "wiki_v2_claim_written",
    "data": {
      "claim_id": "e317ed91-d237-47c2-b77b-44af0f8498ca",
      "blob_path": "memory/vault/claims/e317ed91-d237-47c2-b77b-44af0f8498ca.md",
      "entity_id": "6973e09b1fde0e54e003dc5d",
      "claim_type": "status"
    }
  },
  {
    "ts": "2026-04-28T15:12:04.291015+00:00",
    "source": "trello",
    "action": "wiki_v2_event_processed",
    "data": {
      "event_key": "trello:6973e0b499a88bcfd23db2cb",
      "claims_written": 1,
      "claims_superseded": 0,
      "decision_keys_persisted": 0,
      "linkage_keys_persisted": 0
    }
  },
  {
    "ts": "2026-04-28T15:12:04.365203+00:00",
    "source": "trello",
    "action": "event_processed",
    "data": {
      "event_key": "trello:6973e0b499a88bcfd23db2cb",
      "content_key": "trello:6973e09b1fde0e54e003dc5d:d7f63c130a2508f6ec030feeee68f1664d55ab0c0b6436f3ffc9e10c2013d1e3"
    }
  },
  {
    "ts": "2026-04-28T15:12:04.875531+00:00",
    "source": "trello",
    "action": "wiki_v2_claim_written",
    "data": {
      "claim_id": "50c8c192-41ee-4990-850d-daf61afd8ff2",
      "blob_path": "memory/vault/claims/50c8c192-41ee-4990-850d-daf61afd8ff2.md",
      "entity_id": "6973e09b1fde0e54e003dc5d",
      "claim_type": "status"
    }
  },
  {
    "ts": "2026-04-28T15:12:04.903016+00:00",
    "source": "trello",
    "action": "wiki_v2_event_processed",
    "data": {
      "event_key": "trello:6973e09b1fde0e54e003dc9e",
      "claims_written": 1,
      "claims_superseded": 0,
      "decision_keys_persisted": 0,
      "linkage_keys_persisted": 0
    }
  },
  {
    "ts": "2026-04-28T15:12:04.952299+00:00",
    "source": "trello",
    "action": "event_processed",
    "data": {
      "event_key": "trello:6973e09b1fde0e54e003dc9e",
      "content_key": "trello:6973e09b1fde0e54e003dc5d:af6b614d34b9a41d80a8c0b724a9fe4dcf46b7dee96ab3f2b00837128f0b0b56"
    }
  },
  {
    "ts": "2026-04-28T15:12:05.428830+00:00",
    "source": "trello",
    "action": "wiki_v2_claim_written",
    "data": {
      "claim_id": "81ca2eba-6426-49cb-80aa-6fe9de5b0913",
      "blob_path": "memory/vault/claims/81ca2eba-6426-49cb-80aa-6fe9de5b0913.md",
      "entity_id": "6973e09b1fde0e54e003dc5d",
      "claim_type": "status"
    }
  },
  {
    "ts": "2026-04-28T15:12:05.454145+00:00",
    "source": "trello",
    "action": "wiki_v2_event_processed",
    "data": {
      "event_key": "trello:6973e09b1fde0e54e003dc89",
      "claims_written": 1,
      "claims_superseded": 0,
      "decision_keys_persisted": 0,
      "linkage_keys_persisted": 0
    }
  },
  {
    "ts": "2026-04-28T15:12:05.520775+00:00",
    "source": "trello",
    "action": "event_processed",
    "data": {
      "event_key": "trello:6973e09b1fde0e54e003dc89",
      "content_key": "trello:6973e09b1fde0e54e003dc5d:17ef816259de5c49e21670938b280ec625aab4896c75fed60925d7ddd2b122e9"
    }
  },
  {
    "ts": "2026-04-28T15:12:06.033588+00:00",
    "source": "trello",
    "action": "wiki_v2_claim_written",
    "data": {
      "claim_id": "51df951a-6e25-405c-a0d9-e2e396992385",
      "blob_path": "memory/vault/claims/51df951a-6e25-405c-a0d9-e2e396992385.md",
      "entity_id": "695a8c4e5e27b72cefe66644",
      "claim_type": "status"
    }
  },
  {
    "ts": "2026-04-28T15:12:06.060457+00:00",
    "source": "trello",
    "action": "wiki_v2_event_processed",
    "data": {
      "event_key": "trello:695a8c63e7d903ce621b0886",
      "claims_written": 1,
      "claims_superseded": 0,
      "decision_keys_persisted": 0,
      "linkage_keys_persisted": 0
    }
  },
  {
    "ts": "2026-04-28T15:12:06.115456+00:00",
    "source": "trello",
    "action": "event_processed",
    "data": {
      "event_key": "trello:695a8c63e7d903ce621b0886",
      "content_key": "trello:695a8c4e5e27b72cefe66644:1bb14609f3033432dfc7e7324a68a75f63b857e1cbaf6d3a956f9b466b386ba0"
    }
  },
  {
    "ts": "2026-04-28T15:12:06.607837+00:00",
    "source": "trello",
    "action": "wiki_v2_claim_written",
    "data": {
      "claim_id": "7040f399-aa85-43d0-bf35-d0d1e331c0f2",
      "blob_path": "memory/vault/claims/7040f399-aa85-43d0-bf35-d0d1e331c0f2.md",
      "entity_id": "695a8c4e5e27b72cefe66644",
      "claim_type": "status"
    }
  },
  {
    "ts": "2026-04-28T15:12:06.616218+00:00",
    "source": "trello",
    "action": "wiki_v2_claim_written",
    "data": {
      "claim_id": "41026f90-6aa9-4794-833e-9ec3f7d0ca4a",
      "blob_path": "memory/vault/claims/41026f90-6aa9-4794-833e-9ec3f7d0ca4a.md",
      "entity_id": "695a8c4e5e27b72cefe66644",
      "claim_type": "decision"
    }
  },
  {
    "ts": "2026-04-28T15:12:06.643133+00:00",
    "source": "trello",
    "action": "wiki_v2_claim_written",
    "data": {
      "claim_id": "231d4981-5264-466f-a98f-87b7504616ba",
      "blob_path": "memory/vault/claims/231d4981-5264-466f-a98f-87b7504616ba.md",
      "entity_id": "695a8c4e5e27b72cefe66644",
      "claim_type": "linkage"
    }
  },
  {
    "ts": "2026-04-28T15:12:06.669428+00:00",
    "source": "trello",
    "action": "wiki_v2_event_processed",
    "data": {
      "event_key": "trello:695a8c5b23451ae71462ca50",
      "claims_written": 3,
      "claims_superseded": 0,
      "decision_keys_persisted": 0,
      "linkage_keys_persisted": 1
    }
  },
  {
    "ts": "2026-04-28T15:12:06.724722+00:00",
    "source": "trello",
    "action": "event_processed",
    "data": {
      "event_key": "trello:695a8c5b23451ae71462ca50",
      "content_key": "trello:695a8c4e5e27b72cefe66644:c1ebc5b52330d9fb7552abe6c744085ca1286a825a7eaa3caea8d6613f0da81b"
    }
  },
  {
    "ts": "2026-04-28T15:12:07.243902+00:00",
    "source": "trello",
    "action": "wiki_v2_claim_written",
    "data": {
      "claim_id": "bbe60f4f-1fc3-429e-89b6-74c4a1200e40",
      "blob_path": "memory/vault/claims/bbe60f4f-1fc3-429e-89b6-74c4a1200e40.md",
      "entity_id": "695a8c4e5e27b72cefe66644",
      "claim_type": "status"
    }
  },
  {
    "ts": "2026-04-28T15:12:07.254670+00:00",
    "source": "trello",
    "action": "wiki_v2_claim_written",
    "data": {
      "claim_id": "ff4045e2-10c6-4635-881f-72f9f7cae255",
      "blob_path": "memory/vault/claims/ff4045e2-10c6-4635-881f-72f9f7cae255.md",
      "entity_id": "695a8c4e5e27b72cefe66644",
      "claim_type": "decision"
    }
  },
  {
    "ts": "2026-04-28T15:12:07.267858+00:00",
    "source": "trello",
    "action": "wiki_v2_claim_written",
    "data": {
      "claim_id": "3124acc1-3fcb-43c6-a23a-47983a94f0c5",
      "blob_path": "memory/vault/claims/3124acc1-3fcb-43c6-a23a-47983a94f0c5.md",
      "entity_id": "695a8c4e5e27b72cefe66644",
      "claim_type": "linkage"
    }
  },
  {
    "ts": "2026-04-28T15:12:07.290088+00:00",
    "source": "trello",
    "action": "wiki_v2_event_processed",
    "data": {
      "event_key": "trello:695a8c54d5b3aa1048012bdd",
      "claims_written": 3,
      "claims_superseded": 0,
      "decision_keys_persisted": 0,
      "linkage_keys_persisted": 0
    }
  },
  {
    "ts": "2026-04-28T15:12:07.341237+00:00",
    "source": "trello",
    "action": "event_processed",
    "data": {
      "event_key": "trello:695a8c54d5b3aa1048012bdd",
      "content_key": "trello:695a8c4e5e27b72cefe66644:9092e181ad5c8d43176d6663441ee7bf3dfcafc44b49b50b579de17a244fdbbf"
    }
  },
  {
    "ts": "2026-04-28T15:12:07.811931+00:00",
    "source": "trello",
    "action": "wiki_v2_claim_written",
    "data": {
      "claim_id": "6b1d957f-dea4-42ba-bc32-941b31824abe",
      "blob_path": "memory/vault/claims/6b1d957f-dea4-42ba-bc32-941b31824abe.md",
      "entity_id": "695a8c4e5e27b72cefe66644",
      "claim_type": "status"
    }
  },
  {
    "ts": "2026-04-28T15:12:07.820948+00:00",
    "source": "trello",
    "action": "wiki_v2_claim_written",
    "data": {
      "claim_id": "2a7eab32-a91c-4c47-aa6b-79e7bedaee0e",
      "blob_path": "memory/vault/claims/2a7eab32-a91c-4c47-aa6b-79e7bedaee0e.md",
      "entity_id": "695a8c4e5e27b72cefe66644",
      "claim_type": "decision"
    }
  },
  {
    "ts": "2026-04-28T15:12:07.829023+00:00",
    "source": "trello",
    "action": "wiki_v2_claim_written",
    "data": {
      "claim_id": "45a55abf-bd53-4262-9a36-5ce83692cbc9",
      "blob_path": "memory/vault/claims/45a55abf-bd53-4262-9a36-5ce83692cbc9.md",
      "entity_id": "695a8c4e5e27b72cefe66644",
      "claim_type": "linkage"
    }
  },
  {
    "ts": "2026-04-28T15:12:07.857635+00:00",
    "source": "trello",
    "action": "wiki_v2_event_processed",
    "data": {
      "event_key": "trello:695a8c4e5e27b72cefe66662",
      "claims_written": 3,
      "claims_superseded": 0,
      "decision_keys_persisted": 0,
      "linkage_keys_persisted": 0
    }
  },
  {
    "ts": "2026-04-28T15:12:07.923198+00:00",
    "source": "trello",
    "action": "event_processed",
    "data": {
      "event_key": "trello:695a8c4e5e27b72cefe66662",
      "content_key": "trello:695a8c4e5e27b72cefe66644:8fc756a796a567d468e036fe42a1c162c300ce9513fd42c26f210797e2837dae"
    }
  },
  {
    "ts": "2026-04-28T15:12:08.416294+00:00",
    "source": "trello",
    "action": "wiki_v2_claim_written",
    "data": {
      "claim_id": "b15a1a5a-06df-4454-8216-87aec1cc4788",
      "blob_path": "memory/vault/claims/b15a1a5a-06df-4454-8216-87aec1cc4788.md",
      "entity_id": "695a8af50e6e21d507395145",
      "claim_type": "status"
    }
  },
  {
    "ts": "2026-04-28T15:12:08.446391+00:00",
    "source": "trello",
    "action": "wiki_v2_event_processed",
    "data": {
      "event_key": "trello:695a8b1bb9a65daabcad8fec",
      "claims_written": 1,
      "claims_superseded": 0,
      "decision_keys_persisted": 0,
      "linkage_keys_persisted": 0
    }
  },
  {
    "ts": "2026-04-28T15:12:08.506287+00:00",
    "source": "trello",
    "action": "event_processed",
    "data": {
      "event_key": "trello:695a8b1bb9a65daabcad8fec",
      "content_key": "trello:695a8af50e6e21d507395145:f462b6efd0105a1ceab21236febdc269a7b52c2ba463e492c7ca478ab8c60d70"
    }
  },
  {
    "ts": "2026-04-28T15:12:08.990390+00:00",
    "source": "trello",
    "action": "wiki_v2_claim_written",
    "data": {
      "claim_id": "675416fb-4141-4e04-9fd1-a278ceeee0b7",
      "blob_path": "memory/vault/claims/675416fb-4141-4e04-9fd1-a278ceeee0b7.md",
      "entity_id": "695a8af50e6e21d507395145",
      "claim_type": "status"
    }
  },
  {
    "ts": "2026-04-28T15:12:09.002648+00:00",
    "source": "trello",
    "action": "wiki_v2_claim_written",
    "data": {
      "claim_id": "ddbc880a-4575-4b01-99c1-c950c81c9b28",
      "blob_path": "memory/vault/claims/ddbc880a-4575-4b01-99c1-c950c81c9b28.md",
      "entity_id": "695a8af50e6e21d507395145",
      "claim_type": "decision"
    }
  },
  {
    "ts": "2026-04-28T15:12:09.045018+00:00",
    "source": "trello",
    "action": "wiki_v2_claim_written",
    "data": {
      "claim_id": "73e7d5a6-5b00-4256-8b50-89a49f62744d",
      "blob_path": "memory/vault/claims/73e7d5a6-5b00-4256-8b50-89a49f62744d.md",
      "entity_id": "695a8af50e6e21d507395145",
      "claim_type": "linkage"
    }
  },
  {
    "ts": "2026-04-28T15:12:09.079399+00:00",
    "source": "trello",
    "action": "wiki_v2_event_processed",
    "data": {
      "event_key": "trello:695a8b187639ae7e0602e40e",
      "claims_written": 3,
      "claims_superseded": 0,
      "decision_keys_persisted": 0,
      "linkage_keys_persisted": 1
    }
  },
  {
    "ts": "2026-04-28T15:12:09.132001+00:00",
    "source": "trello",
    "action": "event_processed",
    "data": {
      "event_key": "trello:695a8b187639ae7e0602e40e",
      "content_key": "trello:695a8af50e6e21d507395145:831b64e2bb251d21d896ac229f4a59f9f49276f8fae9b3cba35217e4e77ce804"
    }
  },
  {
    "ts": "2026-04-28T15:12:09.604478+00:00",
    "source": "trello",
    "action": "wiki_v2_claim_written",
    "data": {
      "claim_id": "0789cf84-fa3c-49ef-badf-410ca46b60ca",
      "blob_path": "memory/vault/claims/0789cf84-fa3c-49ef-badf-410ca46b60ca.md",
      "entity_id": "695a8af50e6e21d507395145",
      "claim_type": "status"
    }
  },
  {
    "ts": "2026-04-28T15:12:09.619729+00:00",
    "source": "trello",
    "action": "wiki_v2_claim_written",
    "data": {
      "claim_id": "4eb1aee2-8bd8-48c1-ab4a-56f34dfce04c",
      "blob_path": "memory/vault/claims/4eb1aee2-8bd8-48c1-ab4a-56f34dfce04c.md",
      "entity_id": "695a8af50e6e21d507395145",
      "claim_type": "decision"
    }
  },
  {
    "ts": "2026-04-28T15:12:09.634272+00:00",
    "source": "trello",
    "action": "wiki_v2_claim_written",
    "data": {
      "claim_id": "25a87a1d-8f9d-4556-a8e2-4eeae1b4ab84",
      "blob_path": "memory/vault/claims/25a87a1d-8f9d-4556-a8e2-4eeae1b4ab84.md",
      "entity_id": "695a8af50e6e21d507395145",
      "claim_type": "linkage"
    }
  },
  {
    "ts": "2026-04-28T15:12:09.667926+00:00",
    "source": "trello",
    "action": "wiki_v2_event_processed",
    "data": {
      "event_key": "trello:695a8b0b7fc2fc79e088bd5d",
      "claims_written": 3,
      "claims_superseded": 0,
      "decision_keys_persisted": 0,
      "linkage_keys_persisted": 0
    }
  },
  {
    "ts": "2026-04-28T15:12:09.737823+00:00",
    "source": "trello",
    "action": "event_processed",
    "data": {
      "event_key": "trello:695a8b0b7fc2fc79e088bd5d",
      "content_key": "trello:695a8af50e6e21d507395145:a2cbe7d98779a5d0c7809b2bbfe86661e8e232f5e54d84aed7aa57319eb2ea61"
    }
  },
  {
    "ts": "2026-04-28T15:12:10.222531+00:00",
    "source": "trello",
    "action": "wiki_v2_claim_written",
    "data": {
      "claim_id": "b13b286b-b22f-4a3f-8910-25237789664f",
      "blob_path": "memory/vault/claims/b13b286b-b22f-4a3f-8910-25237789664f.md",
      "entity_id": "695a8af50e6e21d507395145",
      "claim_type": "status"
    }
  },
  {
    "ts": "2026-04-28T15:12:10.230721+00:00",
    "source": "trello",
    "action": "wiki_v2_claim_written",
    "data": {
      "claim_id": "2c32ebb1-f6c7-4664-b146-485676c66ce0",
      "blob_path": "memory/vault/claims/2c32ebb1-f6c7-4664-b146-485676c66ce0.md",
      "entity_id": "695a8af50e6e21d507395145",
      "claim_type": "decision"
    }
  },
  {
    "ts": "2026-04-28T15:12:10.245682+00:00",
    "source": "trello",
    "action": "wiki_v2_claim_written",
    "data": {
      "claim_id": "519b4f72-80ee-42de-9243-d6b0fb62d310",
      "blob_path": "memory/vault/claims/519b4f72-80ee-42de-9243-d6b0fb62d310.md",
      "entity_id": "695a8af50e6e21d507395145",
      "claim_type": "linkage"
    }
  },
  {
    "ts": "2026-04-28T15:12:10.282047+00:00",
    "source": "trello",
    "action": "wiki_v2_event_processed",
    "data": {
      "event_key": "trello:695a8afca7771cc91a2c3241",
      "claims_written": 3,
      "claims_superseded": 0,
      "decision_keys_persisted": 0,
      "linkage_keys_persisted": 0
    }
  },
  {
    "ts": "2026-04-28T15:12:10.361519+00:00",
    "source": "trello",
    "action": "event_processed",
    "data": {
      "event_key": "trello:695a8afca7771cc91a2c3241",
      "content_key": "trello:695a8af50e6e21d507395145:3fd5d62a962959f3a3fa18196aee78a3550b48978978a148d515c3cff8c96c81"
    }
  },
  {
    "ts": "2026-04-28T15:12:10.891062+00:00",
    "source": "trello",
    "action": "wiki_v2_claim_written",
    "data": {
      "claim_id": "3f804b32-902f-46e0-a72f-511af6be9682",
      "blob_path": "memory/vault/claims/3f804b32-902f-46e0-a72f-511af6be9682.md",
      "entity_id": "695a8af50e6e21d507395145",
      "claim_type": "status"
    }
  },
  {
    "ts": "2026-04-28T15:12:10.903164+00:00",
    "source": "trello",
    "action": "wiki_v2_claim_written",
    "data": {
      "claim_id": "e4c2baef-ef01-408e-b50c-c78d50f3bf2d",
      "blob_path": "memory/vault/claims/e4c2baef-ef01-408e-b50c-c78d50f3bf2d.md",
      "entity_id": "695a8af50e6e21d507395145",
      "claim_type": "decision"
    }
  },
  {
    "ts": "2026-04-28T15:12:10.915788+00:00",
    "source": "trello",
    "action": "wiki_v2_claim_written",
    "data": {
      "claim_id": "20896488-4ed7-4eff-93a9-b61417754044",
      "blob_path": "memory/vault/claims/20896488-4ed7-4eff-93a9-b61417754044.md",
      "entity_id": "695a8af50e6e21d507395145",
      "claim_type": "linkage"
    }
  },
  {
    "ts": "2026-04-28T15:12:10.948069+00:00",
    "source": "trello",
    "action": "wiki_v2_event_processed",
    "data": {
      "event_key": "trello:695a8af60e6e21d507395163",
      "claims_written": 3,
      "claims_superseded": 0,
      "decision_keys_persisted": 0,
      "linkage_keys_persisted": 0
    }
  },
  {
    "ts": "2026-04-28T15:12:11.007842+00:00",
    "source": "trello",
    "action": "event_processed",
    "data": {
      "event_key": "trello:695a8af60e6e21d507395163",
      "content_key": "trello:695a8af50e6e21d507395145:5213148c362ee72b15014dde6e4c2bd9b2800a6a03d8674433830b8dbf784a8e"
    }
  },
  {
    "ts": "2026-04-28T15:12:11.518790+00:00",
    "source": "trello",
    "action": "wiki_v2_claim_written",
    "data": {
      "claim_id": "2d56160d-9c09-4c7c-b17c-a118166637b7",
      "blob_path": "memory/vault/claims/2d56160d-9c09-4c7c-b17c-a118166637b7.md",
      "entity_id": "68599b154ee6363a399bf111",
      "claim_type": "status"
    }
  },
  {
    "ts": "2026-04-28T15:12:11.543186+00:00",
    "source": "trello",
    "action": "wiki_v2_event_processed",
    "data": {
      "event_key": "trello:695a8a9dd95921104338ca13",
      "claims_written": 1,
      "claims_superseded": 0,
      "decision_keys_persisted": 0,
      "linkage_keys_persisted": 0
    }
  },
  {
    "ts": "2026-04-28T15:12:11.602077+00:00",
    "source": "trello",
    "action": "event_processed",
    "data": {
      "event_key": "trello:695a8a9dd95921104338ca13",
      "content_key": "trello:68599b154ee6363a399bf111:585c31445c31e6ff129b75c3acc0704ec6ab478b0392a94bf74527e69065c14c"
    }
  },
  {
    "ts": "2026-04-28T15:12:12.113898+00:00",
    "source": "trello",
    "action": "wiki_v2_claim_written",
    "data": {
      "claim_id": "0206b735-8902-4cfb-b6ab-eaea71f2ec52",
      "blob_path": "memory/vault/claims/0206b735-8902-4cfb-b6ab-eaea71f2ec52.md",
      "entity_id": "695a890ee6d2495a7edaa190",
      "claim_type": "status"
    }
  },
  {
    "ts": "2026-04-28T15:12:12.122808+00:00",
    "source": "trello",
    "action": "wiki_v2_claim_written",
    "data": {
      "claim_id": "2cb6327c-1dc5-49ae-a715-05116187e77b",
      "blob_path": "memory/vault/claims/2cb6327c-1dc5-49ae-a715-05116187e77b.md",
      "entity_id": "695a890ee6d2495a7edaa190",
      "claim_type": "decision"
    }
  },
  {
    "ts": "2026-04-28T15:12:12.154390+00:00",
    "source": "trello",
    "action": "wiki_v2_claim_written",
    "data": {
      "claim_id": "753f5047-403d-4706-97df-7185b29ce6c4",
      "blob_path": "memory/vault/claims/753f5047-403d-4706-97df-7185b29ce6c4.md",
      "entity_id": "695a890ee6d2495a7edaa190",
      "claim_type": "linkage"
    }
  },
  {
    "ts": "2026-04-28T15:12:12.183771+00:00",
    "source": "trello",
    "action": "wiki_v2_event_processed",
    "data": {
      "event_key": "trello:695a896f24d1fe211b25a503",
      "claims_written": 3,
      "claims_superseded": 0,
      "decision_keys_persisted": 0,
      "linkage_keys_persisted": 1
    }
  },
  {
    "ts": "2026-04-28T15:12:12.274502+00:00",
    "source": "trello",
    "action": "event_processed",
    "data": {
      "event_key": "trello:695a896f24d1fe211b25a503",
      "content_key": "trello:695a890ee6d2495a7edaa190:59335f6df402b32411a443d2ab9eee30b3bcbce52c498e4450d94fcdaeefe29a"
    }
  },
  {
    "ts": "2026-04-28T15:12:12.755606+00:00",
    "source": "trello",
    "action": "wiki_v2_claim_written",
    "data": {
      "claim_id": "fecac0e4-572d-4491-9dc6-692afbf41339",
      "blob_path": "memory/vault/claims/fecac0e4-572d-4491-9dc6-692afbf41339.md",
      "entity_id": "695a890ee6d2495a7edaa190",
      "claim_type": "status"
    }
  },
  {
    "ts": "2026-04-28T15:12:12.788008+00:00",
    "source": "trello",
    "action": "wiki_v2_event_processed",
    "data": {
      "event_key": "trello:695a8925f472cf0f51fbb327",
      "claims_written": 1,
      "claims_superseded": 0,
      "decision_keys_persisted": 0,
      "linkage_keys_persisted": 0
    }
  },
  {
    "ts": "2026-04-28T15:12:12.854082+00:00",
    "source": "trello",
    "action": "event_processed",
    "data": {
      "event_key": "trello:695a8925f472cf0f51fbb327",
      "content_key": "trello:695a890ee6d2495a7edaa190:363e3ac7f9080235af148fcdaad87767983c42e77a961b29f4f8750d069a381e"
    }
  },
  {
    "ts": "2026-04-28T15:12:13.338535+00:00",
    "source": "trello",
    "action": "wiki_v2_claim_written",
    "data": {
      "claim_id": "b5396dfe-0647-4b5b-bfbc-9a53a9035b15",
      "blob_path": "memory/vault/claims/b5396dfe-0647-4b5b-bfbc-9a53a9035b15.md",
      "entity_id": "695a890ee6d2495a7edaa190",
      "claim_type": "status"
    }
  },
  {
    "ts": "2026-04-28T15:12:13.346856+00:00",
    "source": "trello",
    "action": "wiki_v2_claim_written",
    "data": {
      "claim_id": "7d5782f2-719d-4cab-9ba3-7d3f1717a07d",
      "blob_path": "memory/vault/claims/7d5782f2-719d-4cab-9ba3-7d3f1717a07d.md",
      "entity_id": "695a890ee6d2495a7edaa190",
      "claim_type": "decision"
    }
  },
  {
    "ts": "2026-04-28T15:12:13.356928+00:00",
    "source": "trello",
    "action": "wiki_v2_claim_written",
    "data": {
      "claim_id": "9e064097-3c5f-4622-ac1a-777cd5a971cf",
      "blob_path": "memory/vault/claims/9e064097-3c5f-4622-ac1a-777cd5a971cf.md",
      "entity_id": "695a890ee6d2495a7edaa190",
      "claim_type": "linkage"
    }
  },
  {
    "ts": "2026-04-28T15:12:13.380629+00:00",
    "source": "trello",
    "action": "wiki_v2_event_processed",
    "data": {
      "event_key": "trello:695a891f93a62b3c5b5967e6",
      "claims_written": 3,
      "claims_superseded": 0,
      "decision_keys_persisted": 0,
      "linkage_keys_persisted": 0
    }
  },
  {
    "ts": "2026-04-28T15:12:13.452175+00:00",
    "source": "trello",
    "action": "event_processed",
    "data": {
      "event_key": "trello:695a891f93a62b3c5b5967e6",
      "content_key": "trello:695a890ee6d2495a7edaa190:57ffa0f84977b09d040efb81a8e807575fa84eca7583c413a16be78297920409"
    }
  },
  {
    "ts": "2026-04-28T15:12:13.908177+00:00",
    "source": "trello",
    "action": "wiki_v2_claim_written",
    "data": {
      "claim_id": "f7324bd8-3a8e-42be-a00b-b0d557486970",
      "blob_path": "memory/vault/claims/f7324bd8-3a8e-42be-a00b-b0d557486970.md",
      "entity_id": "695a890ee6d2495a7edaa190",
      "claim_type": "status"
    }
  },
  {
    "ts": "2026-04-28T15:12:13.921074+00:00",
    "source": "trello",
    "action": "wiki_v2_claim_written",
    "data": {
      "claim_id": "086fdee1-f2c2-4812-b6ab-e616074425e1",
      "blob_path": "memory/vault/claims/086fdee1-f2c2-4812-b6ab-e616074425e1.md",
      "entity_id": "695a890ee6d2495a7edaa190",
      "claim_type": "decision"
    }
  },
  {
    "ts": "2026-04-28T15:12:13.935036+00:00",
    "source": "trello",
    "action": "wiki_v2_claim_written",
    "data": {
      "claim_id": "ac58f2c4-1ffe-43de-aba5-95cb71646a2a",
      "blob_path": "memory/vault/claims/ac58f2c4-1ffe-43de-aba5-95cb71646a2a.md",
      "entity_id": "695a890ee6d2495a7edaa190",
      "claim_type": "linkage"
    }
  },
  {
    "ts": "2026-04-28T15:12:13.968653+00:00",
    "source": "trello",
    "action": "wiki_v2_event_processed",
    "data": {
      "event_key": "trello:695a891f7fc2fc79e0870a57",
      "claims_written": 3,
      "claims_superseded": 0,
      "decision_keys_persisted": 0,
      "linkage_keys_persisted": 0
    }
  },
  {
    "ts": "2026-04-28T15:12:14.030832+00:00",
    "source": "trello",
    "action": "event_processed",
    "data": {
      "event_key": "trello:695a891f7fc2fc79e0870a57",
      "content_key": "trello:695a890ee6d2495a7edaa190:3e8550ea5a16c308d876f1bbbd88eed0e2bfae11c3c027b04a7b528a97f22604"
    }
  },
  {
    "ts": "2026-04-28T15:12:14.571821+00:00",
    "source": "trello",
    "action": "wiki_v2_claim_written",
    "data": {
      "claim_id": "1a725f6e-30cc-4ab7-8f26-84b44c3083c8",
      "blob_path": "memory/vault/claims/1a725f6e-30cc-4ab7-8f26-84b44c3083c8.md",
      "entity_id": "695a890ee6d2495a7edaa190",
      "claim_type": "status"
    }
  },
  {
    "ts": "2026-04-28T15:12:14.580723+00:00",
    "source": "trello",
    "action": "wiki_v2_claim_written",
    "data": {
      "claim_id": "94eebf57-34cf-40d4-9a60-35532d962b27",
      "blob_path": "memory/vault/claims/94eebf57-34cf-40d4-9a60-35532d962b27.md",
      "entity_id": "695a890ee6d2495a7edaa190",
      "claim_type": "decision"
    }
  },
  {
    "ts": "2026-04-28T15:12:14.588827+00:00",
    "source": "trello",
    "action": "wiki_v2_claim_written",
    "data": {
      "claim_id": "761a7126-6860-4b14-bf83-82d2081eb711",
      "blob_path": "memory/vault/claims/761a7126-6860-4b14-bf83-82d2081eb711.md",
      "entity_id": "695a890ee6d2495a7edaa190",
      "claim_type": "linkage"
    }
  },
  {
    "ts": "2026-04-28T15:12:14.611554+00:00",
    "source": "trello",
    "action": "wiki_v2_event_processed",
    "data": {
      "event_key": "trello:695a89147afe937875a3de76",
      "claims_written": 3,
      "claims_superseded": 0,
      "decision_keys_persisted": 0,
      "linkage_keys_persisted": 0
    }
  },
  {
    "ts": "2026-04-28T15:12:14.687286+00:00",
    "source": "trello",
    "action": "event_processed",
    "data": {
      "event_key": "trello:695a89147afe937875a3de76",
      "content_key": "trello:695a890ee6d2495a7edaa190:2af028f864d82c23df35718697f0909b49a0bd0b16bf299e7ab0b3e5758070ee"
    }
  },
  {
    "ts": "2026-04-28T15:12:15.199159+00:00",
    "source": "trello",
    "action": "wiki_v2_claim_written",
    "data": {
      "claim_id": "e3735ca1-a023-4e21-910f-9cd06625a9b4",
      "blob_path": "memory/vault/claims/e3735ca1-a023-4e21-910f-9cd06625a9b4.md",
      "entity_id": "695a890ee6d2495a7edaa190",
      "claim_type": "status"
    }
  },
  {
    "ts": "2026-04-28T15:12:15.213352+00:00",
    "source": "trello",
    "action": "wiki_v2_claim_written",
    "data": {
      "claim_id": "07091dcc-38ab-4ddd-9854-f7ef4359b4f9",
      "blob_path": "memory/vault/claims/07091dcc-38ab-4ddd-9854-f7ef4359b4f9.md",
      "entity_id": "695a890ee6d2495a7edaa190",
      "claim_type": "decision"
    }
  },
  {
    "ts": "2026-04-28T15:12:15.226942+00:00",
    "source": "trello",
    "action": "wiki_v2_claim_written",
    "data": {
      "claim_id": "494a2ff8-1daf-4486-a2d0-25b36870652c",
      "blob_path": "memory/vault/claims/494a2ff8-1daf-4486-a2d0-25b36870652c.md",
      "entity_id": "695a890ee6d2495a7edaa190",
      "claim_type": "linkage"
    }
  },
  {
    "ts": "2026-04-28T15:12:15.287448+00:00",
    "source": "trello",
    "action": "wiki_v2_event_processed",
    "data": {
      "event_key": "trello:695a890ee6d2495a7edaa1ae",
      "claims_written": 3,
      "claims_superseded": 0,
      "decision_keys_persisted": 0,
      "linkage_keys_persisted": 0
    }
  },
  {
    "ts": "2026-04-28T15:12:15.355382+00:00",
    "source": "trello",
    "action": "event_processed",
    "data": {
      "event_key": "trello:695a890ee6d2495a7edaa1ae",
      "content_key": "trello:695a890ee6d2495a7edaa190:651ceb33a7bc427c17ac895b360cf636987dafeac52c7b901aa00d6d613ce05d"
    }
  },
  {
    "ts": "2026-04-28T15:12:15.855907+00:00",
    "source": "trello",
    "action": "wiki_v2_claim_written",
    "data": {
      "claim_id": "6d9a4fd1-6b5c-422b-b11c-074b180a87af",
      "blob_path": "memory/vault/claims/6d9a4fd1-6b5c-422b-b11c-074b180a87af.md",
      "entity_id": "6908a6ba54d7e9e51170563a",
      "claim_type": "status"
    }
  },
  {
    "ts": "2026-04-28T15:12:15.886043+00:00",
    "source": "trello",
    "action": "wiki_v2_event_processed",
    "data": {
      "event_key": "trello:695a79c577b7c98ab58069d0",
      "claims_written": 1,
      "claims_superseded": 0,
      "decision_keys_persisted": 0,
      "linkage_keys_persisted": 0
    }
  },
  {
    "ts": "2026-04-28T15:12:15.944916+00:00",
    "source": "trello",
    "action": "event_processed",
    "data": {
      "event_key": "trello:695a79c577b7c98ab58069d0",
      "content_key": "trello:6908a6ba54d7e9e51170563a:929cd6ce6fd3def0700f31f85c09cddbac3979f91156ddd3cbaf400ed5380573"
    }
  },
  {
    "ts": "2026-04-28T15:12:16.456171+00:00",
    "source": "trello",
    "action": "wiki_v2_claim_written",
    "data": {
      "claim_id": "63900822-256c-4945-9a9e-77a8abe58256",
      "blob_path": "memory/vault/claims/63900822-256c-4945-9a9e-77a8abe58256.md",
      "entity_id": "6908aa9140bded2a50f77984",
      "claim_type": "status"
    }
  },
  {
    "ts": "2026-04-28T15:12:16.479629+00:00",
    "source": "trello",
    "action": "wiki_v2_event_processed",
    "data": {
      "event_key": "trello:695a79b347d4b9a0e4f43491",
      "claims_written": 1,
      "claims_superseded": 0,
      "decision_keys_persisted": 0,
      "linkage_keys_persisted": 0
    }
  },
  {
    "ts": "2026-04-28T15:12:16.547588+00:00",
    "source": "trello",
    "action": "event_processed",
    "data": {
      "event_key": "trello:695a79b347d4b9a0e4f43491",
      "content_key": "trello:6908aa9140bded2a50f77984:71f2e21d86be5ab2cff8418c23a83ba5138f240383fef282218a397f3d253adc"
    }
  },
  {
    "ts": "2026-04-28T15:12:17.099873+00:00",
    "source": "trello",
    "action": "wiki_v2_claim_written",
    "data": {
      "claim_id": "191aa9e8-1544-457f-94ec-9af5711256f8",
      "blob_path": "memory/vault/claims/191aa9e8-1544-457f-94ec-9af5711256f8.md",
      "entity_id": "695a7996b2dbdb5a89e97440",
      "claim_type": "status"
    }
  },
  {
    "ts": "2026-04-28T15:12:17.122508+00:00",
    "source": "trello",
    "action": "wiki_v2_event_processed",
    "data": {
      "event_key": "trello:695a79a7e31461de8fcb6a8f",
      "claims_written": 1,
      "claims_superseded": 0,
      "decision_keys_persisted": 0,
      "linkage_keys_persisted": 0
    }
  },
  {
    "ts": "2026-04-28T15:12:17.177200+00:00",
    "source": "trello",
    "action": "event_processed",
    "data": {
      "event_key": "trello:695a79a7e31461de8fcb6a8f",
      "content_key": "trello:695a7996b2dbdb5a89e97440:815d0e2290625d145024547d6f0f9342ad3c57a8b13f6202e9a575200a7e34a8"
    }
  },
  {
    "ts": "2026-04-28T15:12:17.670688+00:00",
    "source": "trello",
    "action": "wiki_v2_claim_written",
    "data": {
      "claim_id": "f63c98f5-f85c-4266-a41e-1e2b15964457",
      "blob_path": "memory/vault/claims/f63c98f5-f85c-4266-a41e-1e2b15964457.md",
      "entity_id": "695a7996b2dbdb5a89e97440",
      "claim_type": "status"
    }
  },
  {
    "ts": "2026-04-28T15:12:17.696754+00:00",
    "source": "trello",
    "action": "wiki_v2_event_processed",
    "data": {
      "event_key": "trello:695a79a7e31461de8fcb6a79",
      "claims_written": 1,
      "claims_superseded": 0,
      "decision_keys_persisted": 0,
      "linkage_keys_persisted": 0
    }
  },
  {
    "ts": "2026-04-28T15:12:17.756044+00:00",
    "source": "trello",
    "action": "event_processed",
    "data": {
      "event_key": "trello:695a79a7e31461de8fcb6a79",
      "content_key": "trello:695a7996b2dbdb5a89e97440:2cdf8e124ffe3cdb993f2f1c556639aaf162b71e9ebbafd223325aa172d62238"
    }
  },
  {
    "ts": "2026-04-28T15:12:18.255523+00:00",
    "source": "trello",
    "action": "wiki_v2_claim_written",
    "data": {
      "claim_id": "3c7ba806-85f9-49bc-8e85-01f81ecc0bfa",
      "blob_path": "memory/vault/claims/3c7ba806-85f9-49bc-8e85-01f81ecc0bfa.md",
      "entity_id": "695a7996b2dbdb5a89e97440",
      "claim_type": "status"
    }
  },
  {
    "ts": "2026-04-28T15:12:18.287898+00:00",
    "source": "trello",
    "action": "wiki_v2_event_processed",
    "data": {
      "event_key": "trello:695a7996b2dbdb5a89e9747f",
      "claims_written": 1,
      "claims_superseded": 0,
      "decision_keys_persisted": 0,
      "linkage_keys_persisted": 0
    }
  },
  {
    "ts": "2026-04-28T15:12:18.349145+00:00",
    "source": "trello",
    "action": "event_processed",
    "data": {
      "event_key": "trello:695a7996b2dbdb5a89e9747f",
      "content_key": "trello:695a7996b2dbdb5a89e97440:5df9cec048023230bb703b72a4a9662747431efb17b06f95e8d57d9bc69b8ba1"
    }
  },
  {
    "ts": "2026-04-28T15:12:18.849545+00:00",
    "source": "trello",
    "action": "wiki_v2_claim_written",
    "data": {
      "claim_id": "830357d9-5ef9-4034-b1a4-345522330163",
      "blob_path": "memory/vault/claims/830357d9-5ef9-4034-b1a4-345522330163.md",
      "entity_id": "695a7996b2dbdb5a89e97440",
      "claim_type": "status"
    }
  },
  {
    "ts": "2026-04-28T15:12:18.877809+00:00",
    "source": "trello",
    "action": "wiki_v2_event_processed",
    "data": {
      "event_key": "trello:695a7996b2dbdb5a89e9746c",
      "claims_written": 1,
      "claims_superseded": 0,
      "decision_keys_persisted": 0,
      "linkage_keys_persisted": 0
    }
  },
  {
    "ts": "2026-04-28T15:12:18.950437+00:00",
    "source": "trello",
    "action": "event_processed",
    "data": {
      "event_key": "trello:695a7996b2dbdb5a89e9746c",
      "content_key": "trello:695a7996b2dbdb5a89e97440:04f962afa9fce658de0c42e41006dabb6892f71e429766f420a3cdb58a2a8432"
    }
  },
  {
    "ts": "2026-04-28T15:12:19.436621+00:00",
    "source": "trello",
    "action": "wiki_v2_claim_written",
    "data": {
      "claim_id": "aa0213c9-ccd1-460d-ba50-94a50f65f2c6",
      "blob_path": "memory/vault/claims/aa0213c9-ccd1-460d-ba50-94a50f65f2c6.md",
      "entity_id": "692d86f987665dd3ef07301c",
      "claim_type": "status"
    }
  },
  {
    "ts": "2026-04-28T15:12:19.465433+00:00",
    "source": "trello",
    "action": "wiki_v2_event_processed",
    "data": {
      "event_key": "trello:692d870b7b267b2260a70450",
      "claims_written": 1,
      "claims_superseded": 0,
      "decision_keys_persisted": 0,
      "linkage_keys_persisted": 0
    }
  },
  {
    "ts": "2026-04-28T15:12:19.516856+00:00",
    "source": "trello",
    "action": "event_processed",
    "data": {
      "event_key": "trello:692d870b7b267b2260a70450",
      "content_key": "trello:692d86f987665dd3ef07301c:b438743c0decf5387ac07e91da7e5ec1a4476b2fe3b19c98825e1569ce447115"
    }
  },
  {
    "ts": "2026-04-28T15:12:19.999202+00:00",
    "source": "trello",
    "action": "wiki_v2_claim_written",
    "data": {
      "claim_id": "cc603e4b-c007-4f07-9ea1-54b8a0ff8ef2",
      "blob_path": "memory/vault/claims/cc603e4b-c007-4f07-9ea1-54b8a0ff8ef2.md",
      "entity_id": "692d86f987665dd3ef07301c",
      "claim_type": "status"
    }
  },
  {
    "ts": "2026-04-28T15:12:20.030571+00:00",
    "source": "trello",
    "action": "wiki_v2_event_processed",
    "data": {
      "event_key": "trello:692d8701ac191e4a6b4d53f5",
      "claims_written": 1,
      "claims_superseded": 0,
      "decision_keys_persisted": 0,
      "linkage_keys_persisted": 0
    }
  },
  {
    "ts": "2026-04-28T15:12:20.098526+00:00",
    "source": "trello",
    "action": "event_processed",
    "data": {
      "event_key": "trello:692d8701ac191e4a6b4d53f5",
      "content_key": "trello:692d86f987665dd3ef07301c:c725ca21c9c760bf8683be73d7a9c970d1293936967fc915111453763b332c6f"
    }
  },
  {
    "ts": "2026-04-28T15:12:20.648913+00:00",
    "source": "trello",
    "action": "wiki_v2_claim_written",
    "data": {
      "claim_id": "10600b9a-e98e-47b2-9e19-d1c2138eeb3b",
      "blob_path": "memory/vault/claims/10600b9a-e98e-47b2-9e19-d1c2138eeb3b.md",
      "entity_id": "692d86f987665dd3ef07301c",
      "claim_type": "status"
    }
  },
  {
    "ts": "2026-04-28T15:12:20.682581+00:00",
    "source": "trello",
    "action": "wiki_v2_event_processed",
    "data": {
      "event_key": "trello:692d86f987665dd3ef07303a",
      "claims_written": 1,
      "claims_superseded": 0,
      "decision_keys_persisted": 0,
      "linkage_keys_persisted": 0
    }
  },
  {
    "ts": "2026-04-28T15:12:20.741960+00:00",
    "source": "trello",
    "action": "event_processed",
    "data": {
      "event_key": "trello:692d86f987665dd3ef07303a",
      "content_key": "trello:692d86f987665dd3ef07301c:3f74cec388f41d7c488d60e08ac741a22758b18f2d43aec43e2f77862af58652"
    }
  },
  {
    "ts": "2026-04-28T15:12:21.234036+00:00",
    "source": "trello",
    "action": "wiki_v2_claim_written",
    "data": {
      "claim_id": "417bda19-d0b1-4496-8cf6-074a19a062e5",
      "blob_path": "memory/vault/claims/417bda19-d0b1-4496-8cf6-074a19a062e5.md",
      "entity_id": "692d864f12cc151e85662611",
      "claim_type": "status"
    }
  },
  {
    "ts": "2026-04-28T15:12:21.260882+00:00",
    "source": "trello",
    "action": "wiki_v2_event_processed",
    "data": {
      "event_key": "trello:692d865689eec62f6c102ae1",
      "claims_written": 1,
      "claims_superseded": 0,
      "decision_keys_persisted": 0,
      "linkage_keys_persisted": 0
    }
  },
  {
    "ts": "2026-04-28T15:12:21.325243+00:00",
    "source": "trello",
    "action": "event_processed",
    "data": {
      "event_key": "trello:692d865689eec62f6c102ae1",
      "content_key": "trello:692d864f12cc151e85662611:393003cda8ab9a4f53c4fd7620265df3c2292c957816957c1cf73ccda5b201ed"
    }
  },
  {
    "ts": "2026-04-28T15:12:21.810070+00:00",
    "source": "trello",
    "action": "wiki_v2_claim_written",
    "data": {
      "claim_id": "e0e838a2-c31c-49f1-a697-45cd8340041b",
      "blob_path": "memory/vault/claims/e0e838a2-c31c-49f1-a697-45cd8340041b.md",
      "entity_id": "692d864f12cc151e85662611",
      "claim_type": "status"
    }
  },
  {
    "ts": "2026-04-28T15:12:21.844528+00:00",
    "source": "trello",
    "action": "wiki_v2_event_processed",
    "data": {
      "event_key": "trello:692d864f12cc151e8566262f",
      "claims_written": 1,
      "claims_superseded": 0,
      "decision_keys_persisted": 0,
      "linkage_keys_persisted": 0
    }
  },
  {
    "ts": "2026-04-28T15:12:21.915360+00:00",
    "source": "trello",
    "action": "event_processed",
    "data": {
      "event_key": "trello:692d864f12cc151e8566262f",
      "content_key": "trello:692d864f12cc151e85662611:4a5a8bde154e85f5d67d3173470de60abf27e1243748a1569d9a317a1e9409f1"
    }
  },
  {
    "ts": "2026-04-28T15:12:22.413206+00:00",
    "source": "trello",
    "action": "wiki_v2_claim_written",
    "data": {
      "claim_id": "cf9b4e01-052b-49cb-ad02-62fdde062470",
      "blob_path": "memory/vault/claims/cf9b4e01-052b-49cb-ad02-62fdde062470.md",
      "entity_id": "692d85e48b797fc98854e451",
      "claim_type": "status"
    }
  },
  {
    "ts": "2026-04-28T15:12:22.450363+00:00",
    "source": "trello",
    "action": "wiki_v2_event_processed",
    "data": {
      "event_key": "trello:692d85f6a2dbfacba90e9254",
      "claims_written": 1,
      "claims_superseded": 0,
      "decision_keys_persisted": 0,
      "linkage_keys_persisted": 0
    }
  },
  {
    "ts": "2026-04-28T15:12:22.531452+00:00",
    "source": "trello",
    "action": "event_processed",
    "data": {
      "event_key": "trello:692d85f6a2dbfacba90e9254",
      "content_key": "trello:692d85e48b797fc98854e451:07ce359950af7ce2ea689b25567e628d865d5f7905dd6794761faadbe40872f2"
    }
  },
  {
    "ts": "2026-04-28T15:12:23.008997+00:00",
    "source": "trello",
    "action": "wiki_v2_claim_written",
    "data": {
      "claim_id": "0844dc5b-695b-46d4-a32c-8062dcc541d8",
      "blob_path": "memory/vault/claims/0844dc5b-695b-46d4-a32c-8062dcc541d8.md",
      "entity_id": "692d85e48b797fc98854e451",
      "claim_type": "status"
    }
  },
  {
    "ts": "2026-04-28T15:12:23.042828+00:00",
    "source": "trello",
    "action": "wiki_v2_event_processed",
    "data": {
      "event_key": "trello:692d85ec9ed38454d7e64211",
      "claims_written": 1,
      "claims_superseded": 0,
      "decision_keys_persisted": 0,
      "linkage_keys_persisted": 0
    }
  },
  {
    "ts": "2026-04-28T15:12:23.105580+00:00",
    "source": "trello",
    "action": "event_processed",
    "data": {
      "event_key": "trello:692d85ec9ed38454d7e64211",
      "content_key": "trello:692d85e48b797fc98854e451:75075f9ed2200eaa4711fb9289ca926ab61d31382553f08bb7b83b419831a32e"
    }
  },
  {
    "ts": "2026-04-28T15:12:23.624207+00:00",
    "source": "trello",
    "action": "wiki_v2_claim_written",
    "data": {
      "claim_id": "82322ad0-283b-43d7-bd99-66d6867a6d6d",
      "blob_path": "memory/vault/claims/82322ad0-283b-43d7-bd99-66d6867a6d6d.md",
      "entity_id": "692d85e48b797fc98854e451",
      "claim_type": "status"
    }
  },
  {
    "ts": "2026-04-28T15:12:23.659223+00:00",
    "source": "trello",
    "action": "wiki_v2_event_processed",
    "data": {
      "event_key": "trello:692d85e48b797fc98854e46f",
      "claims_written": 1,
      "claims_superseded": 0,
      "decision_keys_persisted": 0,
      "linkage_keys_persisted": 0
    }
  },
  {
    "ts": "2026-04-28T15:12:23.727879+00:00",
    "source": "trello",
    "action": "event_processed",
    "data": {
      "event_key": "trello:692d85e48b797fc98854e46f",
      "content_key": "trello:692d85e48b797fc98854e451:6080112b4d282a24b7743c8b58e8180c20bba1f06f865aae903b2cc542e69c9f"
    }
  },
  {
    "ts": "2026-04-28T15:12:24.262756+00:00",
    "source": "trello",
    "action": "wiki_v2_claim_written",
    "data": {
      "claim_id": "01d66ef5-659d-470f-ab4a-4779421946bd",
      "blob_path": "memory/vault/claims/01d66ef5-659d-470f-ab4a-4779421946bd.md",
      "entity_id": "692d82f7b2ae1cab674d1bb8",
      "claim_type": "status"
    }
  },
  {
    "ts": "2026-04-28T15:12:24.298859+00:00",
    "source": "trello",
    "action": "wiki_v2_event_processed",
    "data": {
      "event_key": "trello:692d830810b2f769e7a94f94",
      "claims_written": 1,
      "claims_superseded": 0,
      "decision_keys_persisted": 0,
      "linkage_keys_persisted": 0
    }
  },
  {
    "ts": "2026-04-28T15:12:24.365890+00:00",
    "source": "trello",
    "action": "event_processed",
    "data": {
      "event_key": "trello:692d830810b2f769e7a94f94",
      "content_key": "trello:692d82f7b2ae1cab674d1bb8:965f287e5448198131e76e21f1f8ddc9c488b5e72e00464d7b57d1ed588e08dd"
    }
  },
  {
    "ts": "2026-04-28T15:12:24.866966+00:00",
    "source": "trello",
    "action": "wiki_v2_claim_written",
    "data": {
      "claim_id": "2ff167be-95e3-4710-ad73-ba4fe1af4181",
      "blob_path": "memory/vault/claims/2ff167be-95e3-4710-ad73-ba4fe1af4181.md",
      "entity_id": "692d82f7b2ae1cab674d1bb8",
      "claim_type": "status"
    }
  },
  {
    "ts": "2026-04-28T15:12:24.888203+00:00",
    "source": "trello",
    "action": "wiki_v2_claim_written",
    "data": {
      "claim_id": "dfe153c3-8f24-4c50-8ad6-cc9922f74edf",
      "blob_path": "memory/vault/claims/dfe153c3-8f24-4c50-8ad6-cc9922f74edf.md",
      "entity_id": "692d82f7b2ae1cab674d1bb8",
      "claim_type": "decision"
    }
  },
  {
    "ts": "2026-04-28T15:12:24.947724+00:00",
    "source": "trello",
    "action": "wiki_v2_claim_written",
    "data": {
      "claim_id": "f5c23e34-8a49-4c64-972a-9e042cb6e9bf",
      "blob_path": "memory/vault/claims/f5c23e34-8a49-4c64-972a-9e042cb6e9bf.md",
      "entity_id": "692d82f7b2ae1cab674d1bb8",
      "claim_type": "linkage"
    }
  },
  {
    "ts": "2026-04-28T15:12:24.984822+00:00",
    "source": "trello",
    "action": "wiki_v2_event_processed",
    "data": {
      "event_key": "trello:692d82f7b2ae1cab674d1c3a",
      "claims_written": 3,
      "claims_superseded": 0,
      "decision_keys_persisted": 0,
      "linkage_keys_persisted": 1
    }
  },
  {
    "ts": "2026-04-28T15:12:25.071636+00:00",
    "source": "trello",
    "action": "event_processed",
    "data": {
      "event_key": "trello:692d82f7b2ae1cab674d1c3a",
      "content_key": "trello:692d82f7b2ae1cab674d1bb8:673a7a2756d39faa2d96636f0357b31d13eab0a970d89f1fd2147a51c7bae262"
    }
  },
  {
    "ts": "2026-04-28T15:12:25.609877+00:00",
    "source": "trello",
    "action": "wiki_v2_claim_written",
    "data": {
      "claim_id": "08b94db3-cc53-424f-bd5d-6dda6b324447",
      "blob_path": "memory/vault/claims/08b94db3-cc53-424f-bd5d-6dda6b324447.md",
      "entity_id": "692358b20f94038bf6e55a18",
      "claim_type": "status"
    }
  },
  {
    "ts": "2026-04-28T15:12:25.643767+00:00",
    "source": "trello",
    "action": "wiki_v2_event_processed",
    "data": {
      "event_key": "trello:692358b79fd21d83c760bbc6",
      "claims_written": 1,
      "claims_superseded": 0,
      "decision_keys_persisted": 0,
      "linkage_keys_persisted": 0
    }
  },
  {
    "ts": "2026-04-28T15:12:25.742262+00:00",
    "source": "trello",
    "action": "event_processed",
    "data": {
      "event_key": "trello:692358b79fd21d83c760bbc6",
      "content_key": "trello:692358b20f94038bf6e55a18:004ac87430e83d624335de8e504d7f86e2cdc062f9b4a14c6570954027c404c0"
    }
  },
  {
    "ts": "2026-04-28T15:12:26.238026+00:00",
    "source": "trello",
    "action": "wiki_v2_claim_written",
    "data": {
      "claim_id": "7aee51cb-c796-4c85-9e8c-492c002626fd",
      "blob_path": "memory/vault/claims/7aee51cb-c796-4c85-9e8c-492c002626fd.md",
      "entity_id": "692358b20f94038bf6e55a18",
      "claim_type": "status"
    }
  },
  {
    "ts": "2026-04-28T15:12:26.252468+00:00",
    "source": "trello",
    "action": "wiki_v2_claim_written",
    "data": {
      "claim_id": "1e2f0cb7-9dc9-449d-9ef4-3066c20690e0",
      "blob_path": "memory/vault/claims/1e2f0cb7-9dc9-449d-9ef4-3066c20690e0.md",
      "entity_id": "692358b20f94038bf6e55a18",
      "claim_type": "decision"
    }
  },
  {
    "ts": "2026-04-28T15:12:26.305759+00:00",
    "source": "trello",
    "action": "wiki_v2_claim_written",
    "data": {
      "claim_id": "85623908-bf6a-4bd4-8414-2b2f64ac3b56",
      "blob_path": "memory/vault/claims/85623908-bf6a-4bd4-8414-2b2f64ac3b56.md",
      "entity_id": "692358b20f94038bf6e55a18",
      "claim_type": "linkage"
    }
  },
  {
    "ts": "2026-04-28T15:12:26.350030+00:00",
    "source": "trello",
    "action": "wiki_v2_event_processed",
    "data": {
      "event_key": "trello:692358b20f94038bf6e55a36",
      "claims_written": 3,
      "claims_superseded": 0,
      "decision_keys_persisted": 0,
      "linkage_keys_persisted": 1
    }
  },
  {
    "ts": "2026-04-28T15:12:26.447995+00:00",
    "source": "trello",
    "action": "event_processed",
    "data": {
      "event_key": "trello:692358b20f94038bf6e55a36",
      "content_key": "trello:692358b20f94038bf6e55a18:f67921c84e38c789314c2adb2532d5ee008e639921405520373405ec05e9d418"
    }
  },
  {
    "ts": "2026-04-28T15:12:26.940870+00:00",
    "source": "trello",
    "action": "wiki_v2_claim_written",
    "data": {
      "claim_id": "c7dcb995-894b-4167-8853-795affd4dba8",
      "blob_path": "memory/vault/claims/c7dcb995-894b-4167-8853-795affd4dba8.md",
      "entity_id": "6923587cb48ff685eb764363",
      "claim_type": "status"
    }
  },
  {
    "ts": "2026-04-28T15:12:26.971482+00:00",
    "source": "trello",
    "action": "wiki_v2_event_processed",
    "data": {
      "event_key": "trello:69235884e4c43468f29155c6",
      "claims_written": 1,
      "claims_superseded": 0,
      "decision_keys_persisted": 0,
      "linkage_keys_persisted": 0
    }
  },
  {
    "ts": "2026-04-28T15:12:27.043276+00:00",
    "source": "trello",
    "action": "event_processed",
    "data": {
      "event_key": "trello:69235884e4c43468f29155c6",
      "content_key": "trello:6923587cb48ff685eb764363:5aede305688fb747840f94b066fdfdeeda6edcad5252457791fb5acb153b269f"
    }
  },
  {
    "ts": "2026-04-28T15:12:27.533736+00:00",
    "source": "trello",
    "action": "wiki_v2_claim_written",
    "data": {
      "claim_id": "13665fda-88d5-41aa-9e02-14558188433d",
      "blob_path": "memory/vault/claims/13665fda-88d5-41aa-9e02-14558188433d.md",
      "entity_id": "6923587cb48ff685eb764363",
      "claim_type": "status"
    }
  },
  {
    "ts": "2026-04-28T15:12:27.547656+00:00",
    "source": "trello",
    "action": "wiki_v2_claim_written",
    "data": {
      "claim_id": "82a2793a-53ca-4dd0-a432-c2a0f69eb949",
      "blob_path": "memory/vault/claims/82a2793a-53ca-4dd0-a432-c2a0f69eb949.md",
      "entity_id": "6923587cb48ff685eb764363",
      "claim_type": "decision"
    }
  },
  {
    "ts": "2026-04-28T15:12:27.585043+00:00",
    "source": "trello",
    "action": "wiki_v2_claim_written",
    "data": {
      "claim_id": "72f02cc6-8ff5-4dbf-8cf5-e5aed10c4954",
      "blob_path": "memory/vault/claims/72f02cc6-8ff5-4dbf-8cf5-e5aed10c4954.md",
      "entity_id": "6923587cb48ff685eb764363",
      "claim_type": "linkage"
    }
  },
  {
    "ts": "2026-04-28T15:12:27.624269+00:00",
    "source": "trello",
    "action": "wiki_v2_event_processed",
    "data": {
      "event_key": "trello:6923587db48ff685eb764381",
      "claims_written": 3,
      "claims_superseded": 0,
      "decision_keys_persisted": 0,
      "linkage_keys_persisted": 1
    }
  },
  {
    "ts": "2026-04-28T15:12:27.706896+00:00",
    "source": "trello",
    "action": "event_processed",
    "data": {
      "event_key": "trello:6923587db48ff685eb764381",
      "content_key": "trello:6923587cb48ff685eb764363:aa4002d33482d3fc8503e436d992b7db37c83b6ddfe65a57c9e49ef0c74eb1a4"
    }
  },
  {
    "ts": "2026-04-28T15:12:28.320188+00:00",
    "source": "trello",
    "action": "wiki_v2_claim_written",
    "data": {
      "claim_id": "5cc0b153-b970-4327-ae91-9926ea25ef57",
      "blob_path": "memory/vault/claims/5cc0b153-b970-4327-ae91-9926ea25ef57.md",
      "entity_id": "6923583ba27cce03abc6c3cd",
      "claim_type": "status"
    }
  },
  {
    "ts": "2026-04-28T15:12:28.355566+00:00",
    "source": "trello",
    "action": "wiki_v2_event_processed",
    "data": {
      "event_key": "trello:692358420953dfc0269335bd",
      "claims_written": 1,
      "claims_superseded": 0,
      "decision_keys_persisted": 0,
      "linkage_keys_persisted": 0
    }
  },
  {
    "ts": "2026-04-28T15:12:28.465138+00:00",
    "source": "trello",
    "action": "event_processed",
    "data": {
      "event_key": "trello:692358420953dfc0269335bd",
      "content_key": "trello:6923583ba27cce03abc6c3cd:9f10f0037b5513750bbe01646585e72b21981e16546debf54688299f6f4fe687"
    }
  },
  {
    "ts": "2026-04-28T15:12:29.004043+00:00",
    "source": "trello",
    "action": "wiki_v2_claim_written",
    "data": {
      "claim_id": "0b07a27a-8b59-4545-96ad-f01219a01d97",
      "blob_path": "memory/vault/claims/0b07a27a-8b59-4545-96ad-f01219a01d97.md",
      "entity_id": "6923583ba27cce03abc6c3cd",
      "claim_type": "status"
    }
  },
  {
    "ts": "2026-04-28T15:12:29.037745+00:00",
    "source": "trello",
    "action": "wiki_v2_event_processed",
    "data": {
      "event_key": "trello:6923583ba27cce03abc6c3eb",
      "claims_written": 1,
      "claims_superseded": 0,
      "decision_keys_persisted": 0,
      "linkage_keys_persisted": 0
    }
  },
  {
    "ts": "2026-04-28T15:12:29.109938+00:00",
    "source": "trello",
    "action": "event_processed",
    "data": {
      "event_key": "trello:6923583ba27cce03abc6c3eb",
      "content_key": "trello:6923583ba27cce03abc6c3cd:8180769fbdc2e67022afb8caa0aa5d5fb2a2619a8872113fefe95b8513779ede"
    }
  },
  {
    "ts": "2026-04-28T15:12:29.613740+00:00",
    "source": "trello",
    "action": "wiki_v2_claim_written",
    "data": {
      "claim_id": "016c0698-1120-4726-870d-7d958b5c5887",
      "blob_path": "memory/vault/claims/016c0698-1120-4726-870d-7d958b5c5887.md",
      "entity_id": "692357aa0c3eb55f5505c5bf",
      "claim_type": "status"
    }
  },
  {
    "ts": "2026-04-28T15:12:29.643513+00:00",
    "source": "trello",
    "action": "wiki_v2_event_processed",
    "data": {
      "event_key": "trello:692357b19d1d95dc1cc36555",
      "claims_written": 1,
      "claims_superseded": 0,
      "decision_keys_persisted": 0,
      "linkage_keys_persisted": 0
    }
  },
  {
    "ts": "2026-04-28T15:12:29.706890+00:00",
    "source": "trello",
    "action": "event_processed",
    "data": {
      "event_key": "trello:692357b19d1d95dc1cc36555",
      "content_key": "trello:692357aa0c3eb55f5505c5bf:c4faf1eb7fed9e80104f2bbd32eb02249235ae7d68f98f5eb9ab9aff70266e65"
    }
  },
  {
    "ts": "2026-04-28T15:12:30.184606+00:00",
    "source": "trello",
    "action": "wiki_v2_claim_written",
    "data": {
      "claim_id": "a2d4e1cb-b1d4-4718-aa2a-101a52cce69d",
      "blob_path": "memory/vault/claims/a2d4e1cb-b1d4-4718-aa2a-101a52cce69d.md",
      "entity_id": "692357aa0c3eb55f5505c5bf",
      "claim_type": "status"
    }
  },
  {
    "ts": "2026-04-28T15:12:30.219208+00:00",
    "source": "trello",
    "action": "wiki_v2_event_processed",
    "data": {
      "event_key": "trello:692357aa0c3eb55f5505c5ee",
      "claims_written": 1,
      "claims_superseded": 0,
      "decision_keys_persisted": 0,
      "linkage_keys_persisted": 0
    }
  },
  {
    "ts": "2026-04-28T15:12:30.290858+00:00",
    "source": "trello",
    "action": "event_processed",
    "data": {
      "event_key": "trello:692357aa0c3eb55f5505c5ee",
      "content_key": "trello:692357aa0c3eb55f5505c5bf:d698682189adcaacddf5678c8d667fc89d2baaec0b98494ede794153ad623c9c"
    }
  },
  {
    "ts": "2026-04-28T15:12:30.775466+00:00",
    "source": "trello",
    "action": "wiki_v2_claim_written",
    "data": {
      "claim_id": "5516f33b-97b0-4287-ab96-3f3f3482aa4c",
      "blob_path": "memory/vault/claims/5516f33b-97b0-4287-ab96-3f3f3482aa4c.md",
      "entity_id": "6908bd334a606cde97f9339d",
      "claim_type": "status"
    }
  },
  {
    "ts": "2026-04-28T15:12:30.808745+00:00",
    "source": "trello",
    "action": "wiki_v2_event_processed",
    "data": {
      "event_key": "trello:6908bd3c73c7792753e91066",
      "claims_written": 1,
      "claims_superseded": 0,
      "decision_keys_persisted": 0,
      "linkage_keys_persisted": 0
    }
  },
  {
    "ts": "2026-04-28T15:12:30.879572+00:00",
    "source": "trello",
    "action": "event_processed",
    "data": {
      "event_key": "trello:6908bd3c73c7792753e91066",
      "content_key": "trello:6908bd334a606cde97f9339d:b790e43aef01b9a53154a27ff00f657a8feab7aaf8c5d2a815d1f2b28a9fef23"
    }
  },
  {
    "ts": "2026-04-28T15:12:31.354462+00:00",
    "source": "trello",
    "action": "wiki_v2_claim_written",
    "data": {
      "claim_id": "7ffcb8ff-0f0c-42d7-842f-f9038aaf070e",
      "blob_path": "memory/vault/claims/7ffcb8ff-0f0c-42d7-842f-f9038aaf070e.md",
      "entity_id": "6908bd334a606cde97f9339d",
      "claim_type": "status"
    }
  },
  {
    "ts": "2026-04-28T15:12:31.383713+00:00",
    "source": "trello",
    "action": "wiki_v2_event_processed",
    "data": {
      "event_key": "trello:6908bd334a606cde97f933bb",
      "claims_written": 1,
      "claims_superseded": 0,
      "decision_keys_persisted": 0,
      "linkage_keys_persisted": 0
    }
  },
  {
    "ts": "2026-04-28T15:12:31.450339+00:00",
    "source": "trello",
    "action": "event_processed",
    "data": {
      "event_key": "trello:6908bd334a606cde97f933bb",
      "content_key": "trello:6908bd334a606cde97f9339d:d797a0f074fe993da39d25cef2970b91132edfb088d8b3026a07913ea05abf19"
    }
  },
  {
    "ts": "2026-04-28T15:12:31.945134+00:00",
    "source": "trello",
    "action": "wiki_v2_claim_written",
    "data": {
      "claim_id": "27a7bf98-1dc3-499d-8699-602fee0d47d6",
      "blob_path": "memory/vault/claims/27a7bf98-1dc3-499d-8699-602fee0d47d6.md",
      "entity_id": "69e4b69531f7ee2d68a3d8b2",
      "claim_type": "status"
    }
  },
  {
    "ts": "2026-04-28T15:12:31.977842+00:00",
    "source": "trello",
    "action": "wiki_v2_event_processed",
    "data": {
      "event_key": "trello:69e4b69531f7ee2d68a3d8da",
      "claims_written": 1,
      "claims_superseded": 0,
      "decision_keys_persisted": 0,
      "linkage_keys_persisted": 0
    }
  },
  {
    "ts": "2026-04-28T15:12:32.047645+00:00",
    "source": "trello",
    "action": "event_processed",
    "data": {
      "event_key": "trello:69e4b69531f7ee2d68a3d8da",
      "content_key": "trello:69e4b69531f7ee2d68a3d8b2:1a5a2457b7f275929deb3fab9f7cfbb0e256bbe7d919f213100e17ea20f4026d"
    }
  },
  {
    "ts": "2026-04-28T15:12:32.572096+00:00",
    "source": "trello",
    "action": "wiki_v2_claim_written",
    "data": {
      "claim_id": "e24d2f0c-464e-4dcf-b87e-c6ba9e3db53f",
      "blob_path": "memory/vault/claims/e24d2f0c-464e-4dcf-b87e-c6ba9e3db53f.md",
      "entity_id": "69e4b69531f7ee2d68a3d8b2",
      "claim_type": "status"
    }
  },
  {
    "ts": "2026-04-28T15:12:32.609015+00:00",
    "source": "trello",
    "action": "wiki_v2_event_processed",
    "data": {
      "event_key": "trello:69e4b69531f7ee2d68a3d8cb",
      "claims_written": 1,
      "claims_superseded": 0,
      "decision_keys_persisted": 0,
      "linkage_keys_persisted": 0
    }
  },
  {
    "ts": "2026-04-28T15:12:32.674351+00:00",
    "source": "trello",
    "action": "event_processed",
    "data": {
      "event_key": "trello:69e4b69531f7ee2d68a3d8cb",
      "content_key": "trello:69e4b69531f7ee2d68a3d8b2:8af91707b8ac82fdfec5733142076407b12181c333672a076f13e58e0e167618"
    }
  },
  {
    "ts": "2026-04-28T15:12:33.155041+00:00",
    "source": "trello",
    "action": "wiki_v2_claim_written",
    "data": {
      "claim_id": "63d4f7ac-716c-4a0f-823b-aeab135fcffc",
      "blob_path": "memory/vault/claims/63d4f7ac-716c-4a0f-823b-aeab135fcffc.md",
      "entity_id": "69de5e2835a5da2f2e614328",
      "claim_type": "status"
    }
  },
  {
    "ts": "2026-04-28T15:12:33.195692+00:00",
    "source": "trello",
    "action": "wiki_v2_event_processed",
    "data": {
      "event_key": "trello:69de5e2835a5da2f2e614350",
      "claims_written": 1,
      "claims_superseded": 0,
      "decision_keys_persisted": 0,
      "linkage_keys_persisted": 0
    }
  },
  {
    "ts": "2026-04-28T15:12:33.266168+00:00",
    "source": "trello",
    "action": "event_processed",
    "data": {
      "event_key": "trello:69de5e2835a5da2f2e614350",
      "content_key": "trello:69de5e2835a5da2f2e614328:0e395b15fa507dee18b1fe31c754af1285158fb24685ffc04b49bd3f3aedeaa0"
    }
  },
  {
    "ts": "2026-04-28T15:12:33.823602+00:00",
    "source": "trello",
    "action": "wiki_v2_claim_written",
    "data": {
      "claim_id": "29d92d45-1c79-49d7-977a-88ff06ca6894",
      "blob_path": "memory/vault/claims/29d92d45-1c79-49d7-977a-88ff06ca6894.md",
      "entity_id": "69de5e2835a5da2f2e614328",
      "claim_type": "status"
    }
  },
  {
    "ts": "2026-04-28T15:12:33.861649+00:00",
    "source": "trello",
    "action": "wiki_v2_event_processed",
    "data": {
      "event_key": "trello:69de5e2835a5da2f2e614341",
      "claims_written": 1,
      "claims_superseded": 0,
      "decision_keys_persisted": 0,
      "linkage_keys_persisted": 0
    }
  },
  {
    "ts": "2026-04-28T15:12:33.932478+00:00",
    "source": "trello",
    "action": "event_processed",
    "data": {
      "event_key": "trello:69de5e2835a5da2f2e614341",
      "content_key": "trello:69de5e2835a5da2f2e614328:a34d575ec61b4cfd22bc3a19d1b15ef626d906d367266f10c49b7ced7a985e57"
    }
  },
  {
    "ts": "2026-04-28T15:12:34.424895+00:00",
    "source": "trello",
    "action": "wiki_v2_claim_written",
    "data": {
      "claim_id": "63a3adb2-ef9d-4f58-ad99-ca60aa7b3169",
      "blob_path": "memory/vault/claims/63a3adb2-ef9d-4f58-ad99-ca60aa7b3169.md",
      "entity_id": "69de344df88d2ea76d46702e",
      "claim_type": "status"
    }
  },
  {
    "ts": "2026-04-28T15:12:34.459924+00:00",
    "source": "trello",
    "action": "wiki_v2_event_processed",
    "data": {
      "event_key": "trello:69de344df88d2ea76d467055",
      "claims_written": 1,
      "claims_superseded": 0,
      "decision_keys_persisted": 0,
      "linkage_keys_persisted": 0
    }
  },
  {
    "ts": "2026-04-28T15:12:34.530126+00:00",
    "source": "trello",
    "action": "event_processed",
    "data": {
      "event_key": "trello:69de344df88d2ea76d467055",
      "content_key": "trello:69de344df88d2ea76d46702e:f845bfb89119ad0a502a0aa6a9d2c2fe3e28cb56afbdf095fd9c4a6dbed9c0e7"
    }
  },
  {
    "ts": "2026-04-28T15:12:35.060511+00:00",
    "source": "trello",
    "action": "wiki_v2_claim_written",
    "data": {
      "claim_id": "82aa808f-ce41-465f-9dd9-310d055ba4e5",
      "blob_path": "memory/vault/claims/82aa808f-ce41-465f-9dd9-310d055ba4e5.md",
      "entity_id": "69de344df88d2ea76d46702e",
      "claim_type": "status"
    }
  },
  {
    "ts": "2026-04-28T15:12:35.106985+00:00",
    "source": "trello",
    "action": "wiki_v2_event_processed",
    "data": {
      "event_key": "trello:69de344df88d2ea76d467047",
      "claims_written": 1,
      "claims_superseded": 0,
      "decision_keys_persisted": 0,
      "linkage_keys_persisted": 0
    }
  },
  {
    "ts": "2026-04-28T15:12:35.207231+00:00",
    "source": "trello",
    "action": "event_processed",
    "data": {
      "event_key": "trello:69de344df88d2ea76d467047",
      "content_key": "trello:69de344df88d2ea76d46702e:0d7205aa1e43026bd75fc66368367beb40bb127488546dbde547a7aedb06b563"
    }
  },
  {
    "ts": "2026-04-28T15:12:35.730595+00:00",
    "source": "trello",
    "action": "wiki_v2_claim_written",
    "data": {
      "claim_id": "d7a8d975-f178-429f-8f8c-7bfb8f5b1a93",
      "blob_path": "memory/vault/claims/d7a8d975-f178-429f-8f8c-7bfb8f5b1a93.md",
      "entity_id": "69de344c31afe08c6c8dda56",
      "claim_type": "status"
    }
  },
  {
    "ts": "2026-04-28T15:12:35.769006+00:00",
    "source": "trello",
    "action": "wiki_v2_event_processed",
    "data": {
      "event_key": "trello:69de344c31afe08c6c8ddaa1",
      "claims_written": 1,
      "claims_superseded": 0,
      "decision_keys_persisted": 0,
      "linkage_keys_persisted": 0
    }
  },
  {
    "ts": "2026-04-28T15:12:35.862984+00:00",
    "source": "trello",
    "action": "event_processed",
    "data": {
      "event_key": "trello:69de344c31afe08c6c8ddaa1",
      "content_key": "trello:69de344c31afe08c6c8dda56:b15d23cb4d1a241f756842c0046f3d194ee44e9b64d079cc389bb9288ac5275a"
    }
  },
  {
    "ts": "2026-04-28T15:12:36.365622+00:00",
    "source": "trello",
    "action": "wiki_v2_claim_written",
    "data": {
      "claim_id": "abddb6c1-7366-4989-b11a-41443ab5bcef",
      "blob_path": "memory/vault/claims/abddb6c1-7366-4989-b11a-41443ab5bcef.md",
      "entity_id": "69de344c31afe08c6c8dda56",
      "claim_type": "status"
    }
  },
  {
    "ts": "2026-04-28T15:12:36.424742+00:00",
    "source": "trello",
    "action": "wiki_v2_event_processed",
    "data": {
      "event_key": "trello:69de344c31afe08c6c8dda83",
      "claims_written": 1,
      "claims_superseded": 0,
      "decision_keys_persisted": 0,
      "linkage_keys_persisted": 0
    }
  },
  {
    "ts": "2026-04-28T15:12:36.523871+00:00",
    "source": "trello",
    "action": "event_processed",
    "data": {
      "event_key": "trello:69de344c31afe08c6c8dda83",
      "content_key": "trello:69de344c31afe08c6c8dda56:59723d05b7b81e17e7766848f0509dd9de3cf1d8a0e0528e04364729e8ee2d09"
    }
  },
  {
    "ts": "2026-04-28T15:12:37.007835+00:00",
    "source": "trello",
    "action": "wiki_v2_claim_written",
    "data": {
      "claim_id": "a06fe6db-0420-4bed-806a-900283a511fb",
      "blob_path": "memory/vault/claims/a06fe6db-0420-4bed-806a-900283a511fb.md",
      "entity_id": "69dce31cf8e11fcdd90bed66",
      "claim_type": "status"
    }
  },
  {
    "ts": "2026-04-28T15:12:37.040668+00:00",
    "source": "trello",
    "action": "wiki_v2_event_processed",
    "data": {
      "event_key": "trello:69dce31cf8e11fcdd90beda8",
      "claims_written": 1,
      "claims_superseded": 0,
      "decision_keys_persisted": 0,
      "linkage_keys_persisted": 0
    }
  },
  {
    "ts": "2026-04-28T15:12:37.110695+00:00",
    "source": "trello",
    "action": "event_processed",
    "data": {
      "event_key": "trello:69dce31cf8e11fcdd90beda8",
      "content_key": "trello:69dce31cf8e11fcdd90bed66:940c783be4bf7157f3b42d0ba6b9bc079ebb4f7b8232a79e2040dd600c0656f2"
    }
  },
  {
    "ts": "2026-04-28T15:12:37.597737+00:00",
    "source": "trello",
    "action": "wiki_v2_claim_written",
    "data": {
      "claim_id": "fa161100-414a-4f3e-bde0-0a3484d84974",
      "blob_path": "memory/vault/claims/fa161100-414a-4f3e-bde0-0a3484d84974.md",
      "entity_id": "69dce31cf8e11fcdd90bed66",
      "claim_type": "status"
    }
  },
  {
    "ts": "2026-04-28T15:12:37.630873+00:00",
    "source": "trello",
    "action": "wiki_v2_event_processed",
    "data": {
      "event_key": "trello:69dce31cf8e11fcdd90bed7f",
      "claims_written": 1,
      "claims_superseded": 0,
      "decision_keys_persisted": 0,
      "linkage_keys_persisted": 0
    }
  },
  {
    "ts": "2026-04-28T15:12:37.704311+00:00",
    "source": "trello",
    "action": "event_processed",
    "data": {
      "event_key": "trello:69dce31cf8e11fcdd90bed7f",
      "content_key": "trello:69dce31cf8e11fcdd90bed66:551b1268e799f67fdf1078ad19a7c657158d7b92d80f43babc3ac924e4b450a8"
    }
  },
  {
    "ts": "2026-04-28T15:12:38.236838+00:00",
    "source": "trello",
    "action": "wiki_v2_claim_written",
    "data": {
      "claim_id": "e79eae4d-50a3-45e6-8d87-2a2d257c0914",
      "blob_path": "memory/vault/claims/e79eae4d-50a3-45e6-8d87-2a2d257c0914.md",
      "entity_id": "69d8f50d097267a768563f3f",
      "claim_type": "status"
    }
  },
  {
    "ts": "2026-04-28T15:12:38.280186+00:00",
    "source": "trello",
    "action": "wiki_v2_event_processed",
    "data": {
      "event_key": "trello:69d8f50d097267a768563fd5",
      "claims_written": 1,
      "claims_superseded": 0,
      "decision_keys_persisted": 0,
      "linkage_keys_persisted": 0
    }
  },
  {
    "ts": "2026-04-28T15:12:38.368567+00:00",
    "source": "trello",
    "action": "event_processed",
    "data": {
      "event_key": "trello:69d8f50d097267a768563fd5",
      "content_key": "trello:69d8f50d097267a768563f3f:2cf8fb1b786180d85838e81954c1a8ed4af83cbbf94c3767078214468e9bba6f"
    }
  },
  {
    "ts": "2026-04-28T15:12:38.846038+00:00",
    "source": "trello",
    "action": "wiki_v2_claim_written",
    "data": {
      "claim_id": "6c61da3b-a0ab-4e02-80d8-2f17bb923b4b",
      "blob_path": "memory/vault/claims/6c61da3b-a0ab-4e02-80d8-2f17bb923b4b.md",
      "entity_id": "69d8f50d097267a768563f3f",
      "claim_type": "status"
    }
  },
  {
    "ts": "2026-04-28T15:12:38.886682+00:00",
    "source": "trello",
    "action": "wiki_v2_event_processed",
    "data": {
      "event_key": "trello:69d8f50d097267a768563fb0",
      "claims_written": 1,
      "claims_superseded": 0,
      "decision_keys_persisted": 0,
      "linkage_keys_persisted": 0
    }
  },
  {
    "ts": "2026-04-28T15:12:38.972791+00:00",
    "source": "trello",
    "action": "event_processed",
    "data": {
      "event_key": "trello:69d8f50d097267a768563fb0",
      "content_key": "trello:69d8f50d097267a768563f3f:de6c02c08a4f45f3dfe8df1e510b4d3b048f59de4e1af91c7c5c3e7a157e3f47"
    }
  },
  {
    "ts": "2026-04-28T15:12:39.496767+00:00",
    "source": "trello",
    "action": "wiki_v2_claim_written",
    "data": {
      "claim_id": "b4f4a7b5-0dae-4501-8371-f455d8881f45",
      "blob_path": "memory/vault/claims/b4f4a7b5-0dae-4501-8371-f455d8881f45.md",
      "entity_id": "69d8f50d097267a768563f3f",
      "claim_type": "status"
    }
  },
  {
    "ts": "2026-04-28T15:12:39.533084+00:00",
    "source": "trello",
    "action": "wiki_v2_event_processed",
    "data": {
      "event_key": "trello:69d8f50d097267a768563f9a",
      "claims_written": 1,
      "claims_superseded": 0,
      "decision_keys_persisted": 0,
      "linkage_keys_persisted": 0
    }
  },
  {
    "ts": "2026-04-28T15:12:39.607042+00:00",
    "source": "trello",
    "action": "event_processed",
    "data": {
      "event_key": "trello:69d8f50d097267a768563f9a",
      "content_key": "trello:69d8f50d097267a768563f3f:a8270ebcf2d533c85d8a8425bd613fd5dd804da4001c319a2bbfc0d796913f3b"
    }
  },
  {
    "ts": "2026-04-28T15:12:40.079205+00:00",
    "source": "trello",
    "action": "wiki_v2_claim_written",
    "data": {
      "claim_id": "6d40e98c-700b-4c36-ab5d-a5a2a8cded47",
      "blob_path": "memory/vault/claims/6d40e98c-700b-4c36-ab5d-a5a2a8cded47.md",
      "entity_id": "69d8063fe598be246290297e",
      "claim_type": "status"
    }
  },
  {
    "ts": "2026-04-28T15:12:40.144136+00:00",
    "source": "trello",
    "action": "wiki_v2_event_processed",
    "data": {
      "event_key": "trello:69d8063fe598be24629029a5",
      "claims_written": 1,
      "claims_superseded": 0,
      "decision_keys_persisted": 0,
      "linkage_keys_persisted": 0
    }
  },
  {
    "ts": "2026-04-28T15:12:40.234512+00:00",
    "source": "trello",
    "action": "event_processed",
    "data": {
      "event_key": "trello:69d8063fe598be24629029a5",
      "content_key": "trello:69d8063fe598be246290297e:30fa75263c0e143ecb2c4a57bff482c15fe87556e73d41a0c6d70a3b9feed297"
    }
  },
  {
    "ts": "2026-04-28T15:12:40.725832+00:00",
    "source": "trello",
    "action": "wiki_v2_claim_written",
    "data": {
      "claim_id": "d69580b6-710d-4428-8f8a-44893222c687",
      "blob_path": "memory/vault/claims/d69580b6-710d-4428-8f8a-44893222c687.md",
      "entity_id": "69d8063fe598be246290297e",
      "claim_type": "status"
    }
  },
  {
    "ts": "2026-04-28T15:12:40.753405+00:00",
    "source": "trello",
    "action": "wiki_v2_event_processed",
    "data": {
      "event_key": "trello:69d8063fe598be2462902997",
      "claims_written": 1,
      "claims_superseded": 0,
      "decision_keys_persisted": 0,
      "linkage_keys_persisted": 0
    }
  },
  {
    "ts": "2026-04-28T15:12:40.814538+00:00",
    "source": "trello",
    "action": "event_processed",
    "data": {
      "event_key": "trello:69d8063fe598be2462902997",
      "content_key": "trello:69d8063fe598be246290297e:5db7a7de3aa423b62b0a7e7cc16dd358d031a82db404b3c75e0416b38dd01917"
    }
  },
  {
    "ts": "2026-04-28T15:12:41.292373+00:00",
    "source": "trello",
    "action": "wiki_v2_claim_written",
    "data": {
      "claim_id": "f8f2ed41-a341-454d-adcc-829821a6db05",
      "blob_path": "memory/vault/claims/f8f2ed41-a341-454d-adcc-829821a6db05.md",
      "entity_id": "69d7bb44290524b8df5cab46",
      "claim_type": "status"
    }
  },
  {
    "ts": "2026-04-28T15:12:41.328919+00:00",
    "source": "trello",
    "action": "wiki_v2_event_processed",
    "data": {
      "event_key": "trello:69d7bb44290524b8df5cab6d",
      "claims_written": 1,
      "claims_superseded": 0,
      "decision_keys_persisted": 0,
      "linkage_keys_persisted": 0
    }
  },
  {
    "ts": "2026-04-28T15:12:41.388980+00:00",
    "source": "trello",
    "action": "event_processed",
    "data": {
      "event_key": "trello:69d7bb44290524b8df5cab6d",
      "content_key": "trello:69d7bb44290524b8df5cab46:ce20c184e11579d1f1806459e6e517f20a241443c2289513c712a07e03a9a674"
    }
  },
  {
    "ts": "2026-04-28T15:12:41.888436+00:00",
    "source": "trello",
    "action": "wiki_v2_claim_written",
    "data": {
      "claim_id": "0a47d97e-c583-484b-9e4a-512b9ed10674",
      "blob_path": "memory/vault/claims/0a47d97e-c583-484b-9e4a-512b9ed10674.md",
      "entity_id": "69d7bb44290524b8df5cab46",
      "claim_type": "status"
    }
  },
  {
    "ts": "2026-04-28T15:12:41.921900+00:00",
    "source": "trello",
    "action": "wiki_v2_event_processed",
    "data": {
      "event_key": "trello:69d7bb44290524b8df5cab5f",
      "claims_written": 1,
      "claims_superseded": 0,
      "decision_keys_persisted": 0,
      "linkage_keys_persisted": 0
    }
  },
  {
    "ts": "2026-04-28T15:12:42.010734+00:00",
    "source": "trello",
    "action": "event_processed",
    "data": {
      "event_key": "trello:69d7bb44290524b8df5cab5f",
      "content_key": "trello:69d7bb44290524b8df5cab46:4ba45b6c50fe42abd48cd11439695424220e542f2b2eef025ae7ff394061118b"
    }
  },
  {
    "ts": "2026-04-28T15:12:42.504692+00:00",
    "source": "trello",
    "action": "wiki_v2_claim_written",
    "data": {
      "claim_id": "9cf2ccef-20ea-48b3-a153-9cb9e699fe92",
      "blob_path": "memory/vault/claims/9cf2ccef-20ea-48b3-a153-9cb9e699fe92.md",
      "entity_id": "69d7bb43995d717f074f3b72",
      "claim_type": "status"
    }
  },
  {
    "ts": "2026-04-28T15:12:42.535523+00:00",
    "source": "trello",
    "action": "wiki_v2_event_processed",
    "data": {
      "event_key": "trello:69d7bb43995d717f074f3b9a",
      "claims_written": 1,
      "claims_superseded": 0,
      "decision_keys_persisted": 0,
      "linkage_keys_persisted": 0
    }
  },
  {
    "ts": "2026-04-28T15:12:42.627164+00:00",
    "source": "trello",
    "action": "event_processed",
    "data": {
      "event_key": "trello:69d7bb43995d717f074f3b9a",
      "content_key": "trello:69d7bb43995d717f074f3b72:21845bf78f5f412d86e412d19bec627cf53952e857dd6c4afbdd1378b414e023"
    }
  },
  {
    "ts": "2026-04-28T15:12:43.142884+00:00",
    "source": "trello",
    "action": "wiki_v2_claim_written",
    "data": {
      "claim_id": "95faef44-5ca2-42fd-b7c7-59bceb569b00",
      "blob_path": "memory/vault/claims/95faef44-5ca2-42fd-b7c7-59bceb569b00.md",
      "entity_id": "69d7bb43995d717f074f3b72",
      "claim_type": "status"
    }
  },
  {
    "ts": "2026-04-28T15:12:43.180051+00:00",
    "source": "trello",
    "action": "wiki_v2_event_processed",
    "data": {
      "event_key": "trello:69d7bb43995d717f074f3b8b",
      "claims_written": 1,
      "claims_superseded": 0,
      "decision_keys_persisted": 0,
      "linkage_keys_persisted": 0
    }
  },
  {
    "ts": "2026-04-28T15:12:43.254744+00:00",
    "source": "trello",
    "action": "event_processed",
    "data": {
      "event_key": "trello:69d7bb43995d717f074f3b8b",
      "content_key": "trello:69d7bb43995d717f074f3b72:046d103e2f36e9fe42e63aab4ac9c86abd4b1cf3d184f6236af3bb13d2631019"
    }
  },
  {
    "ts": "2026-04-28T15:12:43.761801+00:00",
    "source": "trello",
    "action": "wiki_v2_claim_written",
    "data": {
      "claim_id": "d6793d21-afb3-4595-b483-898c09894022",
      "blob_path": "memory/vault/claims/d6793d21-afb3-4595-b483-898c09894022.md",
      "entity_id": "69d6b5a301407d8e175f0272",
      "claim_type": "status"
    }
  },
  {
    "ts": "2026-04-28T15:12:43.804664+00:00",
    "source": "trello",
    "action": "wiki_v2_event_processed",
    "data": {
      "event_key": "trello:69d6b5a301407d8e175f029a",
      "claims_written": 1,
      "claims_superseded": 0,
      "decision_keys_persisted": 0,
      "linkage_keys_persisted": 0
    }
  },
  {
    "ts": "2026-04-28T15:12:43.873574+00:00",
    "source": "trello",
    "action": "event_processed",
    "data": {
      "event_key": "trello:69d6b5a301407d8e175f029a",
      "content_key": "trello:69d6b5a301407d8e175f0272:f78ca67a869edddd610484d73c6f36ba5b1a6d38d0a0b19aabbed07b69e1d8a3"
    }
  },
  {
    "ts": "2026-04-28T15:12:44.369761+00:00",
    "source": "trello",
    "action": "wiki_v2_claim_written",
    "data": {
      "claim_id": "cf1df0ee-e3ea-4c87-b602-e91b75e4bf86",
      "blob_path": "memory/vault/claims/cf1df0ee-e3ea-4c87-b602-e91b75e4bf86.md",
      "entity_id": "69d6b5a301407d8e175f0272",
      "claim_type": "status"
    }
  },
  {
    "ts": "2026-04-28T15:12:44.408634+00:00",
    "source": "trello",
    "action": "wiki_v2_event_processed",
    "data": {
      "event_key": "trello:69d6b5a301407d8e175f028b",
      "claims_written": 1,
      "claims_superseded": 0,
      "decision_keys_persisted": 0,
      "linkage_keys_persisted": 0
    }
  },
  {
    "ts": "2026-04-28T15:12:44.514961+00:00",
    "source": "trello",
    "action": "event_processed",
    "data": {
      "event_key": "trello:69d6b5a301407d8e175f028b",
      "content_key": "trello:69d6b5a301407d8e175f0272:e164d4d5a5579b1b73efeb090b822d61dde440137a7b6bc0fde3ed35d3461250"
    }
  },
  {
    "ts": "2026-04-28T15:12:45.029796+00:00",
    "source": "trello",
    "action": "wiki_v2_claim_written",
    "data": {
      "claim_id": "12ef52d7-97f0-48d4-bf73-50f10d51e4b2",
      "blob_path": "memory/vault/claims/12ef52d7-97f0-48d4-bf73-50f10d51e4b2.md",
      "entity_id": "69d64b30731832986691ea8f",
      "claim_type": "status"
    }
  },
  {
    "ts": "2026-04-28T15:12:45.075056+00:00",
    "source": "trello",
    "action": "wiki_v2_event_processed",
    "data": {
      "event_key": "trello:69d64b30731832986691eb56",
      "claims_written": 1,
      "claims_superseded": 0,
      "decision_keys_persisted": 0,
      "linkage_keys_persisted": 0
    }
  },
  {
    "ts": "2026-04-28T15:12:45.169611+00:00",
    "source": "trello",
    "action": "event_processed",
    "data": {
      "event_key": "trello:69d64b30731832986691eb56",
      "content_key": "trello:69d64b30731832986691ea8f:66b853457e78afbab45ba036db2e8cb5d64c34431aa095e403f2f3ee5d954b3a"
    }
  },
  {
    "ts": "2026-04-28T15:12:45.642875+00:00",
    "source": "trello",
    "action": "wiki_v2_claim_written",
    "data": {
      "claim_id": "6972537c-cf49-465a-85b3-d26fea1c74d7",
      "blob_path": "memory/vault/claims/6972537c-cf49-465a-85b3-d26fea1c74d7.md",
      "entity_id": "69d64b30731832986691ea8f",
      "claim_type": "status"
    }
  },
  {
    "ts": "2026-04-28T15:12:45.672902+00:00",
    "source": "trello",
    "action": "wiki_v2_event_processed",
    "data": {
      "event_key": "trello:69d64b30731832986691eb1c",
      "claims_written": 1,
      "claims_superseded": 0,
      "decision_keys_persisted": 0,
      "linkage_keys_persisted": 0
    }
  },
  {
    "ts": "2026-04-28T15:12:45.750222+00:00",
    "source": "trello",
    "action": "event_processed",
    "data": {
      "event_key": "trello:69d64b30731832986691eb1c",
      "content_key": "trello:69d64b30731832986691ea8f:a334f2e9e381e8ae0b8169be99324e97806958e9e6be77b244df399f41e9de8b"
    }
  },
  {
    "ts": "2026-04-28T15:12:46.250941+00:00",
    "source": "trello",
    "action": "wiki_v2_claim_written",
    "data": {
      "claim_id": "e0c54c80-61fc-49b2-8769-cd5959cb76ea",
      "blob_path": "memory/vault/claims/e0c54c80-61fc-49b2-8769-cd5959cb76ea.md",
      "entity_id": "69d64b30731832986691ea8f",
      "claim_type": "status"
    }
  },
  {
    "ts": "2026-04-28T15:12:46.301542+00:00",
    "source": "trello",
    "action": "wiki_v2_event_processed",
    "data": {
      "event_key": "trello:69d64b30731832986691eae5",
      "claims_written": 1,
      "claims_superseded": 0,
      "decision_keys_persisted": 0,
      "linkage_keys_persisted": 0
    }
  },
  {
    "ts": "2026-04-28T15:12:46.377496+00:00",
    "source": "trello",
    "action": "event_processed",
    "data": {
      "event_key": "trello:69d64b30731832986691eae5",
      "content_key": "trello:69d64b30731832986691ea8f:d8415ac4667bc336a96868b120f5627fe1962bba4f2c093aa77bed2c9fc3c4e9"
    }
  },
  {
    "ts": "2026-04-28T15:12:46.842938+00:00",
    "source": "trello",
    "action": "wiki_v2_claim_written",
    "data": {
      "claim_id": "765a2235-b3fe-4899-85f8-96e80882430d",
      "blob_path": "memory/vault/claims/765a2235-b3fe-4899-85f8-96e80882430d.md",
      "entity_id": "69d64b2fe65e688808704dd9",
      "claim_type": "status"
    }
  },
  {
    "ts": "2026-04-28T15:12:46.884889+00:00",
    "source": "trello",
    "action": "wiki_v2_event_processed",
    "data": {
      "event_key": "trello:69d64b2fe65e688808704e0e",
      "claims_written": 1,
      "claims_superseded": 0,
      "decision_keys_persisted": 0,
      "linkage_keys_persisted": 0
    }
  },
  {
    "ts": "2026-04-28T15:12:46.968241+00:00",
    "source": "trello",
    "action": "event_processed",
    "data": {
      "event_key": "trello:69d64b2fe65e688808704e0e",
      "content_key": "trello:69d64b2fe65e688808704dd9:4cd1e543a2b71e69d2e843ffb8d06f7427143472682b1b42e622f9b539b57e34"
    }
  },
  {
    "ts": "2026-04-28T15:12:47.452719+00:00",
    "source": "trello",
    "action": "wiki_v2_claim_written",
    "data": {
      "claim_id": "427a435b-0c94-4bca-85ba-c6ad53cafd69",
      "blob_path": "memory/vault/claims/427a435b-0c94-4bca-85ba-c6ad53cafd69.md",
      "entity_id": "69d64b2fe65e688808704dd9",
      "claim_type": "status"
    }
  },
  {
    "ts": "2026-04-28T15:12:47.485472+00:00",
    "source": "trello",
    "action": "wiki_v2_event_processed",
    "data": {
      "event_key": "trello:69d64b2fe65e688808704dff",
      "claims_written": 1,
      "claims_superseded": 0,
      "decision_keys_persisted": 0,
      "linkage_keys_persisted": 0
    }
  },
  {
    "ts": "2026-04-28T15:12:47.592917+00:00",
    "source": "trello",
    "action": "event_processed",
    "data": {
      "event_key": "trello:69d64b2fe65e688808704dff",
      "content_key": "trello:69d64b2fe65e688808704dd9:709cedd53a92abb7b43c94f98342c339d6552a4b1d59beb41395e1062170e3b5"
    }
  },
  {
    "ts": "2026-04-28T15:12:48.081380+00:00",
    "source": "trello",
    "action": "wiki_v2_claim_written",
    "data": {
      "claim_id": "f22ddfb9-b4e8-42b9-a8d8-4c04f4617215",
      "blob_path": "memory/vault/claims/f22ddfb9-b4e8-42b9-a8d8-4c04f4617215.md",
      "entity_id": "69d64b2fe65e688808704dd9",
      "claim_type": "status"
    }
  },
  {
    "ts": "2026-04-28T15:12:48.128055+00:00",
    "source": "trello",
    "action": "wiki_v2_event_processed",
    "data": {
      "event_key": "trello:69d64b2fe65e688808704df8",
      "claims_written": 1,
      "claims_superseded": 0,
      "decision_keys_persisted": 0,
      "linkage_keys_persisted": 0
    }
  },
  {
    "ts": "2026-04-28T15:12:48.214764+00:00",
    "source": "trello",
    "action": "event_processed",
    "data": {
      "event_key": "trello:69d64b2fe65e688808704df8",
      "content_key": "trello:69d64b2fe65e688808704dd9:aa2a2c79daf2c215cf1d5276834136fa2d2d800f60ba4e55208a7596427a8c14"
    }
  },
  {
    "ts": "2026-04-28T15:12:48.706060+00:00",
    "source": "trello",
    "action": "wiki_v2_claim_written",
    "data": {
      "claim_id": "a1742d81-0ab3-4d88-b286-924443cc60eb",
      "blob_path": "memory/vault/claims/a1742d81-0ab3-4d88-b286-924443cc60eb.md",
      "entity_id": "69d3a822a6d76475542cc3f6",
      "claim_type": "status"
    }
  },
  {
    "ts": "2026-04-28T15:12:48.744861+00:00",
    "source": "trello",
    "action": "wiki_v2_event_processed",
    "data": {
      "event_key": "trello:69d3a822a6d76475542cc41e",
      "claims_written": 1,
      "claims_superseded": 0,
      "decision_keys_persisted": 0,
      "linkage_keys_persisted": 0
    }
  },
  {
    "ts": "2026-04-28T15:12:48.819990+00:00",
    "source": "trello",
    "action": "event_processed",
    "data": {
      "event_key": "trello:69d3a822a6d76475542cc41e",
      "content_key": "trello:69d3a822a6d76475542cc3f6:435823560a8c5e85131d3898b4da45bce4016ba1300f74a6c3d109f0e2313185"
    }
  },
  {
    "ts": "2026-04-28T15:12:49.297417+00:00",
    "source": "trello",
    "action": "wiki_v2_claim_written",
    "data": {
      "claim_id": "ebb06b32-5c76-48bc-b665-34cb8ab8848d",
      "blob_path": "memory/vault/claims/ebb06b32-5c76-48bc-b665-34cb8ab8848d.md",
      "entity_id": "69d3a822a6d76475542cc3f6",
      "claim_type": "status"
    }
  },
  {
    "ts": "2026-04-28T15:12:49.331603+00:00",
    "source": "trello",
    "action": "wiki_v2_event_processed",
    "data": {
      "event_key": "trello:69d3a822a6d76475542cc40f",
      "claims_written": 1,
      "claims_superseded": 0,
      "decision_keys_persisted": 0,
      "linkage_keys_persisted": 0
    }
  },
  {
    "ts": "2026-04-28T15:12:49.424216+00:00",
    "source": "trello",
    "action": "event_processed",
    "data": {
      "event_key": "trello:69d3a822a6d76475542cc40f",
      "content_key": "trello:69d3a822a6d76475542cc3f6:24c4f6a7598bb9138986ce7a4cc509e08265df1dbbf5733fc1a2c17b9cb700d6"
    }
  },
  {
    "ts": "2026-04-28T15:12:49.946162+00:00",
    "source": "trello",
    "action": "wiki_v2_claim_written",
    "data": {
      "claim_id": "66f92560-0660-4103-a8e3-1c3b751af966",
      "blob_path": "memory/vault/claims/66f92560-0660-4103-a8e3-1c3b751af966.md",
      "entity_id": "69cecc0e1ccc370f61ae91c3",
      "claim_type": "status"
    }
  },
  {
    "ts": "2026-04-28T15:12:49.980784+00:00",
    "source": "trello",
    "action": "wiki_v2_event_processed",
    "data": {
      "event_key": "trello:69cecc0e1ccc370f61ae91ee",
      "claims_written": 1,
      "claims_superseded": 0,
      "decision_keys_persisted": 0,
      "linkage_keys_persisted": 0
    }
  },
  {
    "ts": "2026-04-28T15:12:50.050126+00:00",
    "source": "trello",
    "action": "event_processed",
    "data": {
      "event_key": "trello:69cecc0e1ccc370f61ae91ee",
      "content_key": "trello:69cecc0e1ccc370f61ae91c3:3b05d02ad1b3c20afbe9a7b4bd89a59774928d6b5fbaab66a6a31a7201856136"
    }
  },
  {
    "ts": "2026-04-28T15:12:50.598726+00:00",
    "source": "trello",
    "action": "wiki_v2_claim_written",
    "data": {
      "claim_id": "33e384ea-1816-4991-97c3-677a8b99335e",
      "blob_path": "memory/vault/claims/33e384ea-1816-4991-97c3-677a8b99335e.md",
      "entity_id": "69cecc0e1ccc370f61ae91c3",
      "claim_type": "status"
    }
  },
  {
    "ts": "2026-04-28T15:12:50.644681+00:00",
    "source": "trello",
    "action": "wiki_v2_event_processed",
    "data": {
      "event_key": "trello:69cecc0e1ccc370f61ae91df",
      "claims_written": 1,
      "claims_superseded": 0,
      "decision_keys_persisted": 0,
      "linkage_keys_persisted": 0
    }
  },
  {
    "ts": "2026-04-28T15:12:50.742673+00:00",
    "source": "trello",
    "action": "event_processed",
    "data": {
      "event_key": "trello:69cecc0e1ccc370f61ae91df",
      "content_key": "trello:69cecc0e1ccc370f61ae91c3:187ab63f9ec810e6565dbb37cde615086efaa7a808df8465ec3aefa0136be237"
    }
  },
  {
    "ts": "2026-04-28T15:12:51.391697+00:00",
    "source": "trello",
    "action": "wiki_v2_claim_written",
    "data": {
      "claim_id": "da81c54c-515b-47be-8c2c-3d5ca4824f59",
      "blob_path": "memory/vault/claims/da81c54c-515b-47be-8c2c-3d5ca4824f59.md",
      "entity_id": "696680fe1d6cb6b7de705058",
      "claim_type": "status"
    }
  },
  {
    "ts": "2026-04-28T15:12:51.454548+00:00",
    "source": "trello",
    "action": "wiki_v2_event_processed",
    "data": {
      "event_key": "trello:696681345a4a5eecff1ecc92",
      "claims_written": 1,
      "claims_superseded": 0,
      "decision_keys_persisted": 0,
      "linkage_keys_persisted": 0
    }
  },
  {
    "ts": "2026-04-28T15:12:51.625807+00:00",
    "source": "trello",
    "action": "event_processed",
    "data": {
      "event_key": "trello:696681345a4a5eecff1ecc92",
      "content_key": "trello:696680fe1d6cb6b7de705058:a8f013a7af118091d29f3116498b5a61a4b3af3aab7d59f79e356207b2aa26ad"
    }
  },
  {
    "ts": "2026-04-28T15:12:52.156183+00:00",
    "source": "trello",
    "action": "wiki_v2_claim_written",
    "data": {
      "claim_id": "144ed3c9-a226-4d43-8afb-41a86c84f5b4",
      "blob_path": "memory/vault/claims/144ed3c9-a226-4d43-8afb-41a86c84f5b4.md",
      "entity_id": "696680fe1d6cb6b7de705058",
      "claim_type": "status"
    }
  },
  {
    "ts": "2026-04-28T15:12:52.200291+00:00",
    "source": "trello",
    "action": "wiki_v2_event_processed",
    "data": {
      "event_key": "trello:696680fe1d6cb6b7de705073",
      "claims_written": 1,
      "claims_superseded": 0,
      "decision_keys_persisted": 0,
      "linkage_keys_persisted": 0
    }
  },
  {
    "ts": "2026-04-28T15:12:52.307689+00:00",
    "source": "trello",
    "action": "event_processed",
    "data": {
      "event_key": "trello:696680fe1d6cb6b7de705073",
      "content_key": "trello:696680fe1d6cb6b7de705058:ef741ca5da410af13efaa2d5a147ad978f166502a5883b230e9c35febe8e9031"
    }
  },
  {
    "ts": "2026-04-28T15:12:52.811719+00:00",
    "source": "trello",
    "action": "wiki_v2_claim_written",
    "data": {
      "claim_id": "5e50a7ff-b681-4a44-b1fa-83f277bad33c",
      "blob_path": "memory/vault/claims/5e50a7ff-b681-4a44-b1fa-83f277bad33c.md",
      "entity_id": "69651b6273fdeeaeab1037c3",
      "claim_type": "status"
    }
  },
  {
    "ts": "2026-04-28T15:12:52.824697+00:00",
    "source": "trello",
    "action": "wiki_v2_claim_written",
    "data": {
      "claim_id": "b16cc2a1-6154-4f44-b6a1-a741f580633d",
      "blob_path": "memory/vault/claims/b16cc2a1-6154-4f44-b6a1-a741f580633d.md",
      "entity_id": "69651b6273fdeeaeab1037c3",
      "claim_type": "decision"
    }
  },
  {
    "ts": "2026-04-28T15:12:52.864988+00:00",
    "source": "trello",
    "action": "wiki_v2_claim_written",
    "data": {
      "claim_id": "bcddd151-bebe-4223-8a6a-a1ef566c052d",
      "blob_path": "memory/vault/claims/bcddd151-bebe-4223-8a6a-a1ef566c052d.md",
      "entity_id": "69651b6273fdeeaeab1037c3",
      "claim_type": "linkage"
    }
  },
  {
    "ts": "2026-04-28T15:12:52.907724+00:00",
    "source": "trello",
    "action": "wiki_v2_event_processed",
    "data": {
      "event_key": "trello:69654339d635427559cb03d3",
      "claims_written": 3,
      "claims_superseded": 0,
      "decision_keys_persisted": 0,
      "linkage_keys_persisted": 1
    }
  },
  {
    "ts": "2026-04-28T15:12:53.002696+00:00",
    "source": "trello",
    "action": "event_processed",
    "data": {
      "event_key": "trello:69654339d635427559cb03d3",
      "content_key": "trello:69651b6273fdeeaeab1037c3:22f15af24c81fe5c44bffebc18b59b38f13aeb312db43a9695500b3a08d50127"
    }
  },
  {
    "ts": "2026-04-28T15:12:53.506804+00:00",
    "source": "trello",
    "action": "wiki_v2_claim_written",
    "data": {
      "claim_id": "9cf9181e-e10e-41e1-906a-7ef8be89108b",
      "blob_path": "memory/vault/claims/9cf9181e-e10e-41e1-906a-7ef8be89108b.md",
      "entity_id": "69651b6273fdeeaeab1037c3",
      "claim_type": "status"
    }
  },
  {
    "ts": "2026-04-28T15:12:53.548095+00:00",
    "source": "trello",
    "action": "wiki_v2_event_processed",
    "data": {
      "event_key": "trello:6965431a580d06f4dde32b47",
      "claims_written": 1,
      "claims_superseded": 0,
      "decision_keys_persisted": 0,
      "linkage_keys_persisted": 0
    }
  },
  {
    "ts": "2026-04-28T15:12:53.637866+00:00",
    "source": "trello",
    "action": "event_processed",
    "data": {
      "event_key": "trello:6965431a580d06f4dde32b47",
      "content_key": "trello:69651b6273fdeeaeab1037c3:d9ca88f91bae681fcc3cc4cc1d470bddfb6ec766464cb547cc284e35d519fcbe"
    }
  },
  {
    "ts": "2026-04-28T15:12:54.143578+00:00",
    "source": "trello",
    "action": "wiki_v2_claim_written",
    "data": {
      "claim_id": "9b80c997-ec96-46a3-ae71-74acb7f92ab0",
      "blob_path": "memory/vault/claims/9b80c997-ec96-46a3-ae71-74acb7f92ab0.md",
      "entity_id": "69651b6273fdeeaeab1037c3",
      "claim_type": "status"
    }
  },
  {
    "ts": "2026-04-28T15:12:54.185932+00:00",
    "source": "trello",
    "action": "wiki_v2_event_processed",
    "data": {
      "event_key": "trello:6965430b9cbe05a3c79d8d48",
      "claims_written": 1,
      "claims_superseded": 0,
      "decision_keys_persisted": 0,
      "linkage_keys_persisted": 0
    }
  },
  {
    "ts": "2026-04-28T15:12:54.283854+00:00",
    "source": "trello",
    "action": "event_processed",
    "data": {
      "event_key": "trello:6965430b9cbe05a3c79d8d48",
      "content_key": "trello:69651b6273fdeeaeab1037c3:9a7b7d852d5d86032970647295645186ef3e3039058cca8a3abea4cad4bc314c"
    }
  },
  {
    "ts": "2026-04-28T15:12:54.823201+00:00",
    "source": "trello",
    "action": "wiki_v2_claim_written",
    "data": {
      "claim_id": "6f8d976e-a20d-404d-9d8c-d4eb3593280c",
      "blob_path": "memory/vault/claims/6f8d976e-a20d-404d-9d8c-d4eb3593280c.md",
      "entity_id": "69651b6273fdeeaeab1037c3",
      "claim_type": "status"
    }
  },
  {
    "ts": "2026-04-28T15:12:54.865444+00:00",
    "source": "trello",
    "action": "wiki_v2_event_processed",
    "data": {
      "event_key": "trello:69651b6273fdeeaeab1037de",
      "claims_written": 1,
      "claims_superseded": 0,
      "decision_keys_persisted": 0,
      "linkage_keys_persisted": 0
    }
  },
  {
    "ts": "2026-04-28T15:12:54.949866+00:00",
    "source": "trello",
    "action": "event_processed",
    "data": {
      "event_key": "trello:69651b6273fdeeaeab1037de",
      "content_key": "trello:69651b6273fdeeaeab1037c3:fe4c0f7eb31db8dc83ad39fb85e62f282a4d6ed59e7f2cdc68c69c498a3f4d3e"
    }
  },
  {
    "ts": "2026-04-28T15:12:55.487985+00:00",
    "source": "trello",
    "action": "wiki_v2_claim_written",
    "data": {
      "claim_id": "905eb366-a38c-4824-bdd9-c0b395d2a4e0",
      "blob_path": "memory/vault/claims/905eb366-a38c-4824-bdd9-c0b395d2a4e0.md",
      "entity_id": "6964fc9ffc04c00145763957",
      "claim_type": "status"
    }
  },
  {
    "ts": "2026-04-28T15:12:55.549638+00:00",
    "source": "trello",
    "action": "wiki_v2_event_processed",
    "data": {
      "event_key": "trello:6964fcad02d093bf95efd3ea",
      "claims_written": 1,
      "claims_superseded": 0,
      "decision_keys_persisted": 0,
      "linkage_keys_persisted": 0
    }
  },
  {
    "ts": "2026-04-28T15:12:55.652943+00:00",
    "source": "trello",
    "action": "event_processed",
    "data": {
      "event_key": "trello:6964fcad02d093bf95efd3ea",
      "content_key": "trello:6964fc9ffc04c00145763957:deac2f3a188a41a3d6373578b93046bbb47d49672eec1ce681d5817400785408"
    }
  },
  {
    "ts": "2026-04-28T15:12:56.179697+00:00",
    "source": "trello",
    "action": "wiki_v2_claim_written",
    "data": {
      "claim_id": "942c3f8f-00ea-4a76-9ab9-b62e413f9c8a",
      "blob_path": "memory/vault/claims/942c3f8f-00ea-4a76-9ab9-b62e413f9c8a.md",
      "entity_id": "6964fc9ffc04c00145763957",
      "claim_type": "status"
    }
  },
  {
    "ts": "2026-04-28T15:12:56.250040+00:00",
    "source": "trello",
    "action": "wiki_v2_event_processed",
    "data": {
      "event_key": "trello:6964fca9699540c737b04bae",
      "claims_written": 1,
      "claims_superseded": 0,
      "decision_keys_persisted": 0,
      "linkage_keys_persisted": 0
    }
  },
  {
    "ts": "2026-04-28T15:12:56.343841+00:00",
    "source": "trello",
    "action": "event_processed",
    "data": {
      "event_key": "trello:6964fca9699540c737b04bae",
      "content_key": "trello:6964fc9ffc04c00145763957:ddd1dfee45f660dd105060919165212c2f485b034304fe67ccc6ea7a9b6bb8ec"
    }
  },
  {
    "ts": "2026-04-28T15:12:56.865005+00:00",
    "source": "trello",
    "action": "wiki_v2_claim_written",
    "data": {
      "claim_id": "5c11418a-b47c-4f5a-a695-8d921a1c519c",
      "blob_path": "memory/vault/claims/5c11418a-b47c-4f5a-a695-8d921a1c519c.md",
      "entity_id": "6964fc9ffc04c00145763957",
      "claim_type": "status"
    }
  },
  {
    "ts": "2026-04-28T15:12:56.902936+00:00",
    "source": "trello",
    "action": "wiki_v2_event_processed",
    "data": {
      "event_key": "trello:6964fca7e86c4a4a3e2f29ad",
      "claims_written": 1,
      "claims_superseded": 0,
      "decision_keys_persisted": 0,
      "linkage_keys_persisted": 0
    }
  },
  {
    "ts": "2026-04-28T15:12:56.985021+00:00",
    "source": "trello",
    "action": "event_processed",
    "data": {
      "event_key": "trello:6964fca7e86c4a4a3e2f29ad",
      "content_key": "trello:6964fc9ffc04c00145763957:5046bf65b2eb2316ff8ff5e6d047f5fa8bb3ecd47cd41b8e7a52369224d3cd8c"
    }
  },
  {
    "ts": "2026-04-28T15:12:57.498955+00:00",
    "source": "trello",
    "action": "wiki_v2_claim_written",
    "data": {
      "claim_id": "903ea81c-1f59-4955-9b6c-f4ac84ace39b",
      "blob_path": "memory/vault/claims/903ea81c-1f59-4955-9b6c-f4ac84ace39b.md",
      "entity_id": "6964fc9ffc04c00145763957",
      "claim_type": "status"
    }
  },
  {
    "ts": "2026-04-28T15:12:57.543616+00:00",
    "source": "trello",
    "action": "wiki_v2_event_processed",
    "data": {
      "event_key": "trello:6964fc9ffc04c00145763972",
      "claims_written": 1,
      "claims_superseded": 0,
      "decision_keys_persisted": 0,
      "linkage_keys_persisted": 0
    }
  },
  {
    "ts": "2026-04-28T15:12:57.613964+00:00",
    "source": "trello",
    "action": "event_processed",
    "data": {
      "event_key": "trello:6964fc9ffc04c00145763972",
      "content_key": "trello:6964fc9ffc04c00145763957:379ed640c478e085be9d7e1b5a640de0a438d4459fa8d6fee1fd5dc850402163"
    }
  },
  {
    "ts": "2026-04-28T15:12:58.117938+00:00",
    "source": "trello",
    "action": "wiki_v2_claim_written",
    "data": {
      "claim_id": "d61b8a76-b833-4c9f-b25f-52e1d7c82f03",
      "blob_path": "memory/vault/claims/d61b8a76-b833-4c9f-b25f-52e1d7c82f03.md",
      "entity_id": "6964f8db2e63bedfcaa2bd45",
      "claim_type": "status"
    }
  },
  {
    "ts": "2026-04-28T15:12:58.152075+00:00",
    "source": "trello",
    "action": "wiki_v2_event_processed",
    "data": {
      "event_key": "trello:6964f90e5a089ac484b5922b",
      "claims_written": 1,
      "claims_superseded": 0,
      "decision_keys_persisted": 0,
      "linkage_keys_persisted": 0
    }
  },
  {
    "ts": "2026-04-28T15:12:58.232744+00:00",
    "source": "trello",
    "action": "event_processed",
    "data": {
      "event_key": "trello:6964f90e5a089ac484b5922b",
      "content_key": "trello:6964f8db2e63bedfcaa2bd45:ae04273c9ad4513892faa15783aaf9dda24a5d4d4d2b5d27460212412a001e9f"
    }
  },
  {
    "ts": "2026-04-28T15:12:58.714885+00:00",
    "source": "trello",
    "action": "wiki_v2_claim_written",
    "data": {
      "claim_id": "17b4c764-2c7b-4e79-9503-d7d051b8e9e1",
      "blob_path": "memory/vault/claims/17b4c764-2c7b-4e79-9503-d7d051b8e9e1.md",
      "entity_id": "6964f8db2e63bedfcaa2bd45",
      "claim_type": "status"
    }
  },
  {
    "ts": "2026-04-28T15:12:58.748035+00:00",
    "source": "trello",
    "action": "wiki_v2_event_processed",
    "data": {
      "event_key": "trello:6964f909938cfabd8c12bcdc",
      "claims_written": 1,
      "claims_superseded": 0,
      "decision_keys_persisted": 0,
      "linkage_keys_persisted": 0
    }
  },
  {
    "ts": "2026-04-28T15:12:58.823637+00:00",
    "source": "trello",
    "action": "event_processed",
    "data": {
      "event_key": "trello:6964f909938cfabd8c12bcdc",
      "content_key": "trello:6964f8db2e63bedfcaa2bd45:d7838435c57e2eaa81b79e4cbcc352948604d7b824c92c5e400d4aac2cc0fb3b"
    }
  },
  {
    "ts": "2026-04-28T15:12:59.298196+00:00",
    "source": "trello",
    "action": "wiki_v2_claim_written",
    "data": {
      "claim_id": "a35bd596-2081-4d2b-b704-af48f662dce5",
      "blob_path": "memory/vault/claims/a35bd596-2081-4d2b-b704-af48f662dce5.md",
      "entity_id": "6964f8db2e63bedfcaa2bd45",
      "claim_type": "status"
    }
  },
  {
    "ts": "2026-04-28T15:12:59.335062+00:00",
    "source": "trello",
    "action": "wiki_v2_event_processed",
    "data": {
      "event_key": "trello:6964f8fa14a9afa6e554010b",
      "claims_written": 1,
      "claims_superseded": 0,
      "decision_keys_persisted": 0,
      "linkage_keys_persisted": 0
    }
  },
  {
    "ts": "2026-04-28T15:12:59.412355+00:00",
    "source": "trello",
    "action": "event_processed",
    "data": {
      "event_key": "trello:6964f8fa14a9afa6e554010b",
      "content_key": "trello:6964f8db2e63bedfcaa2bd45:68603777f7abbda0605a24f37366dce76813764813337204a7154ee01b47c73f"
    }
  },
  {
    "ts": "2026-04-28T15:12:59.889952+00:00",
    "source": "trello",
    "action": "wiki_v2_claim_written",
    "data": {
      "claim_id": "7dda817b-a1ca-4169-a383-a8daf3ab9ad6",
      "blob_path": "memory/vault/claims/7dda817b-a1ca-4169-a383-a8daf3ab9ad6.md",
      "entity_id": "6964f8db2e63bedfcaa2bd45",
      "claim_type": "status"
    }
  },
  {
    "ts": "2026-04-28T15:12:59.919055+00:00",
    "source": "trello",
    "action": "wiki_v2_event_processed",
    "data": {
      "event_key": "trello:6964f8f92745127c0706890c",
      "claims_written": 1,
      "claims_superseded": 0,
      "decision_keys_persisted": 0,
      "linkage_keys_persisted": 0
    }
  },
  {
    "ts": "2026-04-28T15:12:59.990894+00:00",
    "source": "trello",
    "action": "event_processed",
    "data": {
      "event_key": "trello:6964f8f92745127c0706890c",
      "content_key": "trello:6964f8db2e63bedfcaa2bd45:4e2aa18a741f7a5196194a1f33868c9812c0c4d68cbabab661c3aebdf43d46c1"
    }
  },
  {
    "ts": "2026-04-28T15:13:00.500532+00:00",
    "source": "trello",
    "action": "wiki_v2_claim_written",
    "data": {
      "claim_id": "30c43447-5804-441d-ae2c-d485555ae137",
      "blob_path": "memory/vault/claims/30c43447-5804-441d-ae2c-d485555ae137.md",
      "entity_id": "6964f8db2e63bedfcaa2bd45",
      "claim_type": "status"
    }
  },
  {
    "ts": "2026-04-28T15:13:00.534889+00:00",
    "source": "trello",
    "action": "wiki_v2_event_processed",
    "data": {
      "event_key": "trello:6964f8f8e7a06a244098472a",
      "claims_written": 1,
      "claims_superseded": 0,
      "decision_keys_persisted": 0,
      "linkage_keys_persisted": 0
    }
  },
  {
    "ts": "2026-04-28T15:13:00.626896+00:00",
    "source": "trello",
    "action": "event_processed",
    "data": {
      "event_key": "trello:6964f8f8e7a06a244098472a",
      "content_key": "trello:6964f8db2e63bedfcaa2bd45:768259c5034f9e0efef9a71aee3098bb17403e548457376643a6b713b6e39760"
    }
  },
  {
    "ts": "2026-04-28T15:13:01.148724+00:00",
    "source": "trello",
    "action": "wiki_v2_claim_written",
    "data": {
      "claim_id": "60e7f12a-4cc6-461b-9426-1dfdccd5c91f",
      "blob_path": "memory/vault/claims/60e7f12a-4cc6-461b-9426-1dfdccd5c91f.md",
      "entity_id": "6964f8db2e63bedfcaa2bd45",
      "claim_type": "status"
    }
  },
  {
    "ts": "2026-04-28T15:13:01.181765+00:00",
    "source": "trello",
    "action": "wiki_v2_event_processed",
    "data": {
      "event_key": "trello:6964f8db2e63bedfcaa2bd60",
      "claims_written": 1,
      "claims_superseded": 0,
      "decision_keys_persisted": 0,
      "linkage_keys_persisted": 0
    }
  },
  {
    "ts": "2026-04-28T15:13:01.252520+00:00",
    "source": "trello",
    "action": "event_processed",
    "data": {
      "event_key": "trello:6964f8db2e63bedfcaa2bd60",
      "content_key": "trello:6964f8db2e63bedfcaa2bd45:6d1164fab6743cebe9644adf0859782669e96907845e4ce4afda8bd47cf0aa1e"
    }
  },
  {
    "ts": "2026-04-28T15:13:01.785170+00:00",
    "source": "trello",
    "action": "wiki_v2_claim_written",
    "data": {
      "claim_id": "3f79847f-bece-4383-992a-109358015d77",
      "blob_path": "memory/vault/claims/3f79847f-bece-4383-992a-109358015d77.md",
      "entity_id": "69bab0b9927fe291e87b5bea",
      "claim_type": "status"
    }
  },
  {
    "ts": "2026-04-28T15:13:01.823530+00:00",
    "source": "trello",
    "action": "wiki_v2_event_processed",
    "data": {
      "event_key": "trello:69bd9b7502eb64da4b33810c",
      "claims_written": 1,
      "claims_superseded": 0,
      "decision_keys_persisted": 0,
      "linkage_keys_persisted": 0
    }
  },
  {
    "ts": "2026-04-28T15:13:01.923061+00:00",
    "source": "trello",
    "action": "event_processed",
    "data": {
      "event_key": "trello:69bd9b7502eb64da4b33810c",
      "content_key": "trello:69bab0b9927fe291e87b5bea:9568f1f00b70f54bf2d6e7fe1cbbaf9d3780a50ecff163109cddfb5acdddac0d"
    }
  },
  {
    "ts": "2026-04-28T15:13:02.447752+00:00",
    "source": "trello",
    "action": "wiki_v2_claim_written",
    "data": {
      "claim_id": "c77e0542-2240-4be2-b27b-a281636dc7c9",
      "blob_path": "memory/vault/claims/c77e0542-2240-4be2-b27b-a281636dc7c9.md",
      "entity_id": "69bab0b9927fe291e87b5bea",
      "claim_type": "status"
    }
  },
  {
    "ts": "2026-04-28T15:13:02.488580+00:00",
    "source": "trello",
    "action": "wiki_v2_event_processed",
    "data": {
      "event_key": "trello:69bab0b9927fe291e87b5c63",
      "claims_written": 1,
      "claims_superseded": 0,
      "decision_keys_persisted": 0,
      "linkage_keys_persisted": 0
    }
  },
  {
    "ts": "2026-04-28T15:13:02.578951+00:00",
    "source": "trello",
    "action": "event_processed",
    "data": {
      "event_key": "trello:69bab0b9927fe291e87b5c63",
      "content_key": "trello:69bab0b9927fe291e87b5bea:2c89f751857c8e726f2ab47c40a57f17ead1bf9c3cd969fdd20e4a217eb36469"
    }
  },
  {
    "ts": "2026-04-28T15:13:03.090708+00:00",
    "source": "trello",
    "action": "wiki_v2_claim_written",
    "data": {
      "claim_id": "9d40efff-c8fe-4746-a048-9d531437b5b1",
      "blob_path": "memory/vault/claims/9d40efff-c8fe-4746-a048-9d531437b5b1.md",
      "entity_id": "69bab0b9927fe291e87b5bea",
      "claim_type": "status"
    }
  },
  {
    "ts": "2026-04-28T15:13:03.120949+00:00",
    "source": "trello",
    "action": "wiki_v2_event_processed",
    "data": {
      "event_key": "trello:69bab0b9927fe291e87b5c51",
      "claims_written": 1,
      "claims_superseded": 0,
      "decision_keys_persisted": 0,
      "linkage_keys_persisted": 0
    }
  },
  {
    "ts": "2026-04-28T15:13:03.196434+00:00",
    "source": "trello",
    "action": "event_processed",
    "data": {
      "event_key": "trello:69bab0b9927fe291e87b5c51",
      "content_key": "trello:69bab0b9927fe291e87b5bea:b8c387f59bbf958d839c26e16f15976754b17d02893a19d8d10e9c9c73d9cc03"
    }
  },
  {
    "ts": "2026-04-28T15:13:03.729888+00:00",
    "source": "trello",
    "action": "wiki_v2_claim_written",
    "data": {
      "claim_id": "9ed26341-fc0f-4481-a32e-b13e05d7af11",
      "blob_path": "memory/vault/claims/9ed26341-fc0f-4481-a32e-b13e05d7af11.md",
      "entity_id": "69b9c8508816ce9ed66f4120",
      "claim_type": "status"
    }
  },
  {
    "ts": "2026-04-28T15:13:03.776577+00:00",
    "source": "trello",
    "action": "wiki_v2_event_processed",
    "data": {
      "event_key": "trello:69b9c8508816ce9ed66f4171",
      "claims_written": 1,
      "claims_superseded": 0,
      "decision_keys_persisted": 0,
      "linkage_keys_persisted": 0
    }
  },
  {
    "ts": "2026-04-28T15:13:03.860409+00:00",
    "source": "trello",
    "action": "event_processed",
    "data": {
      "event_key": "trello:69b9c8508816ce9ed66f4171",
      "content_key": "trello:69b9c8508816ce9ed66f4120:bcd1463680c3678cfafcd6d9f863a3c5164a4f4468dcc454e3c21c10cdb6ca32"
    }
  },
  {
    "ts": "2026-04-28T15:13:04.410243+00:00",
    "source": "trello",
    "action": "wiki_v2_claim_written",
    "data": {
      "claim_id": "9e8dc4f1-12a6-466f-b0ea-6a9b49e46241",
      "blob_path": "memory/vault/claims/9e8dc4f1-12a6-466f-b0ea-6a9b49e46241.md",
      "entity_id": "69b9c8508816ce9ed66f4120",
      "claim_type": "status"
    }
  },
  {
    "ts": "2026-04-28T15:13:04.450782+00:00",
    "source": "trello",
    "action": "wiki_v2_event_processed",
    "data": {
      "event_key": "trello:69b9c8508816ce9ed66f4160",
      "claims_written": 1,
      "claims_superseded": 0,
      "decision_keys_persisted": 0,
      "linkage_keys_persisted": 0
    }
  },
  {
    "ts": "2026-04-28T15:13:04.524543+00:00",
    "source": "trello",
    "action": "event_processed",
    "data": {
      "event_key": "trello:69b9c8508816ce9ed66f4160",
      "content_key": "trello:69b9c8508816ce9ed66f4120:cb97f3fcebbada3c961f021ee45ff2b950282f8cf3e0f82ee66fa5d5f54aa5d4"
    }
  },
  {
    "ts": "2026-04-28T15:13:05.072238+00:00",
    "source": "trello",
    "action": "wiki_v2_claim_written",
    "data": {
      "claim_id": "2137da33-1d71-4a98-97df-f6cd6d5e5d83",
      "blob_path": "memory/vault/claims/2137da33-1d71-4a98-97df-f6cd6d5e5d83.md",
      "entity_id": "69b999b87445171acd0721c3",
      "claim_type": "status"
    }
  },
  {
    "ts": "2026-04-28T15:13:05.111671+00:00",
    "source": "trello",
    "action": "wiki_v2_event_processed",
    "data": {
      "event_key": "trello:69b99d0766d8eb0e488774e6",
      "claims_written": 1,
      "claims_superseded": 0,
      "decision_keys_persisted": 0,
      "linkage_keys_persisted": 0
    }
  },
  {
    "ts": "2026-04-28T15:13:05.192426+00:00",
    "source": "trello",
    "action": "event_processed",
    "data": {
      "event_key": "trello:69b99d0766d8eb0e488774e6",
      "content_key": "trello:69b999b87445171acd0721c3:e95e93f861729325957cd0b249bf1aadee07868766abbf1388812682e0d3852e"
    }
  },
  {
    "ts": "2026-04-28T15:13:05.714390+00:00",
    "source": "trello",
    "action": "wiki_v2_claim_written",
    "data": {
      "claim_id": "df69c179-055c-43d7-ac44-9da81fa6b38a",
      "blob_path": "memory/vault/claims/df69c179-055c-43d7-ac44-9da81fa6b38a.md",
      "entity_id": "69b999b87445171acd0721c3",
      "claim_type": "status"
    }
  },
  {
    "ts": "2026-04-28T15:13:05.748795+00:00",
    "source": "trello",
    "action": "wiki_v2_event_processed",
    "data": {
      "event_key": "trello:69b999d8c0104c59ab7aa9d9",
      "claims_written": 1,
      "claims_superseded": 0,
      "decision_keys_persisted": 0,
      "linkage_keys_persisted": 0
    }
  },
  {
    "ts": "2026-04-28T15:13:05.841876+00:00",
    "source": "trello",
    "action": "event_processed",
    "data": {
      "event_key": "trello:69b999d8c0104c59ab7aa9d9",
      "content_key": "trello:69b999b87445171acd0721c3:0c1d9b77a0ae90558f87b9d85d3d0b187360014dd468eb80953c5ef556f62b9f"
    }
  },
  {
    "ts": "2026-04-28T15:13:06.425533+00:00",
    "source": "trello",
    "action": "wiki_v2_claim_written",
    "data": {
      "claim_id": "1e7303a0-abbc-4de3-82e7-8a40fa5371cf",
      "blob_path": "memory/vault/claims/1e7303a0-abbc-4de3-82e7-8a40fa5371cf.md",
      "entity_id": "69b999b87445171acd0721c3",
      "claim_type": "status"
    }
  },
  {
    "ts": "2026-04-28T15:13:06.475684+00:00",
    "source": "trello",
    "action": "wiki_v2_event_processed",
    "data": {
      "event_key": "trello:69b999b87445171acd0721f6",
      "claims_written": 1,
      "claims_superseded": 0,
      "decision_keys_persisted": 0,
      "linkage_keys_persisted": 0
    }
  },
  {
    "ts": "2026-04-28T15:13:06.572856+00:00",
    "source": "trello",
    "action": "event_processed",
    "data": {
      "event_key": "trello:69b999b87445171acd0721f6",
      "content_key": "trello:69b999b87445171acd0721c3:e90f9294831d96e8d4f45348e97a699608293de6639ffb3e3410f45c5d4fcfb9"
    }
  },
  {
    "ts": "2026-04-28T15:13:07.109846+00:00",
    "source": "trello",
    "action": "wiki_v2_claim_written",
    "data": {
      "claim_id": "c0b10f98-e6b4-48b2-a37f-1aaf1eb4ef9d",
      "blob_path": "memory/vault/claims/c0b10f98-e6b4-48b2-a37f-1aaf1eb4ef9d.md",
      "entity_id": "69a088cf9ce423fbec47d576",
      "claim_type": "status"
    }
  },
  {
    "ts": "2026-04-28T15:13:07.151348+00:00",
    "source": "trello",
    "action": "wiki_v2_event_processed",
    "data": {
      "event_key": "trello:69a088cf9ce423fbec47d5b3",
      "claims_written": 1,
      "claims_superseded": 0,
      "decision_keys_persisted": 0,
      "linkage_keys_persisted": 0
    }
  },
  {
    "ts": "2026-04-28T15:13:07.216715+00:00",
    "source": "trello",
    "action": "event_processed",
    "data": {
      "event_key": "trello:69a088cf9ce423fbec47d5b3",
      "content_key": "trello:69a088cf9ce423fbec47d576:dee757b93faeae9e7f274cf8f8679cc111aa11552ddbe097dda3e5b010ac53b4"
    }
  },
  {
    "ts": "2026-04-28T15:13:07.695681+00:00",
    "source": "trello",
    "action": "wiki_v2_claim_written",
    "data": {
      "claim_id": "a729810a-fb61-4b6c-ae04-c0b561e10ee2",
      "blob_path": "memory/vault/claims/a729810a-fb61-4b6c-ae04-c0b561e10ee2.md",
      "entity_id": "69a088ca66c3dde16ee47921",
      "claim_type": "status"
    }
  },
  {
    "ts": "2026-04-28T15:13:07.729156+00:00",
    "source": "trello",
    "action": "wiki_v2_event_processed",
    "data": {
      "event_key": "trello:69a088ca66c3dde16ee479a4",
      "claims_written": 1,
      "claims_superseded": 0,
      "decision_keys_persisted": 0,
      "linkage_keys_persisted": 0
    }
  },
  {
    "ts": "2026-04-28T15:13:07.812383+00:00",
    "source": "trello",
    "action": "event_processed",
    "data": {
      "event_key": "trello:69a088ca66c3dde16ee479a4",
      "content_key": "trello:69a088ca66c3dde16ee47921:3bade8a9a481ad8f21281c52e468986a1d28266e818eaa7e0ae70f049c62d287"
    }
  },
  {
    "ts": "2026-04-28T15:13:08.300901+00:00",
    "source": "trello",
    "action": "wiki_v2_claim_written",
    "data": {
      "claim_id": "e585db7b-0d86-4c66-8d61-19cc2fab2339",
      "blob_path": "memory/vault/claims/e585db7b-0d86-4c66-8d61-19cc2fab2339.md",
      "entity_id": "69a088bb227a45001b8f39c6",
      "claim_type": "status"
    }
  },
  {
    "ts": "2026-04-28T15:13:08.335088+00:00",
    "source": "trello",
    "action": "wiki_v2_event_processed",
    "data": {
      "event_key": "trello:69a088bb227a45001b8f3a17",
      "claims_written": 1,
      "claims_superseded": 0,
      "decision_keys_persisted": 0,
      "linkage_keys_persisted": 0
    }
  },
  {
    "ts": "2026-04-28T15:13:08.409094+00:00",
    "source": "trello",
    "action": "event_processed",
    "data": {
      "event_key": "trello:69a088bb227a45001b8f3a17",
      "content_key": "trello:69a088bb227a45001b8f39c6:551cb24e1ebe99365afd798d24ba0132e0dfecdf933d7316a8febd1fdba1800d"
    }
  },
  {
    "ts": "2026-04-28T15:13:08.425978+00:00",
    "source": "trello",
    "action": "run_finished",
    "data": {
      "events_processed": 392,
      "events_skipped": 0
    }
  },
  {
    "ts": "2026-05-20T09:04:38.087877+00:00",
    "source": "trello",
    "action": "run_started",
    "data": {
      "last_seen_at": "2026-04-28T14:22:43.001000+00:00",
      "wiki_v2_active": true
    }
  },
  {
    "ts": "2026-05-20T09:04:40.930645+00:00",
    "source": "trello",
    "action": "wiki_v2_claim_written",
    "data": {
      "claim_id": "f073b6db-a858-4832-b3e0-199375474793",
      "blob_path": "memory/vault/claims/f073b6db-a858-4832-b3e0-199375474793.md",
      "entity_id": "6697cdb1b388dea00a594cec",
      "claim_type": "status"
    }
  },
  {
    "ts": "2026-05-20T09:04:40.964863+00:00",
    "source": "trello",
    "action": "wiki_v2_event_processed",
    "data": {
      "event_key": "trello:6a03516f5217fb6d4195db70",
      "claims_written": 1,
      "claims_superseded": 0,
      "decision_keys_persisted": 0,
      "linkage_keys_persisted": 0
    }
  },
  {
    "ts": "2026-05-20T09:04:41.080930+00:00",
    "source": "trello",
    "action": "event_processed",
    "data": {
      "event_key": "trello:6a03516f5217fb6d4195db70",
      "content_key": "trello:6697cdb1b388dea00a594cec:d89a0e8c7ecbec887162ab09c9b1302ce618ffc33b0e124a5849ceef2bdd5a6a"
    }
  },
  {
    "ts": "2026-05-20T09:04:41.598107+00:00",
    "source": "trello",
    "action": "wiki_v2_claim_written",
    "data": {
      "claim_id": "160c9a27-0473-4671-8db6-cd10de38196c",
      "blob_path": "memory/vault/claims/160c9a27-0473-4671-8db6-cd10de38196c.md",
      "entity_id": "6697cdb1b388dea00a594cec",
      "claim_type": "status"
    }
  },
  {
    "ts": "2026-05-20T09:04:41.638502+00:00",
    "source": "trello",
    "action": "wiki_v2_event_processed",
    "data": {
      "event_key": "trello:6a0342f4285f1c7c434d0081",
      "claims_written": 1,
      "claims_superseded": 0,
      "decision_keys_persisted": 0,
      "linkage_keys_persisted": 0
    }
  },
  {
    "ts": "2026-05-20T09:04:41.710042+00:00",
    "source": "trello",
    "action": "event_processed",
    "data": {
      "event_key": "trello:6a0342f4285f1c7c434d0081",
      "content_key": "trello:6697cdb1b388dea00a594cec:6b83b004bfbfb226391eadd71fe9af6cfaab64c13a62ecbfdee4e6828d05e57e"
    }
  },
  {
    "ts": "2026-05-20T09:04:42.211180+00:00",
    "source": "trello",
    "action": "wiki_v2_claim_written",
    "data": {
      "claim_id": "92c76d4f-9fdb-463a-b073-9ad92310a0b8",
      "blob_path": "memory/vault/claims/92c76d4f-9fdb-463a-b073-9ad92310a0b8.md",
      "entity_id": "6697cdb1b388dea00a594cec",
      "claim_type": "status"
    }
  },
  {
    "ts": "2026-05-20T09:04:42.251044+00:00",
    "source": "trello",
    "action": "wiki_v2_event_processed",
    "data": {
      "event_key": "trello:6a0342f237cc67cb9ce85eb0",
      "claims_written": 1,
      "claims_superseded": 0,
      "decision_keys_persisted": 0,
      "linkage_keys_persisted": 0
    }
  },
  {
    "ts": "2026-05-20T09:04:42.339303+00:00",
    "source": "trello",
    "action": "event_processed",
    "data": {
      "event_key": "trello:6a0342f237cc67cb9ce85eb0",
      "content_key": "trello:6697cdb1b388dea00a594cec:e44871803a44076923de8e5e2da0d406d0e1f225d0ad262c7ab59adcfd064172"
    }
  },
  {
    "ts": "2026-05-20T09:04:42.882502+00:00",
    "source": "trello",
    "action": "wiki_v2_claim_written",
    "data": {
      "claim_id": "9bc67deb-7a15-470d-b697-33d1630652b5",
      "blob_path": "memory/vault/claims/9bc67deb-7a15-470d-b697-33d1630652b5.md",
      "entity_id": "6697cdb1b388dea00a594cec",
      "claim_type": "status"
    }
  },
  {
    "ts": "2026-05-20T09:04:42.933241+00:00",
    "source": "trello",
    "action": "wiki_v2_event_processed",
    "data": {
      "event_key": "trello:6a034063cfc692230c86a44d",
      "claims_written": 1,
      "claims_superseded": 0,
      "decision_keys_persisted": 0,
      "linkage_keys_persisted": 0
    }
  },
  {
    "ts": "2026-05-20T09:04:43.040927+00:00",
    "source": "trello",
    "action": "event_processed",
    "data": {
      "event_key": "trello:6a034063cfc692230c86a44d",
      "content_key": "trello:6697cdb1b388dea00a594cec:785ecf26ac45a5ad6caefca5a8b7d7a9b04d2a3bc144a63b47a6896bc93eddae"
    }
  },
  {
    "ts": "2026-05-20T09:04:43.592119+00:00",
    "source": "trello",
    "action": "wiki_v2_claim_written",
    "data": {
      "claim_id": "198dd9e8-ce95-47e7-89c8-fb36b4c76033",
      "blob_path": "memory/vault/claims/198dd9e8-ce95-47e7-89c8-fb36b4c76033.md",
      "entity_id": "6697cdb1b388dea00a594cec",
      "claim_type": "status"
    }
  },
  {
    "ts": "2026-05-20T09:04:43.640914+00:00",
    "source": "trello",
    "action": "wiki_v2_event_processed",
    "data": {
      "event_key": "trello:6a0340581d6fc0f581cb846b",
      "claims_written": 1,
      "claims_superseded": 0,
      "decision_keys_persisted": 0,
      "linkage_keys_persisted": 0
    }
  },
  {
    "ts": "2026-05-20T09:04:43.717482+00:00",
    "source": "trello",
    "action": "event_processed",
    "data": {
      "event_key": "trello:6a0340581d6fc0f581cb846b",
      "content_key": "trello:6697cdb1b388dea00a594cec:59ee61c544729f0b0408013582a7570a94c14bf1514f44ba65f3091f1127a642"
    }
  },
  {
    "ts": "2026-05-20T09:05:14.275426+00:00",
    "source": "trello",
    "action": "wiki_v2_claim_written",
    "data": {
      "claim_id": "3ad79ebc-4164-45ea-b3bb-2d457313f724",
      "blob_path": "memory/vault/claims/3ad79ebc-4164-45ea-b3bb-2d457313f724.md",
      "entity_id": "696680fe1d6cb6b7de705058",
      "claim_type": "status"
    }
  },
  {
    "ts": "2026-05-20T09:05:14.317221+00:00",
    "source": "trello",
    "action": "wiki_v2_event_processed",
    "data": {
      "event_key": "trello:69f20213041541cde9199bbe",
      "claims_written": 1,
      "claims_superseded": 1,
      "decision_keys_persisted": 0,
      "linkage_keys_persisted": 0
    }
  },
  {
    "ts": "2026-05-20T09:05:14.406589+00:00",
    "source": "trello",
    "action": "event_processed",
    "data": {
      "event_key": "trello:69f20213041541cde9199bbe",
      "content_key": "trello:696680fe1d6cb6b7de705058:14945a113420d7b8773c9583608a9153aa17389fa69b748c33d5f15b948e4b11"
    }
  },
  {
    "ts": "2026-05-20T09:05:14.952977+00:00",
    "source": "trello",
    "action": "wiki_v2_claim_written",
    "data": {
      "claim_id": "f75da19f-e862-46e1-9167-767bb9f2d888",
      "blob_path": "memory/vault/claims/f75da19f-e862-46e1-9167-767bb9f2d888.md",
      "entity_id": "69f1f592fcdcce8457f3abdc",
      "claim_type": "status"
    }
  },
  {
    "ts": "2026-05-20T09:05:15.000993+00:00",
    "source": "trello",
    "action": "wiki_v2_event_processed",
    "data": {
      "event_key": "trello:69f1f5b2ee8b0923a36288be",
      "claims_written": 1,
      "claims_superseded": 0,
      "decision_keys_persisted": 0,
      "linkage_keys_persisted": 0
    }
  },
  {
    "ts": "2026-05-20T09:05:15.081170+00:00",
    "source": "trello",
    "action": "event_processed",
    "data": {
      "event_key": "trello:69f1f5b2ee8b0923a36288be",
      "content_key": "trello:69f1f592fcdcce8457f3abdc:80bf5bb25f85f72ef61bcff79167a2763066020e21651e74fb08a56c0d109b9b"
    }
  },
  {
    "ts": "2026-05-20T09:05:15.620234+00:00",
    "source": "trello",
    "action": "wiki_v2_claim_written",
    "data": {
      "claim_id": "4a0a3747-e5a0-492c-9d91-97aa34568bea",
      "blob_path": "memory/vault/claims/4a0a3747-e5a0-492c-9d91-97aa34568bea.md",
      "entity_id": "69f1f592fcdcce8457f3abdc",
      "claim_type": "status"
    }
  },
  {
    "ts": "2026-05-20T09:05:15.663683+00:00",
    "source": "trello",
    "action": "wiki_v2_event_processed",
    "data": {
      "event_key": "trello:69f1f5b2ee8b0923a36288aa",
      "claims_written": 1,
      "claims_superseded": 0,
      "decision_keys_persisted": 0,
      "linkage_keys_persisted": 0
    }
  },
  {
    "ts": "2026-05-20T09:05:15.735302+00:00",
    "source": "trello",
    "action": "event_processed",
    "data": {
      "event_key": "trello:69f1f5b2ee8b0923a36288aa",
      "content_key": "trello:69f1f592fcdcce8457f3abdc:0ce7d750883bc70dd32dbcb3c0d8ac09d769ac29bcde1f60748f13c126bf3a5c"
    }
  },
  {
    "ts": "2026-05-20T09:05:15.755099+00:00",
    "source": "trello",
    "action": "run_finished",
    "data": {
      "events_processed": 8,
      "events_skipped": 0
    }
  }
]